customer_id,longitude,latitude,store1_valuation,store2_valuation,store3_valuation,store4_valuation,store5_valuation,store6_valuation,store7_valuation,store8_valuation,store9_valuation,store10_valuation,store11_valuation,store12_valuation,store13_valuation,store14_valuation,store15_valuation,store16_valuation,store17_valuation,store18_valuation,store19_valuation,store20_valuation,store21_valuation,store22_valuation,store23_valuation,store24_valuation,store25_valuation,store26_valuation,store27_valuation,store28_valuation,store29_valuation,store30_valuation,store31_valuation,store32_valuation,store33_valuation,store34_valuation,store35_valuation,store36_valuation,store37_valuation,store38_valuation,store39_valuation,store40_valuation,store41_valuation,store42_valuation,store43_valuation,store44_valuation,store45_valuation,store46_valuation,store47_valuation,store48_valuation,store49_valuation,store50_valuation,store51_valuation,store52_valuation,store53_valuation,store54_valuation,store55_valuation,store56_valuation,store57_valuation,store58_valuation,store59_valuation,store60_valuation,store61_valuation,store62_valuation,store63_valuation,store64_valuation,store65_valuation,store66_valuation,store67_valuation,store68_valuation,store69_valuation,store70_valuation,store71_valuation,store72_valuation,store73_valuation,store74_valuation,store75_valuation,store76_valuation,store77_valuation,store78_valuation,store79_valuation,store80_valuation,store81_valuation,store82_valuation,store83_valuation,store84_valuation,store85_valuation,store86_valuation,store87_valuation,store88_valuation,store89_valuation,store90_valuation,store91_valuation,store92_valuation,store93_valuation,store94_valuation,store95_valuation,store96_valuation,store97_valuation,store98_valuation,store99_valuation,store100_valuation
1,31.0801,30.0274,3,4,4,5,1,2,2,3,4,1,1,2,3,4,4,3,4,1,3,4,1,2,2,1,4,5,4,1,1,1,2,4,5,4,1,5,1,1,5,3,2,4,5,5,1,3,2,2,2,3,3,4,4,5,2,3,4,5,3,2,5,4,5,4,4,1,3,1,2,2,4,3,1,4,3,3,1,5,1,2,5,2,3,5,3,5,2,5,2,4,1,3,2,2,3,1,5,4,3,1
2,31.1349,30.1984,3,1,5,2,5,2,3,3,5,4,2,5,5,4,3,4,4,5,5,2,4,3,4,2,5,2,3,1,1,4,5,5,4,5,4,2,3,1,5,3,2,1,1,2,5,4,5,3,3,1,4,1,2,1,2,1,2,4,2,5,2,2,5,5,2,1,1,3,4,2,2,1,1,5,3,5,2,2,4,5,1,5,1,4,1,2,3,1,4,3,2,5,5,1,3,5,1,5,2,3
3,31.326,29.9396,2,4,3,3,2,4,1,2,2,4,5,3,2,1,3,3,2,4,5,4,2,2,4,5,1,5,2,3,2,3,3,1,3,1,3,3,5,3,2,5,3,2,4,5,3,1,3,3,3,2,1,3,1,2,3,5,3,3,2,4,3,4,5,1,5,2,3,4,3,3,2,2,2,4,4,2,1,1,5,5,3,1,2,1,3,2,5,5,2,1,1,5,3,4,1,1,4,4,3,4
4,31.0014,30.0175,2,4,3,5,5,3,2,5,3,5,4,3,2,2,5,2,3,1,4,4,4,1,1,1,2,1,2,2,2,4,5,1,3,4,2,4,3,4,5,2,3,5,4,3,5,2,3,5,3,5,1,4,3,1,1,1,5,4,3,5,1,3,2,2,5,5,3,5,3,2,1,5,1,2,1,2,2,1,5,1,2,4,2,4,4,1,1,2,5,1,4,4,4,4,3,1,1,4,3,1
5,31.445,30.1266,3,1,4,5,1,4,1,2,5,3,4,5,2,1,4,3,1,3,5,2,5,2,4,2,5,4,5,1,4,3,4,2,2,3,5,5,4,1,1,2,2,4,3,5,3,1,4,5,2,5,3,4,3,5,4,3,3,3,1,3,3,1,3,2,1,5,1,2,4,2,2,2,3,1,1,5,2,1,3,4,5,1,2,2,1,3,4,5,5,3,3,3,2,4,4,3,3,2,5,2
6,31.3661,29.91,5,5,1,1,3,5,5,4,3,2,1,4,4,1,5,4,5,4,1,3,2,3,3,5,1,5,4,5,3,1,1,1,2,2,1,5,4,5,4,1,1,5,3,5,3,5,2,5,4,4,4,2,1,5,1,1,4,1,1,2,5,1,2,1,2,5,1,4,5,3,4,4,4,2,3,5,3,1,3,3,3,3,4,4,2,2,1,4,5,3,3,4,5,1,3,4,4,4,1,3
7,31.4568,29.9486,3,5,1,4,2,3,1,1,1,3,4,5,3,1,3,3,3,3,3,2,4,5,2,5,1,1,2,3,2,2,1,5,3,1,2,2,3,1,4,1,1,4,4,2,5,1,1,1,1,4,1,5,3,5,2,1,4,1,1,1,3,1,1,4,2,4,5,3,1,1,3,3,4,1,3,2,2,5,5,3,2,5,1,4,3,2,1,3,2,1,4,5,2,2,1,5,2,2,3,3
8,31.4317,29.9099,3,5,5,1,2,5,2,3,1,5,3,4,4,2,3,3,1,2,5,2,3,4,2,1,4,5,5,2,3,3,4,1,4,2,1,1,4,5,5,1,1,3,2,2,1,2,1,4,3,1,3,2,4,3,2,5,4,3,4,2,2,3,2,3,1,2,5,4,4,4,4,4,1,4,1,2,4,2,1,2,5,5,3,2,3,2,1,3,5,1,1,3,1,4,5,3,5,5,1,2
9,31.3223,30.1334,4,5,3,1,4,3,5,1,5,5,1,2,3,4,3,1,3,4,1,2,4,2,2,4,2,5,2,4,1,2,1,1,5,5,1,4,4,1,5,1,5,5,3,1,5,4,5,4,2,5,4,1,3,5,5,1,3,3,4,2,5,4,5,3,1,1,3,2,1,1,5,4,4,3,5,1,5,5,3,1,1,3,3,1,3,5,2,1,1,2,2,4,5,1,5,3,3,1,3,5
10,31.1781,30.1689,3,5,3,2,2,2,2,4,2,5,1,1,2,2,3,1,2,5,4,1,5,3,2,2,2,4,5,3,1,4,2,2,1,5,4,4,4,2,1,1,4,3,2,3,5,2,1,4,1,1,4,4,5,2,5,2,5,3,1,2,3,5,4,4,5,3,2,3,5,1,5,4,4,5,5,4,3,3,1,3,1,1,3,2,3,5,5,5,5,3,3,2,4,4,2,4,2,2,2,4
11,31.2373,29.9216,2,5,2,5,5,4,3,1,2,3,1,4,3,4,4,4,2,4,5,5,4,1,1,3,1,4,5,3,3,3,1,1,1,5,5,3,1,3,5,5,1,5,1,1,3,3,3,3,3,4,1,3,2,2,3,2,3,1,3,2,1,5,5,3,3,4,2,4,5,3,5,2,2,2,1,1,2,5,4,4,3,4,5,4,1,4,5,5,4,3,3,3,5,2,1,2,1,4,2,3
12,31.3571,30.004,5,4,4,2,1,3,4,4,5,3,4,1,1,1,5,2,3,1,4,3,5,4,3,4,2,2,1,3,4,4,5,1,2,2,1,5,1,1,1,4,2,3,2,5,5,2,5,4,4,2,5,1,1,2,2,4,5,5,4,3,5,1,3,3,1,5,2,4,5,1,1,1,5,1,2,5,3,4,2,1,2,1,2,4,4,4,3,4,3,2,2,4,4,1,1,4,4,3,5,5
13,31.2371,30.0079,5,2,1,1,4,3,2,5,3,1,3,1,4,5,5,3,5,2,4,2,5,2,2,4,5,5,3,2,5,4,3,3,1,4,5,3,2,5,4,1,3,5,5,4,3,2,4,5,5,5,5,3,2,3,4,1,3,2,1,2,1,5,3,5,3,1,2,3,5,3,2,2,3,5,5,5,1,3,2,1,5,2,3,2,2,5,3,2,4,1,2,5,2,1,3,1,4,2,4,4
14,31.3097,30.1345,1,1,3,4,4,2,3,3,2,2,3,4,5,4,3,5,1,4,1,5,3,4,2,1,5,3,2,4,3,4,1,2,5,2,2,5,1,3,1,3,2,1,1,3,4,1,5,3,2,4,3,4,1,3,2,3,4,3,4,5,3,4,1,3,3,2,5,2,5,1,2,3,2,1,4,1,3,2,1,5,2,2,5,2,5,5,5,1,3,2,4,5,3,4,3,1,5,4,2,4
15,31.3095,30.0657,1,1,4,3,4,3,1,1,3,5,5,2,3,1,1,3,1,5,1,2,5,2,5,2,1,4,3,2,5,4,4,2,2,1,4,5,3,5,4,4,2,2,4,2,2,3,5,5,3,5,5,2,1,4,3,3,3,3,1,2,3,3,2,5,1,1,4,1,3,4,3,4,1,4,4,1,5,4,2,5,2,5,5,4,1,3,5,4,3,3,5,3,4,5,5,5,4,2,1,5
16,31.3995,30.1574,4,1,4,5,5,2,3,4,4,3,4,1,4,1,2,4,2,4,1,2,2,4,5,2,1,3,3,2,5,3,4,4,1,3,1,1,5,1,2,4,4,5,1,3,2,3,1,3,1,1,2,2,3,5,1,3,1,5,5,5,1,2,5,2,4,4,2,4,5,2,3,4,5,5,1,2,3,3,2,4,2,5,2,4,4,5,5,3,3,1,1,1,3,4,2,4,4,4,3,3
17,31.1039,29.913,4,1,2,5,1,1,3,2,2,2,1,4,2,4,2,5,3,4,4,2,3,5,2,5,5,5,5,2,5,2,5,1,5,4,5,4,4,1,2,1,4,1,2,5,5,1,1,2,4,4,1,4,2,4,2,1,1,5,3,5,1,5,4,4,5,1,2,3,2,4,3,5,2,5,5,5,3,4,2,4,1,4,5,5,2,4,3,3,4,5,5,1,1,3,3,3,4,5,5,4
18,31.2769,30.1637,3,1,3,1,3,3,5,4,3,1,2,2,5,1,3,3,4,3,3,4,5,4,2,2,4,4,2,5,1,4,3,3,2,2,5,1,1,1,1,1,2,4,1,5,2,3,5,4,3,3,3,3,3,1,2,4,5,2,4,1,4,4,1,3,2,5,4,2,5,3,4,5,1,3,5,1,5,3,5,5,2,1,4,4,3,2,3,4,3,3,1,4,4,4,4,2,1,3,1,2
19,31.3948,29.9469,4,5,4,5,4,4,3,4,3,3,5,1,5,5,4,4,3,2,4,5,4,4,2,1,2,1,2,5,2,2,2,5,3,5,2,4,3,3,4,4,4,2,1,2,5,5,1,2,3,5,3,1,2,1,5,1,4,5,4,3,2,3,5,2,1,5,1,1,1,5,2,3,5,1,5,4,2,5,2,4,5,4,4,1,2,5,1,1,1,1,2,2,2,2,2,3,5,2,1,3
20,31.4075,30.0088,5,1,2,3,5,3,2,4,5,2,2,4,1,5,1,2,3,2,3,3,1,3,4,3,1,4,4,1,4,4,5,2,1,2,2,3,2,2,4,3,2,4,4,1,2,5,2,1,4,2,1,5,4,3,3,5,1,4,3,2,2,4,2,5,4,1,5,5,1,3,5,2,4,1,2,1,3,3,1,1,4,5,5,5,1,3,5,2,2,5,1,2,4,1,3,4,2,3,1,4
21,31.5967,29.9017,3,3,1,5,1,2,5,5,1,5,5,4,1,1,3,5,3,5,1,4,1,4,5,1,5,5,1,2,5,5,4,1,4,3,4,4,3,4,1,3,1,1,5,1,5,2,5,4,4,3,2,2,2,4,2,2,2,3,5,3,4,4,4,3,4,4,2,2,1,2,4,4,3,5,5,5,4,5,3,5,4,2,1,4,5,5,5,2,4,5,5,5,1,3,3,5,5,1,3,5
22,31.3187,29.9537,5,2,5,2,4,4,2,4,1,4,5,4,1,5,1,4,5,1,4,4,4,5,4,1,5,3,1,1,5,3,2,1,5,5,2,4,3,3,3,2,4,1,5,2,1,3,3,3,5,2,4,2,1,1,5,4,3,2,2,2,3,4,3,2,2,5,4,1,3,5,4,1,2,2,5,4,1,4,3,5,3,1,4,1,1,4,1,3,2,5,4,5,3,5,2,3,5,5,3,2
23,31.5006,30.0342,3,3,1,4,5,4,1,3,1,2,4,5,4,5,1,4,5,4,3,3,1,5,4,2,4,4,4,5,4,1,3,3,2,3,2,5,2,3,3,2,3,3,2,1,1,2,3,4,2,1,1,5,2,4,5,1,4,3,5,4,1,3,1,1,1,3,1,1,5,2,1,1,2,4,1,1,1,5,3,1,1,5,1,2,3,4,4,2,4,5,4,3,5,1,5,4,5,4,1,4
24,31.3088,29.9081,5,1,1,2,4,3,4,4,3,1,5,1,5,5,2,5,4,3,3,2,3,1,1,4,5,1,5,5,5,4,4,1,2,2,5,3,4,2,5,2,5,5,2,3,2,4,3,2,1,3,1,5,2,5,1,3,1,1,1,4,5,2,5,2,4,5,2,5,5,1,4,1,3,5,5,4,5,1,4,1,4,3,1,1,2,3,5,2,1,2,5,2,1,5,5,2,5,5,5,4
25,31.4238,30.1383,3,1,5,5,5,4,4,5,3,1,5,3,3,1,1,1,5,2,5,3,5,2,2,1,2,1,2,1,4,4,5,1,2,1,4,4,3,2,1,5,3,4,4,3,3,2,4,5,3,4,4,3,4,5,4,5,4,3,3,3,1,4,3,5,4,5,2,4,4,5,3,2,3,4,4,4,4,3,3,1,2,5,3,3,2,1,4,5,1,5,3,5,3,5,3,3,1,2,1,2
26,31.1249,30.0356,1,3,1,1,5,4,5,1,3,2,1,5,5,1,5,1,4,1,4,4,3,5,1,3,3,5,5,4,1,1,4,2,5,4,1,3,2,5,2,4,5,4,5,2,1,3,5,3,5,2,3,4,4,5,3,5,4,3,1,3,1,1,1,1,4,5,1,4,5,4,4,2,5,2,3,2,1,2,1,1,4,2,2,1,2,4,2,3,3,3,3,4,1,4,1,4,5,4,1,5
27,31.1081,29.9692,3,3,5,4,5,4,4,4,1,1,1,1,5,4,3,2,2,4,2,5,3,3,4,3,2,4,4,4,1,4,4,5,3,5,2,2,2,4,5,2,1,4,3,5,4,5,3,4,1,1,4,3,2,4,2,1,4,3,3,5,2,1,1,3,3,2,1,1,3,2,1,2,3,5,1,4,1,1,3,1,3,3,1,5,1,5,5,3,1,3,4,2,3,4,2,3,1,2,3,1
28,31.4105,30.0262,4,4,2,2,4,2,2,4,1,4,2,2,2,4,5,5,5,5,4,3,5,1,1,5,4,3,5,5,3,3,5,1,4,3,1,4,5,5,4,2,4,2,1,5,5,1,3,4,3,3,5,3,1,4,5,4,5,5,2,1,2,5,4,5,1,4,3,4,1,1,3,4,5,4,1,4,5,5,3,4,1,3,3,1,3,5,1,4,5,5,3,5,2,4,5,1,5,5,2,4
29,31.4197,29.9174,3,1,1,5,4,2,3,4,4,3,4,2,2,4,1,3,3,4,1,4,2,3,2,4,5,5,4,3,4,5,5,3,5,4,1,2,2,1,5,5,2,4,4,4,5,3,1,3,3,4,3,1,1,4,1,5,1,2,4,5,5,1,4,4,3,2,1,3,3,5,1,4,1,4,5,1,2,1,5,4,2,2,2,4,3,1,1,1,2,4,4,4,4,2,2,5,4,2,2,2
30,31.1522,30.0477,2,3,4,1,2,3,1,4,2,4,3,4,4,2,1,1,3,2,4,4,4,5,5,5,5,5,1,2,4,5,4,2,2,5,2,3,3,4,4,3,2,5,2,5,5,4,1,4,5,2,2,3,2,2,2,5,4,5,3,1,1,3,2,1,1,5,4,4,2,5,2,1,2,1,4,5,1,4,4,4,5,5,1,4,2,5,4,2,5,5,1,3,3,5,5,5,4,3,5,2
31,31.0944,30.1598,2,1,5,1,3,5,4,4,5,4,2,3,3,2,3,3,4,2,1,5,2,1,2,2,2,4,3,5,3,1,1,4,3,5,2,5,4,4,1,1,4,3,3,3,5,3,2,1,2,4,1,2,4,5,2,4,1,4,1,1,3,1,3,1,5,2,1,4,5,3,5,5,1,4,2,3,5,4,5,1,4,2,2,4,2,2,5,2,4,4,4,2,4,4,1,2,1,4,1,3
32,31.3935,30.1627,1,2,2,3,3,4,1,4,3,4,3,3,2,1,1,3,4,3,4,1,5,1,5,5,1,5,4,3,4,2,1,3,5,3,4,4,4,3,5,4,3,3,5,3,3,2,3,2,2,3,4,2,1,5,5,4,4,3,3,1,2,1,1,1,4,2,1,4,3,4,2,1,4,1,4,1,2,1,1,1,3,4,3,5,1,1,2,2,1,4,4,3,5,4,2,5,4,4,4,5
33,31.1316,30.1642,3,3,5,5,3,3,2,4,2,3,5,3,4,2,5,5,1,1,5,2,4,4,1,2,2,1,4,2,2,2,4,2,2,2,2,1,5,5,3,3,2,3,5,4,5,4,5,2,1,4,2,3,5,5,3,4,4,4,3,5,2,1,1,3,5,5,4,1,5,1,1,4,5,3,1,5,3,5,4,2,2,1,5,2,1,3,3,5,1,3,1,4,4,2,4,4,3,4,3,3
34,31.1366,29.958,1,4,3,5,1,2,2,5,5,3,5,2,1,2,4,3,1,2,3,1,1,4,1,5,3,5,3,1,5,4,3,1,3,3,1,5,2,2,4,3,1,1,4,2,5,1,5,3,4,4,1,4,5,5,4,5,1,1,5,2,1,5,2,1,1,5,1,3,5,2,1,1,2,2,3,3,2,3,5,3,3,3,3,2,3,5,5,1,4,4,1,5,3,2,2,1,4,2,3,5
35,31.1817,30.1171,5,4,2,3,5,5,4,5,2,2,3,1,4,1,2,1,5,5,5,5,1,2,4,1,1,2,3,1,4,2,3,5,4,2,3,2,1,1,3,1,5,2,2,2,1,2,5,5,4,3,2,3,1,5,1,2,3,1,4,2,4,1,4,4,4,3,4,3,5,3,1,3,5,3,5,1,1,4,5,1,2,4,3,5,3,3,4,1,2,4,4,2,4,3,1,5,4,3,5,2
36,31.2866,30.1275,4,4,4,4,2,5,2,5,2,1,4,2,2,5,2,1,4,5,1,5,2,4,5,2,4,5,4,5,5,1,2,1,2,1,1,3,4,2,1,4,1,4,3,4,4,4,3,4,1,5,1,2,4,5,3,1,3,2,1,5,5,1,3,1,1,2,1,5,2,5,5,5,2,3,4,1,5,5,3,4,1,2,4,4,1,1,2,4,5,2,4,5,4,1,5,5,3,2,2,5
37,31.4833,30.1564,2,2,5,3,4,3,4,1,4,5,2,1,5,1,1,1,1,5,2,1,2,4,1,3,4,5,4,1,2,4,3,5,2,2,2,1,3,3,5,4,4,3,5,1,2,3,3,2,1,1,4,5,2,2,1,2,3,5,3,5,2,3,1,4,3,3,4,3,4,3,4,1,4,5,4,2,2,5,3,3,4,4,5,2,3,2,4,2,2,1,4,1,1,5,4,3,2,5,3,3
38,31.5296,30.0874,3,5,3,5,5,1,5,1,1,5,4,5,5,2,4,2,1,1,1,3,5,2,1,3,5,1,2,3,5,4,2,4,2,1,3,2,2,2,2,5,2,2,2,2,1,1,2,2,2,4,4,5,5,1,3,4,4,1,2,2,3,3,4,5,5,3,3,4,4,4,2,5,4,5,4,2,1,2,1,3,5,2,3,5,5,1,2,2,4,5,2,2,4,3,4,1,1,2,5,5
39,31.3161,30.1131,1,3,4,4,3,4,1,3,4,1,2,1,4,2,3,2,2,5,4,3,5,5,2,1,1,1,1,3,5,1,5,4,4,3,4,1,3,5,4,1,3,2,5,2,1,5,3,3,5,1,5,5,4,4,5,4,4,2,3,5,2,3,1,5,4,2,4,4,4,2,2,4,4,2,4,2,3,1,1,5,5,4,2,3,1,1,4,5,2,2,1,3,4,1,3,1,2,2,5,5
40,31.3359,30.1436,4,3,1,3,3,5,1,3,1,3,5,1,4,4,5,1,1,3,3,5,4,4,1,1,3,3,1,5,1,1,1,1,1,2,1,5,5,1,2,2,4,4,1,5,3,5,5,3,5,3,2,3,3,5,4,2,5,5,2,4,2,5,2,4,5,5,2,4,2,5,5,4,4,3,5,2,1,2,4,3,5,2,5,1,2,3,4,2,3,5,1,4,1,2,5,4,3,5,4,5
41,31.0736,29.9858,5,2,2,3,2,1,5,4,3,5,4,1,3,4,1,5,5,4,4,4,1,4,4,5,3,4,4,1,2,1,2,2,5,2,3,2,4,1,4,3,1,1,2,2,1,1,5,3,4,3,2,3,1,3,5,1,5,3,3,4,4,5,3,4,4,3,5,4,3,3,4,4,3,5,4,4,2,2,4,5,1,5,5,2,4,4,1,2,2,3,4,1,5,3,1,3,5,5,1,2
42,31.3479,30.1724,2,4,2,4,3,1,2,3,2,3,2,5,4,5,5,5,3,5,2,4,5,5,2,2,2,4,5,2,2,3,1,4,4,1,5,1,5,3,4,4,3,3,3,2,3,4,4,2,4,5,3,5,1,4,4,2,2,4,2,3,5,4,1,2,3,1,5,1,1,3,2,3,1,3,1,2,4,2,5,5,2,3,5,1,5,4,1,2,5,1,4,1,1,2,3,2,3,1,2,3
43,31.0557,30.1888,3,3,3,2,4,3,3,1,1,2,5,3,1,2,4,4,3,2,4,4,4,3,4,1,5,1,2,3,3,3,2,4,1,1,2,1,4,3,2,3,4,4,4,4,1,5,4,3,5,4,5,4,1,5,5,5,3,2,5,3,2,2,5,5,2,1,4,4,5,4,1,4,2,1,2,5,3,2,3,5,5,2,5,4,3,4,5,5,3,5,4,3,3,3,1,5,3,1,4,4
44,31.1969,30.1018,5,2,4,4,2,4,2,3,1,1,3,4,3,3,1,2,5,5,3,1,4,5,4,4,2,2,1,2,3,5,3,4,4,4,2,3,5,5,2,3,1,2,3,4,3,2,4,2,3,3,1,3,3,3,2,2,4,3,3,5,5,3,2,3,3,4,4,5,3,5,2,1,1,2,1,5,4,1,2,5,3,4,4,3,1,4,1,1,5,3,1,1,3,4,1,1,5,2,5,3
45,31.5886,29.9162,3,2,4,4,2,1,1,3,5,3,4,2,3,1,4,1,3,2,4,4,4,2,5,2,2,3,5,5,3,4,2,3,1,2,3,4,5,3,5,4,5,5,1,5,1,3,5,5,1,4,2,4,5,5,2,5,4,4,1,3,2,4,2,5,5,2,1,1,2,2,3,2,5,4,2,5,4,1,5,1,2,4,5,4,5,3,4,2,4,3,4,1,2,4,4,5,1,5,2,1
46,31.1949,29.9183,5,1,3,2,3,2,4,5,3,5,3,3,1,3,2,3,2,3,1,3,4,1,5,5,4,4,2,1,2,1,4,3,1,2,5,2,3,4,4,5,3,5,2,1,3,5,3,4,3,1,3,5,4,5,2,1,1,2,4,4,3,4,5,3,1,5,4,3,5,2,3,5,2,2,3,5,3,4,4,1,2,2,4,5,5,2,1,2,3,3,5,2,1,3,4,3,5,5,4,5
47,31.1384,30.0999,4,3,1,2,3,4,1,2,3,3,3,4,1,2,1,2,4,4,4,2,5,1,1,2,1,5,5,5,5,5,5,2,3,5,4,2,1,1,3,1,1,5,2,3,2,5,3,1,2,4,1,4,3,1,5,4,4,4,5,4,4,3,4,4,4,5,3,1,3,5,1,5,4,4,3,1,3,1,4,4,2,3,1,2,4,1,5,5,1,2,4,2,4,2,1,4,2,2,2,1
48,31.231,30.0793,5,3,1,5,2,5,5,4,5,1,1,3,2,4,5,3,4,1,4,5,2,3,1,4,1,5,5,1,2,3,3,2,3,3,1,2,4,1,5,3,4,4,5,1,2,5,3,1,4,1,2,3,4,5,3,4,1,5,2,4,2,5,4,1,5,5,2,1,4,3,5,2,3,2,3,5,4,2,4,4,5,5,2,1,4,5,2,4,4,1,3,5,1,2,5,3,3,4,1,5
49,31.3647,30.0549,1,5,2,5,1,2,3,4,4,2,4,5,3,3,3,2,3,5,1,1,4,5,4,3,1,5,1,1,1,5,1,3,3,4,3,2,5,4,4,4,1,3,4,1,3,4,1,1,5,2,2,3,3,5,3,2,2,2,5,4,3,5,5,4,3,3,1,5,5,2,5,2,4,1,1,1,2,4,5,4,3,2,4,5,3,3,3,2,3,4,2,2,2,4,5,3,5,1,1,2
50,31.0882,30.0015,5,1,3,1,5,2,5,5,1,4,1,2,5,1,3,4,4,2,4,5,1,5,3,2,1,4,3,4,5,2,3,5,1,2,5,4,1,4,3,5,1,4,4,3,1,5,4,5,2,3,2,2,3,2,5,4,3,5,4,2,1,3,3,4,2,2,5,1,1,4,5,4,1,1,1,2,3,1,4,4,3,3,1,1,4,1,1,3,3,5,3,5,1,1,4,2,3,2,5,3
51,31.0957,30.1408,2,3,2,1,4,2,5,4,5,4,2,5,2,5,5,5,5,1,5,2,3,5,4,5,3,5,2,4,1,2,3,2,1,2,2,1,3,4,4,2,3,5,1,2,3,2,2,3,5,1,2,1,1,5,1,1,3,1,4,5,5,4,4,4,3,1,5,1,4,5,5,2,3,1,2,1,5,5,5,2,5,5,5,1,5,4,4,5,1,1,5,3,5,1,4,2,4,4,4,3
52,31.2274,29.9999,2,4,4,5,3,2,1,1,5,2,4,4,4,4,2,2,3,3,1,1,2,2,4,5,3,4,2,1,4,5,2,2,4,3,2,2,1,2,2,1,3,4,4,5,5,2,5,5,5,3,1,5,2,3,2,3,5,5,4,2,3,4,1,2,3,2,3,2,1,5,1,5,3,4,2,5,1,3,3,4,4,1,3,2,5,2,1,1,3,3,4,1,4,3,3,1,3,4,5,3
53,31.257,30.0158,2,4,4,4,4,1,4,5,5,1,3,3,5,4,5,2,5,2,2,1,4,3,5,4,5,3,4,3,1,5,1,4,2,3,2,2,1,2,4,2,2,4,5,3,1,5,3,3,4,5,5,1,1,2,4,2,2,3,5,3,4,1,4,4,5,5,4,4,1,3,2,1,4,3,3,1,5,4,2,1,3,1,2,2,5,3,2,1,2,3,5,5,5,1,1,4,5,5,3,4
54,31.029,29.9125,2,1,2,1,4,5,2,1,1,5,2,3,3,1,2,1,1,1,4,2,4,3,4,2,1,1,2,1,1,5,2,2,2,1,4,3,2,2,5,4,2,1,1,2,4,3,4,5,1,5,4,5,2,2,4,2,4,3,5,2,1,4,4,1,1,2,5,4,1,1,1,4,2,3,3,4,3,1,1,3,5,4,4,3,5,4,3,2,2,4,4,5,4,3,1,5,4,3,2,5
55,31.3735,29.9486,4,2,1,1,4,3,4,4,3,2,5,3,2,1,4,4,4,1,1,3,4,4,2,3,5,1,2,4,5,2,2,1,5,3,5,3,1,3,1,4,3,5,2,1,5,3,5,4,2,2,5,1,2,1,2,2,4,4,2,2,3,5,5,4,1,3,1,3,4,2,4,1,1,1,4,4,4,4,4,3,1,2,3,1,2,5,5,3,4,5,3,1,2,1,3,3,5,3,2,3
56,31.3014,30.1952,2,4,2,1,5,2,2,4,1,1,1,5,5,3,3,4,5,3,3,4,3,1,4,1,1,2,4,4,4,3,4,3,3,5,5,3,4,2,1,5,4,5,1,4,3,5,4,1,4,4,1,4,2,5,4,2,2,1,4,4,4,2,5,1,4,5,2,5,1,1,3,1,1,2,1,3,1,3,4,4,3,2,1,2,3,2,4,3,3,5,1,5,4,1,1,5,1,4,4,4
57,31.1401,29.9277,4,5,5,4,2,1,3,4,3,4,3,4,4,5,4,5,5,2,3,4,3,5,2,3,1,1,3,1,5,5,1,5,3,3,3,2,2,4,3,5,1,4,3,2,1,5,3,5,2,4,1,1,4,3,4,5,5,3,5,4,4,3,4,3,5,3,4,1,4,3,3,1,1,1,3,5,1,5,3,1,5,2,5,3,1,4,5,2,4,1,3,1,4,2,2,2,1,2,5,4
58,31.1571,30.1968,4,3,2,5,5,5,3,5,5,4,1,3,2,4,1,3,3,5,5,4,2,4,3,3,3,4,1,4,4,3,5,2,3,1,4,4,5,1,3,2,5,3,3,1,3,2,2,3,4,2,2,4,3,2,5,5,3,3,5,3,3,1,2,3,3,5,4,5,2,3,1,4,5,3,4,3,3,2,4,3,3,1,1,4,1,4,5,2,4,2,1,5,5,3,3,3,1,4,4,1
59,31.5448,29.9105,3,4,4,1,2,2,3,3,2,4,1,4,5,3,2,1,4,1,4,1,1,5,3,1,4,4,4,4,2,1,5,2,1,2,1,5,3,2,2,1,5,4,2,5,3,2,5,2,4,1,2,3,3,4,5,1,2,4,3,5,5,4,4,3,2,4,2,5,5,4,2,4,4,2,3,1,5,4,1,5,5,5,2,1,2,1,1,2,1,3,3,1,3,2,3,3,1,2,5,5
60,31.4874,30.0304,5,5,1,5,5,4,3,4,4,3,3,3,5,1,4,4,4,3,1,1,2,1,2,5,4,2,4,5,3,3,1,5,3,2,5,3,1,1,1,1,2,2,1,1,2,4,5,2,1,1,5,5,3,4,4,4,5,4,2,3,3,4,1,1,2,3,4,5,5,5,1,1,1,1,5,4,1,5,4,2,4,1,5,2,4,1,3,4,5,3,4,1,1,2,5,4,5,3,5,2
61,31.3055,30.1348,4,3,2,4,3,3,3,1,1,2,1,2,4,2,5,1,3,5,4,1,1,3,4,5,5,5,3,1,3,5,4,3,3,4,3,4,3,2,2,2,1,3,3,4,5,3,2,4,1,5,2,1,2,5,1,4,4,4,2,4,2,2,1,2,1,5,4,1,4,3,5,3,3,4,3,3,3,1,4,1,4,3,5,1,3,5,3,5,4,1,4,2,4,5,2,2,1,5,5,5
62,31.1538,30.1073,5,3,2,4,2,4,4,1,2,4,5,5,1,2,5,4,5,2,1,5,3,5,4,2,4,3,1,1,1,2,3,5,4,3,4,4,3,4,3,5,3,5,5,5,3,5,5,3,1,3,4,4,4,2,4,4,1,2,1,1,1,1,1,5,5,4,4,1,3,4,4,4,3,1,1,1,1,2,3,5,3,2,4,5,4,3,3,4,2,3,4,2,5,3,2,4,2,5,2,3
63,31.3231,30.1569,3,5,3,5,4,5,3,4,5,5,5,1,2,3,5,3,5,3,5,4,4,2,3,5,1,1,4,4,1,5,2,3,4,3,5,2,5,2,1,3,3,3,1,5,5,2,1,1,3,2,2,2,5,3,4,4,2,1,2,5,2,2,1,1,3,2,2,3,5,2,5,4,1,3,1,2,2,4,3,1,3,1,5,5,3,4,3,5,2,5,5,3,5,2,1,3,4,3,2,2
64,31.2834,30.1814,5,2,5,1,1,1,5,5,1,5,2,3,3,4,3,5,4,2,2,4,3,5,4,4,1,2,1,5,3,4,4,5,5,4,3,4,3,5,3,3,2,1,3,3,2,1,3,2,2,5,4,4,5,3,5,2,4,1,5,4,5,1,5,3,4,2,2,1,2,2,2,3,3,4,5,2,3,1,1,1,3,5,1,5,3,2,5,4,3,3,3,5,1,1,3,4,5,3,2,4
65,31.4838,30.1203,5,2,4,5,5,4,2,3,1,1,4,1,4,4,4,4,5,1,3,2,1,4,4,3,4,5,4,5,2,2,2,1,4,4,3,1,5,2,4,2,4,5,3,5,1,3,3,5,2,3,2,5,5,2,4,5,4,4,1,5,4,4,3,2,4,2,3,3,5,3,1,1,2,3,2,1,5,4,2,5,1,3,3,4,4,3,2,2,3,5,3,1,1,5,3,1,4,5,4,1
66,31.3855,30.1827,5,4,1,5,4,1,4,5,4,2,2,1,5,1,3,1,4,2,5,5,4,2,4,1,1,3,3,4,1,4,5,4,3,4,3,4,4,2,5,5,4,1,2,1,3,5,2,3,2,5,5,5,2,3,3,1,5,4,3,3,2,3,3,5,2,5,1,5,2,2,4,5,2,2,5,1,5,3,1,5,5,1,2,1,3,5,3,2,1,3,4,2,1,3,1,3,3,3,2,4
67,31.0503,30.0316,1,2,5,4,3,2,5,1,4,2,1,5,3,3,3,1,4,4,3,2,4,2,4,3,5,3,4,1,4,4,5,2,4,3,1,1,1,1,1,3,4,1,4,3,2,3,2,2,2,2,1,4,4,4,1,5,1,4,4,1,1,5,1,3,2,3,2,5,2,3,1,4,2,5,4,3,1,3,1,1,2,1,1,2,2,4,3,3,4,4,3,1,1,1,1,3,4,1,2,2
68,31.0279,30.0044,5,4,3,1,5,2,1,4,2,1,5,3,3,2,4,3,2,5,2,5,4,2,5,5,2,1,3,4,5,5,4,2,2,5,5,5,3,1,5,2,4,1,5,1,5,2,1,5,4,4,3,1,1,5,4,4,1,4,4,4,3,5,1,1,3,4,5,1,4,4,3,1,5,4,3,3,1,4,1,1,3,3,2,4,2,4,4,4,5,5,5,4,3,4,2,5,1,1,4,2
69,31.0907,29.9713,4,3,5,5,2,5,1,2,3,5,3,2,3,5,1,3,5,4,3,2,1,1,4,1,3,2,4,4,5,3,1,3,4,1,1,3,2,3,4,3,5,1,1,5,4,3,5,1,1,4,2,3,4,5,4,1,1,5,3,2,4,1,3,5,2,3,2,2,1,3,1,1,2,2,1,2,2,3,2,5,5,4,4,4,2,4,1,3,4,4,4,4,4,4,1,2,4,4,4,4
70,31.0107,30.1086,1,4,4,3,5,5,5,5,4,2,1,3,3,5,5,2,4,3,3,2,4,2,2,3,4,1,5,2,2,1,5,2,3,1,3,2,2,5,5,4,3,5,2,5,2,1,3,3,5,4,4,5,4,1,4,1,5,3,1,4,1,5,1,3,3,2,3,2,2,5,5,1,4,3,4,4,1,5,2,4,3,1,5,2,1,3,5,3,1,3,5,4,1,5,2,1,2,2,1,4
71,31.4943,29.9097,4,1,5,5,5,4,2,3,2,4,4,1,2,1,1,5,2,5,5,3,3,5,1,2,5,3,3,5,3,1,5,5,2,1,2,3,1,3,4,4,4,1,5,2,4,1,3,3,4,5,4,1,5,4,5,5,3,4,4,3,3,4,4,2,2,2,3,1,5,5,4,5,5,3,4,3,3,4,3,1,2,3,3,1,5,5,2,5,4,2,1,5,5,1,2,3,3,2,3,1
72,31.3129,29.9592,2,4,5,2,2,5,3,2,1,2,4,2,3,4,5,1,1,2,4,3,5,2,4,4,2,5,3,3,3,2,5,5,5,3,2,4,5,2,5,3,1,3,5,2,2,5,5,3,3,2,1,5,5,3,5,3,3,2,4,1,5,3,1,4,4,2,1,5,3,5,2,2,3,4,4,4,4,5,4,3,2,3,4,3,5,1,2,1,4,2,1,1,1,3,2,2,5,1,5,2
73,31.1229,30.1324,2,2,4,1,2,2,3,4,5,3,1,3,1,1,2,2,4,1,2,3,3,1,5,2,1,3,5,2,5,1,4,4,4,3,1,5,1,2,4,5,3,5,2,1,2,4,2,2,2,3,2,5,4,1,3,3,2,5,3,3,3,5,4,1,4,4,3,2,2,3,1,3,2,2,2,1,1,2,2,3,3,5,5,4,4,2,3,1,5,1,1,1,3,5,1,2,1,2,3,1
74,31.4075,30.0019,1,2,3,2,1,2,3,4,3,4,1,3,3,5,3,4,2,2,3,4,1,2,3,4,1,4,4,4,5,4,2,3,1,5,2,3,3,1,3,2,1,2,3,5,2,4,4,5,5,2,5,3,3,5,1,2,1,3,1,2,1,5,4,1,3,4,5,4,1,5,5,2,4,1,1,4,5,2,2,3,1,2,5,4,4,4,4,3,5,4,3,5,5,1,3,3,3,5,5,5
75,31.3614,30.1604,5,1,2,2,4,1,4,2,2,3,4,4,2,1,5,1,1,3,4,4,3,2,2,4,1,1,5,3,3,5,1,5,1,2,3,4,3,5,2,5,2,1,5,4,2,4,5,2,3,2,1,1,1,4,5,1,2,5,1,5,3,4,4,1,1,5,4,3,5,5,4,1,4,4,5,1,4,3,2,4,1,4,5,5,2,4,1,3,3,2,1,4,5,3,1,4,4,1,2,1
76,31.4233,30.0234,3,1,3,3,3,2,5,5,1,1,4,2,4,4,5,2,1,3,5,2,2,3,2,3,2,4,4,2,2,4,4,4,5,2,5,3,4,2,1,2,5,3,1,5,4,3,1,1,2,3,2,4,1,5,4,5,2,3,3,5,4,2,3,4,1,3,4,3,2,5,1,4,2,5,2,1,5,5,1,3,2,5,2,1,2,5,5,4,4,5,1,4,2,2,2,4,3,3,1,2
77,31.5101,30.0269,5,2,4,4,3,1,1,5,5,2,5,3,1,1,4,5,4,1,5,5,3,4,1,4,3,4,1,4,3,1,1,5,1,3,4,3,1,4,2,4,5,2,2,1,2,2,2,3,5,1,3,4,3,3,2,3,4,5,2,1,2,3,4,1,3,4,1,4,3,3,5,1,4,1,1,1,1,3,5,1,1,1,4,5,3,4,5,4,1,2,4,2,2,5,2,5,2,3,5,2
78,31.4628,30.1441,3,3,1,5,4,5,2,1,2,1,2,1,5,3,4,5,1,3,5,1,2,3,2,2,1,5,1,2,4,4,2,3,1,4,2,2,4,4,1,2,3,2,1,4,4,1,3,5,3,5,3,2,4,4,2,5,4,1,4,2,4,5,4,5,1,1,3,1,4,4,1,5,5,2,4,1,3,4,3,1,5,4,2,3,5,3,5,4,5,2,2,1,3,1,2,3,3,1,1,5
79,31.4488,29.9304,4,1,3,5,5,1,1,3,3,2,5,4,1,4,1,1,2,5,1,1,4,5,1,2,4,2,5,3,3,3,2,1,1,3,4,2,1,2,1,1,5,4,1,5,5,3,4,3,4,4,1,1,4,3,5,2,4,1,2,1,4,2,3,5,5,5,5,3,3,4,1,4,4,5,4,1,2,2,3,1,3,5,4,1,3,5,4,5,2,5,2,3,5,2,2,3,5,1,4,4
80,31.2145,30.0345,5,3,3,1,2,5,1,5,2,3,4,3,5,3,2,4,4,2,4,1,4,3,3,2,5,4,3,1,5,4,2,4,4,1,1,4,3,4,1,2,5,5,5,1,3,2,5,5,5,3,4,3,3,1,3,1,4,5,2,5,5,4,5,5,1,1,3,4,5,4,5,1,5,3,5,1,4,1,2,4,3,1,3,2,2,4,4,4,2,3,3,3,3,4,5,2,1,2,3,5
81,31.4809,30.1096,4,3,2,5,5,2,4,3,1,5,1,5,5,1,3,4,3,5,3,3,5,3,5,4,3,4,5,2,3,2,5,4,5,2,3,4,3,5,5,1,3,5,1,2,3,2,3,5,5,2,3,1,1,4,4,5,5,2,3,2,4,5,2,4,3,1,2,2,3,1,5,1,5,3,4,1,4,3,2,4,2,5,4,5,3,2,2,2,4,2,3,3,3,1,1,5,2,1,1,5
82,31.1053,30.1568,1,5,3,3,2,2,4,1,3,5,3,5,3,2,4,4,3,4,4,2,5,4,5,5,3,5,4,2,3,2,2,5,1,3,4,4,5,1,4,4,1,1,5,3,1,5,3,4,4,2,5,2,4,1,5,1,5,4,4,1,4,5,3,1,5,2,1,3,3,1,3,4,4,2,3,2,5,1,3,2,5,1,5,1,3,5,1,4,2,4,2,4,1,4,4,2,5,2,2,5
83,31.0616,30.1432,3,3,4,2,2,2,2,3,4,5,3,3,5,2,3,1,1,3,5,5,1,5,1,1,5,1,3,3,5,1,3,1,5,4,4,4,2,2,2,1,5,1,1,5,2,3,2,3,1,4,4,2,4,3,3,1,5,1,1,5,3,2,3,2,1,2,4,2,2,5,2,5,4,4,1,5,1,3,5,3,4,1,2,5,4,1,3,3,5,2,5,3,4,3,1,1,1,4,4,3
84,31.5175,30.0489,5,4,5,3,4,1,2,5,1,3,3,3,2,2,5,5,1,5,2,3,1,2,3,1,4,5,5,5,1,5,2,2,4,2,3,5,1,3,2,5,2,2,4,2,3,2,2,3,2,1,3,5,4,2,2,2,5,2,3,2,5,4,5,3,1,5,4,4,5,4,3,3,5,3,4,4,1,2,5,3,3,4,4,4,1,4,1,4,1,2,4,1,1,1,5,4,5,4,2,2
85,31.4918,30.1111,1,4,2,1,5,4,5,2,3,5,1,2,2,1,3,4,3,1,3,3,2,1,2,1,2,1,3,3,5,3,5,4,1,1,3,2,2,3,3,4,3,1,1,3,5,5,3,3,5,4,3,4,4,1,1,3,3,1,5,1,4,5,1,5,1,4,4,5,2,1,4,4,3,5,2,2,4,5,5,2,5,4,5,4,5,3,5,1,5,4,1,4,5,5,2,1,1,1,4,3
86,31.1706,29.9607,5,4,1,4,2,3,2,1,5,1,3,5,1,4,3,1,3,5,5,2,2,5,5,1,5,4,5,1,4,4,4,2,2,4,3,3,3,1,1,5,3,1,4,3,1,1,1,2,5,1,4,1,5,4,1,2,2,4,1,4,4,2,2,2,4,3,3,3,5,1,5,3,3,2,5,3,2,2,2,1,1,2,4,4,1,5,5,5,3,5,5,2,2,2,4,3,2,3,3,1
87,31.0652,30.1979,3,2,3,4,4,5,1,3,2,3,1,1,5,4,2,1,5,5,5,3,1,5,2,4,2,5,3,3,1,2,2,3,5,2,4,3,3,2,1,4,4,2,5,1,3,1,5,5,4,2,3,4,1,1,1,4,1,1,5,5,4,1,5,5,1,4,1,3,3,1,3,4,1,1,1,3,5,1,2,4,5,3,1,1,3,5,5,5,3,2,4,4,4,5,5,1,2,5,5,5
88,31.0159,30.1437,2,3,3,4,3,5,3,1,2,3,1,1,2,4,4,5,1,4,3,1,3,2,2,2,2,1,1,3,3,5,1,3,1,5,2,2,4,4,3,5,2,5,5,3,5,2,3,1,1,5,2,4,5,3,3,4,4,2,2,3,5,3,4,1,4,3,3,3,2,5,3,2,4,2,3,3,5,5,4,3,1,3,5,2,1,4,5,1,2,2,4,2,4,2,3,1,4,1,1,3
89,31.2101,30.0591,3,1,1,3,4,5,5,1,3,1,3,5,3,4,3,5,4,3,1,4,3,4,4,3,1,5,1,2,4,4,5,4,5,4,4,5,4,1,2,3,5,5,5,4,1,4,1,2,3,2,4,2,2,5,5,3,1,4,4,3,1,1,4,2,5,4,1,3,2,4,5,2,4,2,4,5,5,2,2,5,5,4,2,5,2,3,5,5,4,1,1,2,4,1,5,3,4,5,2,5
90,31.0998,30.0598,3,5,2,1,1,1,2,1,3,4,4,5,2,1,3,4,2,2,5,2,3,1,4,3,3,1,1,2,2,2,5,4,3,4,5,4,5,3,4,3,5,2,1,2,1,4,5,2,2,4,1,4,4,2,2,1,3,2,1,5,5,2,5,3,2,5,4,2,2,3,3,2,2,4,3,2,4,5,3,2,3,3,1,2,5,2,5,1,3,5,4,3,5,1,2,1,4,1,5,3
91,31.584,30.1281,3,5,3,2,5,2,5,1,4,4,1,3,2,2,1,5,5,4,3,3,5,4,5,3,2,1,1,5,5,2,1,2,2,3,4,1,3,2,4,4,3,4,2,5,1,5,3,2,2,2,3,3,1,1,4,2,4,4,5,4,3,5,3,1,2,1,5,1,2,4,5,1,4,5,3,1,5,4,5,4,5,5,4,1,4,4,3,3,5,2,5,1,3,2,2,3,3,1,5,4
92,31.1882,30.1502,4,5,4,5,5,4,2,2,4,4,3,5,4,3,1,2,3,2,4,1,4,5,2,5,1,1,3,5,1,4,2,3,1,5,3,4,1,1,3,2,5,4,1,1,3,5,2,2,5,5,5,2,3,5,1,4,3,2,3,5,4,1,4,1,2,2,4,5,3,2,4,4,3,2,3,5,2,2,5,4,3,3,2,1,3,1,1,4,3,2,5,1,3,1,5,3,4,4,2,2
93,31.127,30.009,3,2,2,5,2,3,1,2,3,2,3,1,2,3,1,1,2,5,4,5,1,5,4,1,2,2,1,4,1,4,4,5,3,5,5,4,3,5,2,4,3,4,3,5,5,4,4,1,3,4,2,5,1,1,4,3,3,1,1,1,4,1,4,3,4,1,4,1,3,2,2,3,2,4,1,2,3,3,4,1,4,4,5,2,5,3,4,1,5,5,2,1,4,5,3,2,5,3,1,4
94,31.2115,30.0309,2,2,2,4,4,3,2,3,2,4,2,3,2,2,1,1,5,1,5,2,2,1,2,5,3,4,5,1,1,2,4,2,2,4,5,4,3,1,2,4,2,2,2,4,4,2,5,1,5,3,4,1,4,1,5,2,5,2,2,5,5,2,4,4,4,3,1,3,1,3,1,3,1,1,2,3,4,5,1,4,3,5,1,4,5,2,5,3,4,1,2,4,5,4,1,3,3,5,3,1
95,31.5191,29.9158,2,1,5,2,2,5,2,5,2,3,2,3,4,4,1,5,5,3,2,5,3,5,1,5,3,4,1,1,4,4,5,5,1,1,1,5,4,5,2,1,5,2,2,1,4,4,4,4,5,1,5,2,4,3,4,5,3,1,3,5,3,1,1,4,4,2,3,2,3,5,5,4,3,4,1,4,5,1,5,3,4,2,4,2,4,2,5,4,1,1,3,2,4,1,5,4,2,2,4,4
96,31.2501,30.0443,5,5,4,1,3,5,2,1,5,1,1,4,5,4,5,2,1,5,3,4,5,5,3,1,5,4,1,1,5,2,5,2,1,3,2,1,2,4,5,5,5,2,4,4,2,5,4,5,2,5,4,5,3,1,3,3,3,4,4,2,1,5,5,1,1,5,3,5,1,4,4,3,5,5,5,2,2,5,4,1,5,1,5,2,4,5,3,3,3,4,4,4,1,5,4,3,5,4,5,1
97,31.0148,30.1176,5,1,2,5,4,4,1,1,3,5,2,5,2,3,1,2,5,3,3,1,4,3,1,5,5,3,3,1,1,2,1,2,3,2,4,2,1,5,3,4,1,3,4,4,2,1,5,3,5,1,2,1,1,3,4,5,1,3,3,4,2,2,4,3,1,4,2,1,1,4,1,5,4,4,2,4,5,5,4,1,5,3,2,4,3,3,5,3,2,1,4,4,2,2,5,4,1,1,5,3
98,31.3594,30.0731,4,2,3,1,4,4,2,3,4,3,5,3,1,1,2,5,1,3,1,1,3,1,5,4,2,3,5,1,4,1,3,3,4,1,2,1,5,4,1,2,1,4,4,1,3,3,3,3,4,2,3,4,4,5,3,3,5,3,2,3,4,2,4,3,2,4,5,1,5,5,1,1,3,5,1,1,1,1,2,3,2,5,3,2,5,2,2,1,4,4,2,1,2,2,1,3,4,3,2,3
99,31.1889,29.9639,1,1,4,3,5,2,4,4,4,2,5,2,3,5,5,2,5,1,3,2,3,1,2,4,1,5,5,5,2,5,4,1,5,3,2,4,1,4,5,2,4,3,3,2,5,4,3,1,1,1,1,1,4,3,2,4,5,2,1,1,5,1,1,4,5,2,2,2,5,4,1,4,4,2,5,3,5,4,3,4,2,4,1,2,2,2,3,5,1,3,5,1,5,2,2,2,2,5,1,4
100,31.4536,30.058,3,5,5,3,4,4,3,3,3,4,1,2,3,2,5,3,4,3,3,2,1,5,1,3,2,2,5,4,4,2,2,1,2,1,2,2,5,4,1,2,1,5,1,4,4,3,2,3,5,4,3,1,3,5,4,1,5,3,5,4,5,3,1,4,5,5,5,4,3,3,1,4,5,2,1,3,1,3,1,5,3,2,5,3,1,3,4,3,5,1,3,3,2,3,3,4,2,1,1,5
101,31.3622,30.0739,2,3,5,1,2,1,1,4,2,2,4,4,3,4,3,1,4,3,5,1,1,5,4,2,2,4,5,3,3,3,4,4,2,4,2,4,5,3,5,5,5,3,2,3,5,1,5,5,4,5,3,3,4,2,4,1,5,1,3,5,2,5,3,1,4,2,3,2,3,5,5,5,1,2,5,1,3,5,1,2,4,1,1,4,1,2,1,4,2,5,4,3,5,4,1,4,3,1,1,4
102,31.3049,30.1425,5,2,4,3,2,2,2,1,3,1,1,4,2,1,5,1,1,1,2,2,4,5,4,3,2,2,4,4,5,4,5,1,5,1,5,1,1,5,1,5,5,2,3,4,5,2,3,1,2,5,4,1,4,1,4,1,2,3,3,5,2,1,3,4,5,3,2,4,1,5,4,5,3,3,4,5,4,4,1,4,2,2,4,1,3,5,5,4,1,2,5,3,2,4,1,1,5,1,4,2
103,31.2646,30.131,5,5,3,5,4,5,3,2,5,4,3,3,1,4,4,4,2,3,3,5,4,3,1,3,2,1,1,1,2,4,1,5,4,1,5,3,5,4,4,5,1,1,2,2,3,1,1,3,5,3,3,4,4,3,5,1,2,2,2,4,2,4,2,1,1,1,3,1,1,1,5,5,4,3,1,1,5,1,4,1,5,5,3,3,2,1,3,1,2,3,3,1,4,2,1,1,1,1,2,1
104,31.1648,30.1092,2,3,5,5,4,4,1,3,4,1,5,4,5,1,2,2,4,2,5,2,2,2,2,4,1,1,3,1,1,5,5,3,2,3,5,5,3,4,1,2,4,5,1,5,3,3,5,3,5,5,3,4,1,3,4,3,5,4,1,1,5,5,3,1,1,4,4,5,1,3,1,5,4,4,2,4,1,4,4,2,4,5,2,5,1,1,2,3,3,3,3,1,1,4,4,1,1,5,2,1
105,31.4238,30.135,2,5,2,2,1,4,3,1,1,1,2,5,3,2,5,1,3,3,1,2,3,5,1,2,4,3,1,3,1,5,3,4,2,2,4,5,1,4,4,2,1,3,2,2,1,3,2,2,5,1,1,1,4,2,2,1,3,1,2,3,5,3,1,4,1,2,3,2,2,4,1,1,3,3,2,4,2,3,2,3,1,1,4,1,4,5,2,2,4,1,5,5,3,3,5,2,1,4,3,2
106,31.5109,30.1809,3,4,2,2,2,1,4,5,3,4,2,3,3,4,5,1,2,4,1,4,4,4,3,1,1,1,5,5,2,5,3,5,4,1,3,1,1,1,3,1,3,1,1,1,5,1,3,4,4,3,5,5,2,5,2,2,2,3,1,3,3,1,3,5,5,3,2,1,2,3,3,2,2,3,4,2,4,1,4,2,1,3,5,4,5,4,3,1,4,2,2,1,3,2,4,5,3,4,2,4
107,31.0992,30.0741,3,5,2,3,1,2,1,4,2,2,2,3,3,2,5,4,2,5,4,3,5,4,4,3,3,5,1,2,1,1,1,4,4,4,3,3,1,2,3,1,1,4,5,5,4,5,2,5,4,4,4,5,2,5,3,5,4,1,5,4,3,5,2,5,1,4,2,3,4,1,3,4,1,5,5,5,3,5,3,4,3,2,5,1,3,5,2,3,4,1,5,4,2,1,4,3,3,1,1,5
108,31.573,30.1292,5,4,3,3,2,2,4,4,3,3,4,1,4,1,3,1,2,5,4,2,2,5,4,2,1,4,5,3,1,3,2,2,4,5,5,5,5,5,1,2,4,5,2,5,3,3,4,4,5,1,5,1,2,1,3,2,1,2,4,5,5,3,3,4,1,1,1,1,2,3,3,2,3,3,1,3,3,3,4,5,3,4,4,5,3,1,2,1,3,5,2,5,2,2,1,4,1,2,2,3
109,31.543,30.071,2,4,3,5,3,3,4,1,2,2,5,5,4,2,5,2,3,1,2,4,4,3,4,5,1,3,1,1,1,3,4,1,2,2,5,3,3,2,4,1,2,4,3,1,4,5,1,5,5,1,1,3,4,1,2,2,4,5,1,1,3,3,5,5,3,3,3,2,1,3,5,1,1,5,3,5,4,3,4,4,1,1,4,5,5,3,1,3,1,1,2,2,3,2,1,4,1,2,1,5
110,31.3747,29.9831,3,1,5,2,4,5,3,3,1,3,1,5,1,4,4,3,1,2,4,2,5,1,5,3,1,1,5,4,4,5,2,1,3,4,3,3,5,5,2,5,5,5,3,2,5,4,1,1,2,1,5,4,1,3,4,2,2,5,1,2,3,1,2,4,4,2,2,5,5,5,3,5,1,1,3,3,1,1,3,2,4,2,3,2,3,3,3,2,2,4,5,3,5,3,5,3,2,4,5,5
111,31.1543,29.9503,5,1,4,5,2,5,4,3,2,5,3,4,3,4,5,4,3,2,1,5,4,1,3,5,3,5,5,2,4,4,1,5,2,3,5,2,2,1,3,1,4,5,5,5,5,1,3,5,2,1,5,2,3,2,2,2,1,2,2,2,4,4,1,4,5,3,1,2,1,1,1,4,4,4,3,5,3,1,3,5,5,5,2,5,1,5,1,3,1,3,1,4,5,2,3,2,3,5,3,3
112,31.2957,29.9997,1,2,1,2,4,2,1,2,1,2,1,1,1,2,3,2,4,2,5,5,5,4,5,3,5,4,3,1,1,3,2,3,3,3,3,3,1,2,3,1,5,2,2,1,1,1,3,3,4,1,3,1,2,2,4,3,2,3,1,5,1,2,2,4,4,4,2,3,4,5,2,5,2,5,5,3,3,3,3,5,2,2,3,3,2,5,2,3,1,2,4,2,5,2,3,1,1,1,5,4
113,31.5918,29.9973,1,2,2,2,2,3,3,3,4,5,4,2,1,2,5,4,3,3,5,3,2,5,4,1,1,4,3,1,3,3,2,4,5,4,1,3,5,1,1,1,4,1,3,2,3,4,4,5,5,5,2,3,2,2,3,1,5,1,5,5,1,5,3,5,5,3,1,2,2,5,3,5,1,1,1,5,5,1,3,3,5,4,2,4,2,1,1,1,4,2,1,3,4,2,1,4,2,4,1,5
114,31.3677,30.1515,5,4,4,1,4,1,3,2,2,5,3,5,5,1,5,1,3,5,4,1,1,4,3,5,4,2,4,4,1,1,4,3,1,4,3,5,4,4,3,4,4,5,1,2,4,5,1,1,2,3,4,5,3,1,5,2,5,4,5,1,3,4,1,5,1,4,3,4,1,4,2,2,3,4,4,3,3,4,2,4,2,5,4,1,2,5,2,5,5,2,2,2,2,4,3,1,3,2,3,2
115,31.2118,29.9471,5,4,5,5,2,5,4,2,5,3,5,2,2,3,1,2,3,1,5,3,1,1,2,5,2,5,1,2,4,4,3,2,1,5,5,3,4,2,3,2,5,5,4,3,1,3,1,4,3,5,2,3,4,5,2,2,3,4,4,3,1,2,2,4,4,2,1,5,5,2,4,1,4,5,2,5,1,2,5,5,1,4,2,4,4,2,5,2,2,3,3,2,3,3,1,2,2,5,4,4
116,31.1938,30.1644,5,2,5,5,4,1,2,3,5,1,5,2,2,2,5,5,5,1,1,5,3,2,4,5,5,1,3,3,3,1,1,4,4,2,5,5,4,1,4,5,5,1,4,2,1,1,3,5,2,2,1,2,5,3,2,5,1,4,3,1,4,1,5,1,3,1,3,5,4,1,3,1,4,5,2,4,1,1,3,1,1,3,1,5,3,1,4,2,4,3,2,3,5,2,3,2,1,1,2,5
117,31.1962,29.943,5,1,1,1,2,4,4,2,2,4,1,4,2,4,1,3,1,5,1,3,4,4,2,3,1,4,1,3,5,2,3,3,5,2,1,3,3,2,4,4,3,1,5,5,5,1,3,3,1,3,4,2,3,4,2,1,5,4,3,3,2,5,4,3,2,3,4,5,2,5,2,2,5,1,3,2,1,1,2,3,3,5,2,2,3,2,3,2,4,1,1,2,4,3,2,5,5,3,5,1
118,31.4924,30.116,4,5,3,3,2,4,3,3,2,3,5,1,5,2,2,4,4,5,4,4,1,5,4,1,1,3,3,2,5,3,2,2,1,4,5,4,4,3,3,5,4,2,2,3,4,5,1,4,1,5,1,4,5,3,4,4,1,3,4,4,5,2,5,5,3,5,2,3,3,2,5,1,1,2,4,3,5,1,1,2,5,2,4,4,1,5,4,5,5,4,3,2,3,5,5,3,4,4,2,3
119,31.5328,30.1215,1,2,1,1,4,1,2,4,5,3,3,5,4,1,2,2,2,5,1,2,1,2,1,4,5,4,3,5,1,4,3,2,4,5,2,4,1,2,3,2,2,5,2,3,3,4,5,1,4,1,2,4,2,4,4,4,5,2,3,2,1,4,3,1,4,3,3,1,4,5,2,1,3,5,4,2,2,2,3,2,5,3,3,3,5,4,3,2,3,4,2,2,4,3,5,4,3,4,1,4
120,31.0057,30.0054,3,1,1,2,1,2,5,1,3,3,2,3,3,3,4,2,1,2,5,1,4,4,4,5,5,2,5,5,5,5,3,5,5,1,2,5,5,5,5,3,4,1,3,1,4,1,5,4,2,2,3,1,3,3,2,1,1,4,2,3,5,4,5,3,3,2,1,4,3,2,5,3,1,4,5,3,1,3,5,1,4,2,4,3,3,3,1,2,5,5,3,1,3,3,1,1,2,5,3,3
121,31.4876,30.0891,4,1,5,1,5,3,2,5,5,4,4,3,4,1,1,5,5,3,3,2,1,2,5,3,3,4,5,5,4,4,5,3,1,4,1,4,2,1,4,1,3,2,2,3,3,5,2,2,4,1,4,4,4,4,1,5,1,2,4,4,5,3,5,2,1,1,4,2,5,4,5,3,3,2,4,4,5,4,2,3,4,5,2,3,4,5,5,3,1,4,2,3,3,4,2,5,2,4,2,2
122,31.1545,30.1364,4,2,2,4,2,3,3,3,2,4,3,3,2,2,1,1,5,3,1,3,4,3,1,4,2,5,1,1,5,1,5,2,5,2,3,2,1,2,2,3,3,5,5,3,2,2,3,4,5,5,3,5,3,3,1,3,5,5,5,5,5,2,4,5,2,4,5,2,4,4,1,5,5,3,2,4,4,5,2,4,3,3,1,5,3,2,3,4,5,4,5,3,3,3,4,1,3,2,2,3
123,31.2543,30.0909,2,5,2,4,2,3,3,5,4,3,3,4,1,4,1,2,1,3,3,5,3,3,5,1,4,4,5,1,3,3,1,5,1,4,2,3,5,2,2,3,1,2,3,1,4,2,2,1,3,5,1,5,5,1,3,4,2,4,3,1,3,3,4,3,5,3,4,3,3,2,3,3,5,3,1,2,4,2,2,4,1,3,3,3,1,1,4,4,2,1,3,3,3,5,3,2,4,2,5,2
124,31.1168,29.9045,1,2,1,4,1,1,3,1,3,5,5,2,4,1,1,2,2,2,4,1,4,2,2,5,1,5,1,2,4,3,5,2,2,2,2,4,5,2,3,2,1,5,2,1,3,5,5,1,2,5,1,4,1,2,4,4,3,1,5,1,5,5,4,2,3,2,3,1,3,2,1,4,3,1,3,4,3,4,5,2,4,5,5,4,4,2,5,5,3,3,5,2,4,4,2,2,5,1,3,3
125,31.2511,30.1016,4,1,3,5,3,1,1,2,4,5,3,2,1,4,3,4,3,2,4,1,4,5,4,5,3,5,3,5,3,3,4,4,3,5,5,4,2,4,1,2,2,1,3,5,4,5,4,5,1,2,5,5,4,5,5,1,3,5,3,2,1,4,4,4,5,5,1,4,1,5,5,3,4,4,1,4,2,5,2,3,3,2,4,4,2,3,4,5,2,2,1,2,5,1,2,5,3,3,4,4
126,31.135,29.9323,2,2,1,5,1,3,5,2,4,2,4,2,1,4,2,1,2,3,5,3,3,2,5,2,3,4,3,3,2,2,3,3,2,4,5,2,1,2,3,2,1,5,2,5,5,5,1,5,5,4,3,3,3,2,5,3,3,4,4,3,2,3,3,4,2,3,5,3,4,5,5,3,2,4,2,1,5,1,2,1,4,3,5,5,5,1,4,3,2,1,4,1,5,4,3,3,4,2,3,5
127,31.3085,30.1385,5,3,1,5,4,1,2,2,1,4,4,5,1,4,2,3,3,3,2,3,3,4,2,5,5,3,2,4,2,5,4,4,3,2,3,2,5,4,2,5,1,2,5,5,2,3,5,1,4,1,5,2,2,3,2,4,1,2,5,5,5,5,1,5,1,2,4,4,3,2,1,2,5,4,3,5,4,5,5,4,5,5,3,2,3,3,1,4,2,5,3,3,1,1,4,4,1,3,4,2
128,31.0495,29.9534,2,5,1,3,3,4,5,5,4,5,5,4,1,5,1,3,3,5,3,5,2,4,1,1,5,5,1,3,4,4,1,4,1,2,2,5,5,1,2,3,5,3,1,3,2,4,3,2,5,4,5,2,4,1,2,1,3,3,3,4,4,1,1,3,4,5,5,5,4,3,5,3,3,1,4,5,4,4,4,5,1,4,5,1,4,2,3,3,2,4,2,2,4,2,2,3,3,4,4,4
129,31.1315,30.0757,1,4,2,2,4,1,1,3,5,5,1,2,1,2,5,2,2,5,5,3,5,1,2,1,2,1,2,3,5,3,1,2,2,1,4,2,2,4,1,5,5,1,5,5,1,5,2,2,2,3,1,3,3,2,5,5,3,3,2,4,4,2,5,5,5,5,4,3,2,4,4,3,1,4,4,3,4,5,4,1,5,1,5,3,1,3,1,5,3,5,4,1,2,5,2,3,5,5,5,3
130,31.4706,30.0026,5,3,1,2,5,2,2,2,4,5,2,4,2,2,5,5,4,4,3,3,5,4,5,4,4,4,1,4,3,5,5,4,1,5,5,3,5,3,5,5,1,1,5,2,1,1,2,5,2,2,5,2,4,4,5,1,2,4,4,1,2,5,3,5,1,1,3,3,2,2,1,1,5,5,3,3,3,3,2,1,5,5,2,3,3,3,4,5,4,4,1,5,3,4,3,1,3,3,4,1
131,31.571,30.0383,3,1,1,2,3,4,1,3,4,1,1,5,3,5,2,3,3,3,5,3,2,2,3,3,1,2,1,1,4,4,4,1,2,5,1,1,5,5,3,1,2,1,1,2,2,2,2,2,2,3,3,5,2,5,5,3,2,3,5,2,2,1,1,2,3,3,3,1,3,3,1,4,5,3,3,1,5,4,1,1,1,2,2,3,1,2,5,3,4,2,2,4,3,3,5,3,3,3,1,5
132,31.3284,30.1028,5,5,5,4,5,4,2,1,4,1,4,2,5,3,3,2,4,5,4,1,3,1,1,3,4,1,1,2,3,5,2,1,3,4,4,1,1,5,1,5,3,3,4,3,5,4,5,5,5,3,5,2,3,1,3,3,4,1,3,4,4,4,3,5,2,5,1,5,4,1,5,5,2,3,4,3,1,1,5,4,4,4,4,1,4,1,5,2,3,4,1,4,4,1,3,2,1,5,1,3
133,31.0882,30.1125,1,3,1,4,3,4,4,4,5,4,5,2,1,5,3,5,1,5,3,4,3,3,2,1,3,4,4,3,5,1,3,2,2,4,3,5,3,4,1,2,5,5,4,3,3,4,2,2,2,3,5,5,5,1,2,3,1,4,5,3,1,3,1,5,3,5,3,4,4,1,1,2,2,3,5,4,4,4,5,5,1,2,4,5,4,5,5,1,2,1,4,4,3,3,2,3,4,5,4,5
134,31.4251,30.1658,1,5,2,2,1,1,3,4,3,1,4,3,2,3,5,1,5,5,4,5,4,3,5,3,1,2,5,5,4,4,5,4,1,1,2,4,5,5,1,4,1,5,1,1,2,4,4,2,2,1,1,2,5,1,4,5,4,2,5,4,1,3,5,2,1,3,1,5,4,1,4,4,5,1,4,1,4,4,4,5,5,5,5,3,2,4,4,1,4,4,1,5,2,3,5,2,1,4,4,3
135,31.3392,30.0926,1,2,2,1,4,1,2,4,1,4,2,2,3,2,5,3,4,5,5,1,1,4,5,3,4,4,2,1,2,2,5,5,1,5,5,2,5,2,1,2,2,4,1,2,3,4,5,2,2,3,5,4,5,5,2,3,2,3,2,3,4,5,5,4,1,3,2,5,1,4,2,1,3,2,3,4,4,3,5,5,2,1,2,4,1,3,4,4,5,2,5,5,3,1,4,3,3,3,2,1
136,31.3906,30.0625,4,4,4,2,2,2,3,4,5,4,1,3,5,1,3,3,1,1,4,5,3,2,3,3,1,4,2,4,2,3,5,1,5,2,3,1,2,4,2,5,2,5,3,1,2,1,5,1,4,5,1,2,3,1,4,2,5,2,4,2,5,4,1,3,2,4,5,1,5,4,5,5,3,3,3,1,4,4,1,3,5,2,2,4,3,2,2,1,4,3,5,5,4,2,1,1,3,3,3,3
137,31.5294,29.965,4,5,1,3,3,3,3,5,1,3,5,1,3,1,4,5,3,5,5,2,1,2,1,3,2,1,5,3,4,4,4,1,1,1,5,2,3,2,1,4,1,1,2,4,5,4,3,2,1,1,1,3,3,5,1,5,3,2,3,3,3,3,1,5,1,4,5,3,2,2,2,5,2,4,3,1,5,5,5,2,4,1,5,2,3,1,5,3,5,1,5,3,2,1,3,3,4,4,4,1
138,31.1648,29.943,5,5,5,2,5,5,1,4,1,5,5,4,2,3,2,3,2,4,3,2,2,4,2,3,5,4,5,3,2,2,4,1,3,4,2,1,2,3,4,5,2,1,4,3,1,2,2,2,1,5,4,1,4,4,1,2,1,3,4,3,1,3,1,3,2,5,3,3,3,5,4,2,5,3,3,4,5,1,1,2,4,5,1,4,3,5,1,5,5,3,3,1,2,4,2,4,4,2,2,1
139,31.3195,29.9692,3,1,5,2,5,1,4,1,4,5,2,5,3,3,4,4,1,1,3,2,1,3,5,3,4,3,1,5,3,3,3,2,4,5,3,4,1,2,3,4,5,1,1,1,5,4,1,1,2,3,4,4,3,5,3,3,2,2,5,2,2,5,2,3,2,5,3,1,4,5,3,1,1,5,1,1,2,5,2,3,4,4,2,4,3,3,2,1,3,4,4,3,2,1,5,3,2,4,2,1
140,31.331,29.9445,5,3,2,4,1,4,5,2,2,5,4,5,1,4,3,5,1,4,5,4,4,2,1,5,1,3,5,1,1,3,2,4,4,5,1,5,4,1,4,1,3,1,3,4,5,3,3,5,4,2,5,3,3,1,4,4,2,1,5,2,2,5,5,2,1,4,3,2,3,2,4,2,4,1,2,4,4,4,4,4,2,5,1,5,1,3,5,1,3,1,2,3,1,1,4,2,2,5,5,4
141,31.2186,30.161,3,1,1,3,5,4,3,5,3,3,2,3,5,2,3,4,2,3,5,1,2,1,4,1,4,2,5,4,4,1,3,2,5,2,4,2,2,1,3,4,2,3,1,2,1,5,3,3,2,1,3,2,3,2,3,3,1,3,4,1,2,1,3,3,2,3,5,5,4,3,3,5,5,1,5,4,1,2,2,1,2,2,1,1,4,1,4,1,2,2,1,5,2,2,4,2,2,2,4,5
142,31.5278,29.9188,3,5,5,1,3,3,2,1,2,4,1,2,1,5,4,1,2,4,2,4,3,5,3,4,3,2,1,1,4,5,2,2,1,5,1,2,4,3,4,1,2,4,2,2,4,2,1,5,4,2,4,5,2,2,2,2,3,4,3,5,2,5,2,4,4,4,4,5,1,2,2,5,3,1,1,4,3,4,2,1,3,1,5,4,2,4,5,3,3,4,5,5,2,4,2,4,5,1,3,2
143,31.3658,29.9996,5,5,3,5,4,3,3,1,5,4,1,2,2,2,2,3,5,5,3,5,5,2,4,1,1,4,1,5,1,3,3,2,3,4,5,2,1,5,2,5,2,4,1,2,2,4,5,3,1,3,1,3,3,5,2,3,5,2,1,3,3,2,2,5,2,2,3,1,3,2,1,1,3,1,5,5,2,1,4,4,3,1,4,1,1,3,4,1,4,1,5,2,2,2,3,4,3,3,1,2
144,31.0269,30.1398,5,4,3,5,4,5,4,3,4,5,4,3,4,2,1,2,4,5,4,3,2,3,1,1,4,2,3,2,4,5,1,3,4,5,1,2,3,4,5,4,5,1,5,1,5,3,5,3,3,1,5,2,3,2,4,5,5,2,1,3,5,4,5,2,5,4,1,3,4,2,2,1,1,1,3,5,5,1,1,1,3,5,2,1,4,4,3,3,3,3,3,4,5,5,2,5,3,2,3,5
145,31.3083,30.1405,5,5,4,5,4,2,5,4,5,1,5,3,2,1,4,3,3,1,2,5,1,1,5,4,5,1,5,5,4,5,5,3,4,4,1,4,3,3,5,2,1,4,4,3,3,3,3,2,4,1,2,1,5,3,4,3,4,1,5,1,4,3,3,3,5,3,1,4,1,2,3,1,4,3,2,3,3,4,4,1,5,5,4,1,5,3,2,1,5,4,5,3,1,1,1,2,1,3,5,5
146,31.0162,30.1309,3,2,1,4,3,1,3,5,1,2,3,5,2,5,1,2,4,3,1,5,3,2,3,3,1,1,2,3,2,2,5,5,4,4,4,1,2,2,5,4,4,5,3,1,4,1,2,1,2,2,1,3,4,3,3,4,4,3,5,4,1,5,4,2,5,2,4,2,4,4,2,1,3,3,2,2,2,5,4,3,2,2,5,3,1,5,1,5,5,1,1,4,5,4,5,1,5,2,2,5
147,31.0182,30.1734,2,4,3,4,3,2,5,1,5,4,2,3,1,3,3,2,4,1,1,2,1,4,5,4,5,3,3,2,1,3,2,3,4,5,3,4,2,3,5,1,3,1,5,3,1,2,3,4,1,5,2,1,2,2,4,2,5,3,2,4,5,1,2,2,2,4,1,2,5,3,4,1,2,1,5,1,1,4,5,5,5,5,5,4,5,1,2,5,2,1,2,1,5,5,2,4,1,1,2,3
148,31.4412,29.9626,2,1,2,5,3,4,4,5,4,2,2,1,4,3,1,1,2,4,4,5,5,2,5,1,4,5,2,3,4,2,1,2,4,5,5,2,3,2,4,3,4,2,1,4,5,5,4,5,2,4,2,4,5,2,1,5,4,4,2,4,2,3,4,2,3,1,3,3,3,5,5,2,4,5,2,5,5,3,4,4,3,4,2,2,5,4,4,1,4,4,1,5,5,5,3,2,4,3,4,1
149,31.5177,30.1907,5,4,4,4,2,1,1,4,2,5,4,2,3,5,3,2,3,4,3,3,1,4,4,2,4,4,5,2,3,4,4,1,5,4,4,4,4,5,3,5,4,4,5,1,1,1,3,3,5,3,4,5,4,4,1,5,5,2,1,1,1,4,3,3,1,1,1,2,3,4,4,1,4,2,3,1,5,5,5,2,2,4,4,4,1,2,5,3,4,2,2,5,5,1,5,2,3,4,4,5
150,31.3032,29.9998,2,5,3,1,2,1,5,1,5,5,4,5,5,3,3,3,1,3,1,1,5,1,4,5,1,2,2,3,1,1,5,1,1,1,2,3,3,3,3,3,3,1,2,2,4,3,5,4,2,5,2,4,5,3,4,1,3,5,2,3,2,1,2,4,2,2,2,4,5,3,2,3,1,1,5,2,2,3,5,3,4,5,1,2,2,4,3,3,3,1,3,2,5,4,4,5,1,4,1,1
151,31.3756,29.9438,2,2,2,5,2,3,1,1,4,3,4,4,2,1,3,5,1,1,4,4,2,5,4,3,2,4,3,5,5,3,5,5,1,5,4,5,5,1,3,2,3,5,3,2,3,5,1,1,4,5,2,1,2,1,1,2,1,3,5,5,2,4,4,3,3,1,4,2,3,1,1,3,3,5,2,5,5,5,4,5,5,2,2,1,2,2,5,5,3,2,4,2,2,5,3,2,4,4,2,3
152,31.429,29.9446,2,1,5,3,4,4,1,2,4,2,3,3,2,2,2,2,3,1,3,2,5,4,5,4,1,3,4,5,1,4,4,4,4,5,5,5,1,3,5,2,5,5,1,3,1,2,2,3,2,2,1,2,1,1,1,5,3,5,3,4,3,3,4,1,3,5,2,4,4,1,1,2,5,4,5,2,5,3,1,4,1,3,5,2,2,2,3,2,5,3,3,3,5,1,4,2,1,5,4,5
153,31.4344,30.1138,1,1,2,4,2,3,2,1,3,2,4,5,3,4,3,3,2,5,5,4,2,5,3,5,5,2,2,4,3,1,2,5,3,3,1,5,1,5,5,3,5,3,2,3,3,3,2,3,5,5,5,4,4,5,4,2,2,4,4,4,3,2,1,5,3,1,2,1,2,5,4,1,2,2,3,1,2,3,3,3,5,4,1,5,3,2,5,4,4,2,3,1,1,5,2,1,5,4,1,2
154,31.2281,30.1156,2,2,1,2,5,1,5,4,5,3,2,3,3,4,3,3,5,1,4,2,2,3,5,1,1,2,3,5,1,3,4,2,5,2,2,5,1,5,4,3,1,4,4,4,5,1,2,1,2,4,5,5,4,2,4,4,3,1,3,3,5,4,2,3,3,3,5,4,3,5,2,5,1,5,5,3,4,3,2,5,2,4,3,4,4,4,4,2,3,4,5,4,2,5,5,1,4,4,5,3
155,31.1673,29.9866,4,4,3,4,4,5,1,2,3,1,1,1,5,1,3,1,4,4,2,5,2,3,5,4,4,2,4,3,2,2,1,5,4,3,3,4,3,1,3,4,4,3,2,4,2,1,4,5,1,3,1,3,1,5,5,4,3,5,5,4,3,5,5,1,1,4,2,4,4,2,5,1,2,2,1,4,3,5,3,1,5,1,5,4,3,2,2,5,2,2,5,5,5,4,4,1,2,4,4,3
156,31.2887,30.0859,5,3,1,4,4,2,1,3,4,5,5,5,1,2,5,5,5,2,2,2,2,4,2,1,5,3,2,1,4,2,2,4,4,1,5,5,3,4,3,4,4,4,3,5,2,3,4,3,2,1,5,5,3,3,5,5,1,5,2,2,5,1,1,5,4,4,4,2,1,2,2,2,2,2,3,5,1,3,3,2,1,3,3,4,2,5,3,2,4,2,4,3,4,1,1,5,2,1,1,5
157,31.2443,30.1326,3,4,4,3,4,2,2,1,5,3,4,1,3,3,2,3,2,3,5,3,2,5,3,3,3,5,4,3,2,5,5,2,3,4,2,5,1,5,4,2,2,4,4,4,4,1,4,3,5,3,2,2,1,3,5,3,4,5,4,1,1,4,1,5,1,4,4,4,3,4,5,3,2,1,3,5,2,5,2,4,5,2,1,5,5,2,3,1,5,3,3,5,2,4,1,1,4,2,4,4
158,31.378,29.9784,4,1,3,3,1,5,4,3,5,1,5,1,2,4,4,1,5,2,1,1,3,4,5,1,5,2,4,1,5,1,1,1,1,4,4,4,4,2,4,3,1,1,3,2,3,5,4,4,1,1,3,3,3,2,5,1,4,5,2,1,5,3,2,4,2,4,2,1,2,2,1,5,4,2,1,4,4,4,1,3,1,2,1,4,2,1,1,2,2,3,3,2,5,4,1,2,3,3,5,2
159,31.5114,30.0553,5,5,5,5,3,2,3,3,5,5,5,2,5,5,5,2,4,3,5,3,1,4,2,2,1,5,1,4,1,4,3,1,1,2,1,4,4,5,1,4,4,5,3,1,1,2,5,4,5,5,1,1,2,5,5,1,3,2,3,2,2,3,2,3,4,5,4,1,3,5,5,5,5,3,2,3,2,2,2,2,3,3,4,2,1,4,2,3,2,5,1,3,1,5,3,4,3,5,1,4
160,31.0514,30.0135,2,4,2,3,2,3,3,5,1,5,1,1,2,1,1,3,5,1,3,3,2,3,1,5,4,5,5,2,3,3,2,2,1,1,4,2,3,5,2,4,1,3,3,1,1,1,3,2,1,5,5,1,3,4,5,5,2,3,5,3,3,1,1,1,1,1,5,1,2,5,1,1,5,5,2,4,2,2,2,3,1,3,5,2,5,4,5,2,4,5,5,5,2,5,1,1,4,4,1,2
161,31.0525,29.9373,4,1,4,3,1,1,5,5,2,4,4,4,3,2,3,3,5,5,1,1,3,2,4,4,4,3,2,5,4,4,5,5,1,1,2,2,3,3,4,3,4,3,4,2,4,1,4,4,4,5,4,1,5,4,4,4,1,5,4,4,4,4,1,2,1,2,1,1,5,2,1,4,3,2,1,3,2,1,4,4,3,4,1,5,3,3,2,5,5,4,1,1,5,3,5,3,3,2,5,2
162,31.5008,30.0331,4,3,1,1,2,2,5,3,2,5,1,1,3,5,3,3,2,1,4,3,2,3,4,3,5,5,5,2,4,1,5,2,1,4,2,1,3,4,1,1,1,2,3,3,5,5,3,4,1,3,2,5,4,3,1,1,4,3,5,4,3,1,3,1,5,3,1,3,3,2,2,2,3,2,3,1,2,3,3,2,5,5,5,5,2,5,2,4,2,2,5,5,4,4,4,4,5,4,1,5
163,31.0568,29.9198,3,1,3,1,4,2,5,5,2,4,2,1,5,3,2,3,5,3,2,1,2,1,5,1,5,1,1,2,2,5,2,4,3,3,3,2,5,1,4,3,3,3,4,2,3,3,4,4,3,3,3,2,3,1,4,5,5,4,3,1,4,5,4,1,3,5,4,3,5,1,1,4,2,5,5,2,2,5,5,4,5,4,4,5,1,4,2,5,4,4,2,5,3,2,4,1,2,4,2,1
164,31.4017,29.9755,3,1,3,5,4,5,3,1,1,2,5,3,3,3,3,5,2,3,5,1,2,5,5,5,1,3,5,3,4,5,3,1,5,2,2,3,5,2,5,1,2,3,2,2,3,5,4,3,1,5,1,3,5,3,2,1,1,5,2,3,4,2,1,5,1,3,3,2,2,1,1,2,1,2,4,5,4,5,1,1,4,2,3,4,5,4,4,1,1,1,2,3,5,4,3,4,2,1,5,4
165,31.3415,30.1039,2,2,4,3,5,4,2,5,5,1,1,2,4,5,5,2,2,1,1,4,4,4,5,3,3,1,2,1,2,5,2,4,3,4,5,2,3,2,5,3,1,5,1,4,2,4,5,5,4,2,4,3,1,4,3,4,5,4,3,5,4,1,2,1,3,5,3,4,2,2,5,5,4,1,5,5,2,3,5,2,4,4,5,2,2,4,1,4,5,3,1,2,5,2,3,4,4,1,5,4
166,31.0317,30.1321,2,3,4,2,2,3,3,5,5,1,2,5,1,2,5,4,3,2,3,5,2,5,4,2,4,5,4,1,4,4,1,4,4,3,4,4,2,4,4,2,1,4,2,2,1,4,3,1,3,4,1,4,4,2,4,2,3,1,3,4,1,2,5,4,1,5,3,1,1,2,4,5,3,4,2,5,2,2,5,5,3,1,4,5,1,3,3,1,3,5,5,5,4,5,1,5,4,1,3,1
167,31.3476,30.182,3,3,1,4,1,1,1,2,1,5,4,1,3,5,3,1,5,2,1,2,1,1,1,3,5,3,5,4,3,4,1,1,4,4,4,5,1,2,3,5,2,5,1,4,1,2,1,1,2,4,1,4,5,1,2,3,1,2,1,5,1,5,4,4,4,2,3,3,1,2,1,5,2,2,5,5,2,3,1,3,4,2,2,5,2,5,1,5,3,1,3,1,5,4,4,5,4,5,1,1
168,31.5908,29.9699,2,5,5,1,2,3,4,2,3,2,5,4,5,2,5,5,4,5,1,3,3,1,5,2,3,4,1,2,3,4,5,5,5,4,2,4,2,4,2,4,4,3,1,4,5,1,1,3,5,5,5,4,3,2,5,2,4,4,4,5,3,4,5,4,3,5,3,1,3,5,1,4,4,1,1,4,1,2,1,3,4,5,1,2,4,2,1,4,1,3,3,2,3,2,4,2,2,5,4,5
169,31.0577,29.9431,5,5,2,3,2,4,2,2,3,4,1,5,5,4,3,1,2,4,3,3,5,3,3,4,4,5,4,4,1,3,2,4,3,4,2,4,1,2,5,5,1,5,2,2,1,5,4,2,3,1,2,1,3,5,1,3,4,5,1,1,5,3,1,3,4,5,2,4,5,1,3,5,4,5,5,2,4,3,3,4,2,1,4,3,2,1,4,1,2,3,3,5,3,5,2,3,3,5,5,1
170,31.5571,30.0767,5,5,3,5,2,5,4,4,1,3,3,1,5,4,5,1,2,3,3,4,1,3,2,5,4,5,2,3,4,5,4,2,3,3,1,3,1,3,5,3,4,4,2,5,5,5,3,3,1,5,4,2,1,3,2,1,3,1,2,2,4,5,1,3,4,2,1,3,5,4,1,2,2,3,4,4,4,4,5,4,3,3,1,2,3,4,3,2,2,3,2,5,3,3,1,4,4,3,5,2
171,31.3924,30.1624,3,5,2,2,2,3,2,2,3,3,2,4,3,2,3,2,2,3,3,1,5,1,1,5,1,3,4,4,2,1,1,4,3,3,5,4,5,2,1,1,5,3,4,2,3,5,5,5,4,5,1,2,2,2,5,5,1,3,2,4,4,2,5,2,1,2,1,4,5,1,1,1,1,1,4,3,3,4,5,1,5,5,3,4,4,1,3,2,1,3,5,2,1,4,5,1,3,3,3,1
172,31.5232,29.99,4,2,2,2,5,3,3,4,5,5,4,3,5,1,4,1,3,3,2,2,3,2,5,1,3,4,2,4,4,1,2,3,3,1,4,3,1,2,2,1,1,1,2,3,4,4,1,1,1,1,3,3,3,1,2,3,4,3,5,3,2,3,5,2,1,5,3,5,4,4,2,3,5,1,3,1,4,2,5,4,4,4,4,2,1,5,2,5,1,5,3,5,2,2,2,5,5,3,4,5
173,31.3648,29.9939,1,2,5,2,4,5,5,2,1,3,4,4,1,5,3,4,1,4,3,4,2,3,1,4,4,1,4,4,2,4,5,4,5,1,3,2,2,4,4,5,3,2,5,5,5,3,2,5,2,4,3,2,5,5,4,1,2,2,1,5,5,5,3,3,1,5,5,5,1,3,5,2,2,4,4,5,5,4,4,2,1,4,4,1,5,1,5,2,4,5,1,4,3,2,5,5,1,5,1,5
174,31.1665,29.9827,3,3,1,4,3,1,3,3,5,5,5,2,5,4,4,5,1,5,4,2,2,3,4,3,3,4,3,3,5,4,3,2,2,3,1,5,4,3,1,4,3,3,3,5,1,1,3,3,1,5,5,3,3,3,4,4,4,5,2,2,3,1,5,2,4,4,4,5,3,3,4,5,1,4,1,4,4,3,2,2,3,4,4,1,2,5,3,4,3,2,3,5,5,1,1,5,4,5,4,2
175,31.3065,30.029,5,5,2,3,3,4,1,4,4,3,4,4,1,5,4,3,5,2,5,2,3,3,4,2,2,3,2,4,1,3,3,4,3,1,4,4,3,4,1,1,2,3,2,4,5,1,4,3,1,4,5,1,2,5,4,4,3,5,1,4,3,1,1,5,5,2,5,5,4,4,2,5,2,1,4,4,5,5,5,2,2,1,2,2,3,3,2,1,3,4,5,5,2,4,3,5,1,2,1,5
176,31.096,30.0228,5,5,5,4,3,3,4,1,4,3,3,1,1,5,3,4,2,2,5,5,3,2,4,1,1,1,3,2,5,5,1,4,2,3,5,1,5,4,4,1,3,5,2,2,2,4,4,4,3,2,5,5,5,3,1,1,4,5,1,1,5,4,3,1,2,2,5,5,4,3,4,5,3,4,4,4,2,1,2,5,5,4,5,5,2,3,5,1,4,1,5,2,1,2,4,5,3,5,2,4
177,31.5327,30.1194,1,5,5,1,4,5,1,3,2,5,2,1,3,3,5,3,2,5,4,4,3,3,3,1,1,3,3,5,2,2,1,4,5,4,1,1,1,2,4,1,1,4,4,1,5,3,2,5,4,2,2,2,2,2,5,5,4,1,1,2,3,4,4,4,4,1,5,4,4,2,3,3,5,1,3,4,5,1,3,2,4,2,3,5,5,4,1,3,4,4,4,3,1,1,2,1,3,1,3,5
178,31.4732,30.0237,1,2,4,1,2,4,1,3,1,1,2,5,2,4,2,3,5,2,1,2,4,4,1,3,1,4,1,3,1,5,1,4,2,4,2,4,4,3,1,4,2,1,1,1,4,1,5,1,1,4,4,3,4,5,4,2,3,4,5,4,2,1,3,5,4,2,3,5,4,2,5,5,3,4,5,5,4,5,5,2,3,5,4,4,1,3,3,1,5,4,5,2,4,3,1,1,4,3,4,5
179,31.1437,29.9313,4,3,2,3,1,3,3,3,3,4,3,3,5,4,5,2,1,4,4,5,4,5,5,1,4,1,3,5,4,4,3,3,5,3,3,2,2,3,3,5,1,2,3,4,3,4,2,5,1,4,5,4,3,1,2,2,5,1,1,5,3,5,1,2,2,1,3,2,1,2,5,5,5,4,5,5,5,3,5,5,2,5,1,5,4,4,4,4,5,5,2,1,1,2,3,5,2,3,1,3
180,31.254,30.1923,2,4,4,4,1,3,3,1,4,4,1,2,4,3,4,5,3,1,5,4,3,2,3,2,5,1,3,2,3,2,3,4,5,1,4,3,1,4,4,2,2,3,5,4,5,2,5,3,2,5,2,2,3,4,1,2,1,4,1,4,2,2,4,4,2,5,1,1,2,4,4,5,4,4,1,2,2,2,4,5,1,1,3,5,4,3,1,2,5,4,1,4,5,1,5,4,5,5,2,4
181,31.264,29.954,5,3,2,5,5,1,4,5,4,5,5,5,1,2,2,3,2,5,1,1,1,1,1,5,3,1,2,2,3,2,3,3,1,1,4,1,2,1,2,2,2,4,5,3,4,2,1,5,3,1,2,4,1,4,2,4,3,4,3,5,4,3,5,5,5,4,3,1,3,3,1,2,1,2,4,4,3,2,4,1,5,1,1,1,5,2,1,3,3,1,2,4,5,3,5,4,5,5,4,3
182,31.1775,29.9108,1,3,5,4,3,2,5,4,4,2,1,1,3,4,1,5,4,1,4,5,4,3,5,5,2,3,5,5,1,1,2,5,1,2,1,3,2,2,3,4,5,2,1,3,2,1,2,2,1,3,5,5,4,1,3,2,4,5,4,1,2,2,4,2,5,1,4,2,1,1,3,1,1,1,3,1,5,1,2,3,3,2,4,1,3,2,4,4,2,2,4,4,5,3,1,3,4,3,4,3
183,31.1671,30.0294,5,2,2,4,1,1,3,4,5,3,4,3,1,4,2,3,2,1,5,4,4,2,2,5,2,2,5,3,3,5,3,1,1,1,2,3,3,1,5,5,4,3,5,1,3,1,4,5,3,4,1,1,4,1,3,2,4,4,2,4,1,3,5,4,1,3,2,1,3,4,4,2,4,5,2,4,4,2,2,3,2,1,1,4,3,3,5,3,4,2,4,1,4,2,4,5,3,3,2,3
184,31.12,29.9626,4,4,2,5,1,3,3,3,1,1,3,5,1,2,2,4,2,1,5,4,5,2,4,5,1,3,2,1,2,5,5,2,4,3,2,3,1,3,4,4,5,1,4,1,5,4,4,3,5,1,4,2,2,5,5,3,1,3,1,3,5,5,2,4,1,4,3,3,5,5,1,3,2,4,1,5,4,3,1,2,2,5,3,4,4,1,3,2,1,2,2,3,2,3,1,5,3,2,5,3
185,31.3765,30.1417,5,5,1,5,1,4,5,5,1,3,2,2,2,3,2,1,4,1,2,5,5,1,3,1,3,3,5,4,2,2,4,3,2,2,3,3,1,4,2,2,2,5,2,1,2,1,3,3,3,3,3,5,5,4,3,1,5,1,3,4,1,2,4,4,3,5,4,5,2,5,3,3,5,2,3,1,5,1,2,4,4,2,3,1,3,4,1,3,2,1,1,5,4,2,3,5,4,4,3,4
186,31.0861,30.0593,1,4,2,4,1,5,4,3,5,5,4,5,1,2,4,5,3,3,2,5,3,3,1,4,4,3,3,2,4,5,4,2,3,5,4,4,1,2,2,4,5,1,4,4,2,3,3,2,5,1,3,1,2,1,5,4,5,1,1,2,5,5,5,3,3,3,3,5,2,5,1,4,2,3,1,1,5,3,5,4,3,4,3,3,2,1,2,1,2,2,3,3,1,3,3,3,3,3,4,1
187,31.2187,29.9286,4,5,2,3,4,1,4,1,4,4,2,3,1,4,3,2,2,1,5,5,3,1,5,1,3,2,1,2,3,1,1,3,5,4,4,1,3,2,4,1,3,2,4,1,5,1,4,2,4,1,1,4,4,1,2,4,1,1,1,5,1,4,1,2,3,3,2,5,1,5,1,5,5,2,1,2,5,3,3,2,3,3,4,4,1,1,1,4,1,1,3,4,4,4,5,4,3,2,5,3
188,31.2514,30.059,5,4,1,2,5,2,2,2,4,3,2,2,2,3,2,4,4,3,1,2,3,1,3,3,4,4,5,5,1,3,1,1,1,2,1,3,5,1,3,4,2,5,3,5,4,1,4,3,1,1,4,4,1,4,3,3,5,5,1,1,5,1,4,1,4,2,3,1,2,4,3,3,2,4,4,1,3,1,5,4,4,4,3,5,4,5,4,1,4,3,5,5,2,4,5,1,2,3,1,2
189,31.0165,30.103,4,5,1,2,5,3,2,3,5,3,4,3,2,2,4,3,5,3,5,5,2,5,1,1,2,3,2,1,3,4,1,1,5,4,5,5,1,3,4,5,4,1,4,4,3,5,2,4,5,2,4,5,2,4,5,1,3,5,4,3,3,1,3,3,1,3,4,3,4,1,4,3,3,3,1,5,1,1,4,3,4,3,5,1,1,2,4,4,5,5,3,4,1,3,5,3,2,5,3,4
190,31.3847,30.1375,1,5,3,5,4,5,2,2,4,1,4,4,1,1,5,4,2,1,5,4,4,1,1,4,5,1,5,5,2,2,3,1,1,3,2,4,2,3,3,4,5,1,5,1,2,1,1,4,1,1,4,4,2,3,4,5,1,4,5,2,3,3,2,4,4,2,3,3,1,2,3,5,1,2,3,3,5,2,1,1,5,2,5,4,3,1,4,4,5,4,5,2,4,2,1,3,4,5,4,1
191,31.1455,29.9623,5,3,1,1,5,4,4,4,5,3,4,5,1,1,2,5,2,5,2,5,5,2,2,3,4,5,5,3,1,1,3,4,3,2,2,5,4,1,4,1,2,2,1,4,3,2,1,2,5,2,1,4,4,1,2,2,1,3,3,4,4,4,4,3,3,3,1,5,3,2,2,5,1,4,2,3,4,3,1,2,4,1,4,3,1,2,5,2,4,3,4,2,1,5,1,1,3,3,4,4
192,31.5186,30.0108,3,5,2,4,3,4,4,1,4,1,2,3,2,2,2,3,2,5,3,1,1,4,3,5,4,4,4,2,4,4,5,5,3,5,1,2,3,4,5,4,5,5,1,1,1,2,1,1,4,1,3,1,1,1,3,1,1,4,3,4,1,3,5,4,2,1,2,5,1,4,5,5,5,1,2,3,1,2,2,1,5,3,1,5,3,3,5,3,1,2,3,1,5,4,3,5,1,4,3,1
193,31.168,30.0678,3,3,4,5,3,3,1,4,1,2,4,2,3,3,5,5,4,2,3,2,3,2,2,2,2,2,1,2,1,5,3,3,1,5,1,2,4,1,4,3,1,4,3,4,1,2,4,4,3,2,5,5,4,2,5,4,2,3,2,1,5,4,1,5,5,4,5,1,4,2,1,5,3,5,2,4,3,4,3,3,4,3,3,5,5,5,2,2,5,5,4,1,4,3,5,1,3,1,4,3
194,31.5498,30.0587,1,3,3,5,3,3,3,2,3,1,2,1,5,4,3,4,1,5,2,3,1,4,2,5,3,5,1,3,4,1,4,3,4,1,2,4,3,2,3,3,1,3,4,5,1,2,5,3,1,3,3,1,4,5,3,2,5,3,3,2,4,2,5,2,3,2,3,4,2,2,4,4,5,1,4,1,4,4,5,5,2,3,2,2,4,3,1,4,3,3,3,5,1,4,3,3,3,2,1,4
195,31.1714,29.9189,2,5,2,2,3,4,3,5,4,2,4,3,2,4,2,2,3,3,3,3,1,2,5,3,3,1,1,4,3,3,5,5,5,1,2,2,5,2,5,4,4,1,5,2,5,3,4,1,3,2,3,2,2,2,5,4,2,3,3,3,4,4,4,4,3,4,1,4,5,3,2,1,5,5,2,4,1,1,3,2,2,5,3,3,3,1,1,4,4,4,3,4,3,3,1,2,1,4,1,4
196,31.5619,30.0753,5,4,2,3,3,2,3,4,3,5,4,3,3,5,4,5,2,4,4,2,4,4,2,5,3,2,5,2,3,5,3,2,2,4,1,1,5,3,3,5,1,4,2,1,2,4,1,4,4,2,1,3,5,3,3,4,2,1,5,3,4,4,1,5,5,3,5,4,2,1,5,4,5,3,1,5,2,1,1,4,1,5,1,5,4,3,4,1,4,5,2,3,5,4,5,4,2,3,5,2
197,31.148,30.0848,5,3,3,2,1,4,5,1,1,1,1,1,3,5,3,2,1,3,5,2,3,2,1,5,3,5,1,4,4,4,4,4,1,4,4,1,1,2,1,2,4,1,1,3,2,5,1,1,2,4,4,2,4,5,4,3,5,3,3,4,4,3,2,1,3,4,3,3,3,5,1,3,5,5,5,2,5,1,5,5,2,2,3,3,1,5,3,5,3,1,1,3,2,3,5,4,3,2,1,5
198,31.3995,30.0562,2,3,1,2,2,5,3,2,4,4,4,3,1,5,1,4,1,1,2,1,4,3,3,3,3,1,5,5,1,5,2,5,1,3,5,1,2,3,3,5,5,5,1,1,2,1,5,4,5,5,4,3,5,5,5,1,4,5,1,3,2,5,4,4,5,3,2,3,4,5,3,1,2,2,3,5,3,2,4,2,3,2,1,2,5,4,5,2,4,5,2,3,3,4,4,5,5,5,5,3
199,31.399,30.1878,4,2,3,5,5,5,4,1,3,3,4,4,1,2,1,4,4,4,1,1,1,3,4,3,4,5,5,1,1,4,5,1,4,4,1,1,4,5,5,5,2,2,2,4,5,2,1,1,1,4,5,5,1,3,5,1,4,2,1,1,4,4,5,2,2,1,2,1,2,3,3,4,5,5,5,2,4,3,2,4,1,4,3,3,1,1,4,2,4,1,3,2,2,4,3,3,1,1,1,3
200,31.479,30.1151,3,1,5,3,5,2,3,3,2,4,1,3,3,3,2,5,3,5,1,5,3,3,3,3,2,2,4,3,1,3,2,3,3,3,5,5,3,4,5,1,2,2,1,1,4,2,2,1,2,3,1,1,3,2,3,1,4,2,2,2,5,4,5,3,2,4,3,3,2,5,1,5,4,4,5,5,4,2,3,5,4,2,2,2,5,2,5,3,5,1,5,4,1,5,5,1,5,1,5,3
201,31.0813,30.0374,5,4,4,1,1,4,3,1,3,5,1,2,5,1,4,1,3,1,3,3,5,5,1,3,1,1,3,2,3,5,3,2,1,5,1,2,2,4,1,4,4,5,5,4,4,5,4,1,4,2,5,2,3,5,1,5,2,1,4,5,3,3,5,1,3,5,3,3,1,2,3,4,2,3,4,3,1,2,1,2,1,1,2,1,5,4,5,4,4,1,2,5,5,2,4,4,2,3,2,1
202,31.5975,30.0346,1,5,1,4,5,4,1,4,4,2,5,4,2,2,3,1,2,1,3,1,5,1,3,3,2,5,3,4,5,1,5,5,4,3,3,3,4,2,4,2,4,2,5,1,3,5,5,1,3,4,5,4,3,2,5,4,3,4,4,3,1,2,5,4,4,2,1,4,4,5,3,5,3,2,1,5,2,2,4,5,5,4,3,3,4,5,1,3,4,3,5,3,4,5,2,4,2,2,2,2
203,31.156,30.0711,5,4,3,4,4,3,4,4,3,4,3,4,3,3,1,2,2,2,1,2,2,5,4,2,5,1,2,5,1,1,2,2,2,2,4,4,2,4,5,5,1,3,3,4,2,3,3,5,1,4,3,2,1,4,4,3,1,5,1,5,5,1,5,2,4,3,2,3,2,5,1,4,2,4,2,4,4,5,5,2,5,1,4,2,4,5,4,1,5,5,5,4,5,5,4,2,5,2,2,1
204,31.5762,29.977,5,1,4,4,2,5,4,5,3,5,3,2,5,4,3,5,4,4,2,1,1,5,5,2,5,2,2,2,5,4,2,4,2,5,1,1,3,1,1,5,1,1,5,1,1,1,5,2,3,5,4,3,4,4,3,5,3,1,3,2,5,5,1,1,4,5,4,5,1,2,1,2,5,2,5,1,2,4,2,3,1,4,2,3,1,3,4,5,1,3,2,3,4,5,1,5,4,3,1,5
205,31.0538,30.0274,3,4,5,5,5,5,3,5,5,5,4,1,5,5,3,4,1,4,4,3,3,3,5,4,3,4,4,3,5,2,4,2,4,5,2,3,5,2,3,5,5,3,4,5,5,3,5,3,3,1,2,2,2,1,1,2,5,1,2,3,2,4,3,3,1,5,1,5,2,4,5,4,4,4,3,4,5,5,3,1,1,4,4,3,4,4,4,4,3,1,3,1,5,4,2,2,1,2,3,2
206,31.1809,30.1196,4,4,3,5,5,5,3,3,2,1,5,1,4,4,3,5,5,4,1,2,4,4,2,1,2,3,1,3,1,5,4,2,1,3,3,4,2,1,3,1,5,1,4,5,5,1,4,5,3,3,4,2,4,3,1,4,3,5,4,3,2,3,2,1,4,3,4,3,3,1,1,3,2,4,4,1,5,2,1,1,2,5,2,3,1,2,5,2,5,5,3,2,2,5,3,4,4,4,2,2
207,31.1244,30.0398,2,3,5,1,3,1,3,3,4,2,1,3,3,1,3,1,5,4,3,2,1,1,2,1,1,1,5,2,1,4,2,2,2,5,4,5,3,1,5,3,2,4,1,5,3,1,4,2,5,4,1,2,5,1,4,3,3,5,5,2,4,1,1,4,1,4,5,1,3,1,5,1,3,5,1,5,1,3,4,4,5,3,2,4,2,1,5,1,4,4,3,4,3,5,1,2,5,4,2,3
208,31.358,30.0693,5,2,2,3,4,5,1,4,1,4,4,3,5,1,5,1,5,3,4,5,2,1,5,1,1,5,2,5,2,4,3,4,2,1,2,3,3,2,2,2,2,4,2,3,3,4,3,2,5,1,2,3,5,2,1,4,2,4,4,1,2,1,4,4,2,1,5,2,5,2,1,3,3,5,3,4,1,1,2,5,1,5,3,4,2,2,4,3,2,1,4,4,3,5,5,4,3,2,2,4
209,31.5208,29.9753,1,5,5,5,1,2,1,3,4,4,5,4,3,2,5,4,2,3,4,4,4,2,3,5,4,1,3,4,4,1,5,5,5,3,3,2,1,5,3,5,2,1,2,4,4,2,3,4,3,1,2,3,4,4,5,5,1,5,4,1,5,4,4,2,5,5,5,5,1,5,1,5,2,1,5,3,5,2,4,1,2,3,3,3,3,3,2,3,5,1,2,3,2,4,5,2,1,3,5,5
210,31.1049,30.1249,2,5,1,4,2,3,3,4,4,2,1,4,2,5,3,5,5,2,1,2,4,3,5,3,1,4,2,1,2,4,3,1,3,2,1,2,2,5,3,2,3,1,5,1,1,4,4,2,5,2,4,2,2,2,4,4,4,5,2,3,2,5,1,4,1,3,5,4,2,3,3,3,3,1,5,5,1,2,4,1,2,4,4,3,2,4,3,1,2,1,3,5,2,3,3,2,2,5,1,4
211,31.312,29.9298,3,3,3,4,3,3,5,5,5,4,1,4,1,2,4,5,2,1,1,5,2,4,3,4,3,2,4,1,1,2,5,3,1,2,1,4,3,5,4,1,2,3,4,4,5,4,4,4,4,2,1,4,5,3,5,5,1,4,5,5,1,1,2,5,1,3,1,5,2,1,2,4,3,4,3,2,1,2,2,5,4,5,5,2,5,1,4,1,5,5,1,2,2,2,5,1,3,1,5,2
212,31.4716,29.9532,4,2,2,5,4,1,5,3,3,5,5,3,4,4,3,5,4,3,2,1,2,1,5,4,3,5,1,5,4,5,1,3,2,2,4,4,3,5,2,3,1,2,3,4,4,5,5,4,2,2,2,4,4,3,2,5,3,3,5,3,4,1,2,3,3,3,2,2,1,4,5,5,2,1,5,5,4,3,5,4,5,4,5,1,2,3,5,2,1,1,5,2,5,1,3,1,1,2,1,1
213,31.4279,29.9162,4,1,2,1,5,2,5,5,3,3,1,5,4,5,5,1,5,4,2,2,5,4,2,3,4,3,4,2,1,5,3,1,5,5,4,3,1,2,2,4,5,1,1,1,5,3,5,4,1,2,1,1,5,2,5,3,3,5,1,4,4,1,5,5,1,5,2,2,4,1,4,1,1,4,1,1,1,1,4,2,3,5,1,3,5,2,1,4,3,1,1,5,5,5,2,1,2,3,2,5
214,31.3719,30.0462,1,3,2,1,5,3,4,3,3,5,3,3,4,3,3,2,5,2,3,1,5,1,1,4,4,3,5,2,1,4,2,4,3,4,1,4,4,5,4,4,3,4,4,5,2,1,3,2,3,2,5,5,4,3,4,1,4,2,4,5,1,4,5,5,2,3,5,2,5,1,2,3,2,1,5,3,5,1,4,1,3,4,1,3,5,1,2,4,4,5,3,1,5,4,4,4,1,4,5,2
215,31.3256,30.0775,1,2,1,1,4,3,5,3,2,4,2,2,1,3,5,5,2,1,1,2,1,5,2,1,5,3,1,2,4,3,3,1,2,3,5,1,2,5,4,2,1,4,1,2,2,4,1,5,4,1,4,3,1,5,3,4,3,3,5,1,4,1,3,5,5,5,5,1,2,4,3,3,1,2,5,4,5,3,3,5,3,3,2,1,2,5,4,5,4,4,4,5,3,3,2,2,2,5,4,5
216,31.1555,29.9994,2,2,1,5,2,3,5,1,5,5,5,4,4,2,4,4,5,5,3,4,4,4,5,4,4,5,1,2,4,1,5,5,4,3,1,5,3,5,3,4,1,5,1,4,2,2,4,2,2,3,1,4,2,4,5,1,2,2,4,1,2,5,5,3,1,5,3,4,4,4,2,2,2,3,2,1,1,2,1,1,3,3,2,3,5,4,5,3,3,1,4,3,3,3,1,2,2,5,5,2
217,31.53,30.1379,3,2,4,1,1,2,4,3,1,2,5,2,4,3,3,2,5,3,5,1,5,5,3,4,1,4,2,4,4,2,2,3,5,4,4,2,4,2,1,2,2,4,5,4,1,1,1,3,2,5,4,2,4,4,5,2,2,1,2,5,3,2,3,5,1,4,4,5,5,1,2,3,4,5,1,2,1,1,1,3,5,3,2,5,3,5,1,4,3,1,2,1,1,5,2,3,5,5,2,5
218,31.2982,30.132,5,2,1,5,1,5,4,2,2,1,4,3,4,1,3,1,4,1,1,5,4,4,2,2,1,5,3,4,1,2,2,5,4,3,2,1,4,2,2,3,4,2,3,3,5,4,4,3,2,2,5,3,4,2,4,2,5,5,1,4,1,3,2,1,1,4,5,4,4,4,5,4,5,1,4,2,3,2,3,2,1,1,4,5,1,5,5,2,3,5,2,5,5,4,4,4,1,3,3,5
219,31.4224,30.0618,3,4,3,4,5,5,2,4,5,4,1,5,2,4,3,3,1,2,2,3,4,1,3,4,1,5,1,3,5,5,1,5,5,2,1,5,4,5,5,1,2,2,1,3,2,3,3,3,5,5,5,5,3,2,2,4,2,5,1,3,5,1,5,1,3,1,5,2,1,1,5,3,3,2,5,3,3,3,5,2,2,1,4,5,3,1,4,5,1,4,2,5,4,2,1,2,4,2,3,1
220,31.022,29.9363,5,5,2,3,5,1,5,1,1,4,5,2,4,3,3,4,3,4,5,1,3,2,3,3,3,2,4,1,2,5,2,4,1,1,3,1,2,4,1,3,5,5,2,4,5,3,3,2,5,3,3,4,2,1,3,3,5,4,3,3,5,3,2,4,3,4,2,5,5,2,5,1,1,4,4,1,4,4,4,4,2,2,5,1,3,3,4,4,2,4,5,2,5,4,1,3,3,3,2,3
221,31.0746,29.9734,5,3,4,1,5,2,3,3,4,5,3,4,2,4,2,2,3,4,5,5,5,2,3,5,3,3,2,4,2,1,2,2,4,3,5,5,1,5,1,5,1,2,4,1,4,2,5,4,5,3,1,2,2,2,1,5,4,3,4,1,3,3,5,4,1,4,1,2,4,5,3,5,2,1,3,5,3,5,1,2,4,5,3,4,2,4,4,1,2,4,1,3,2,3,2,3,5,1,3,2
222,31.5621,30.1102,4,3,5,4,4,3,1,2,5,3,2,4,1,1,2,3,3,4,4,3,3,5,4,5,3,5,2,2,2,5,2,1,5,5,3,4,4,2,4,3,5,1,3,1,3,3,3,4,1,4,4,3,4,3,1,2,4,2,3,4,3,4,2,5,2,4,3,1,5,1,5,1,2,5,1,5,5,2,3,5,3,2,4,4,5,3,4,4,1,4,4,4,3,1,3,3,1,4,4,1
223,31.5367,30.0595,4,5,5,1,4,3,2,4,4,4,1,2,3,4,3,5,3,1,5,1,2,2,2,5,5,4,5,4,2,1,3,3,4,3,2,3,5,3,4,4,1,5,4,4,3,5,1,2,1,4,3,2,2,1,3,5,3,4,1,4,5,3,4,3,2,3,3,1,3,2,2,2,5,5,3,5,2,1,2,3,2,3,2,5,3,5,2,5,3,5,4,2,5,5,1,1,4,1,4,4
224,31.2657,29.9705,3,2,1,3,2,2,5,3,1,5,4,1,3,2,3,1,2,3,1,5,4,5,5,5,2,5,5,3,5,1,2,1,2,2,1,2,3,4,4,3,3,4,1,5,1,2,3,4,1,3,2,1,2,4,4,2,1,4,5,1,2,5,5,1,3,1,5,1,2,5,1,2,1,1,3,4,5,1,2,5,4,1,3,2,1,3,3,4,5,4,5,5,5,3,4,4,5,5,5,4
225,31.543,30.1331,3,5,1,4,3,3,1,3,5,2,2,5,3,3,2,1,3,5,5,1,2,1,3,3,2,1,2,3,2,4,2,4,5,1,2,1,2,4,3,4,1,4,2,3,3,5,4,2,2,4,3,4,3,2,5,5,3,5,1,4,3,1,1,3,3,5,2,3,4,5,1,1,2,2,5,4,4,5,5,5,3,4,4,1,1,1,5,2,1,3,3,1,2,4,5,4,4,2,3,3
226,31.4469,30.1357,4,1,1,3,4,3,2,4,4,5,4,4,3,2,1,1,2,2,5,3,3,3,4,4,1,5,3,4,4,4,2,5,1,3,2,2,1,5,3,1,1,4,5,1,4,5,1,3,3,2,1,3,1,1,2,2,4,1,3,1,5,3,2,2,3,5,3,1,1,4,1,5,3,3,3,4,3,3,1,4,3,1,5,4,3,2,2,2,2,4,1,1,5,4,1,5,2,5,2,3
227,31.1372,30.1142,1,4,5,5,3,5,3,5,2,1,3,1,5,2,5,1,5,5,2,1,2,4,4,1,1,5,5,5,4,1,5,3,4,4,4,4,2,3,1,2,2,1,1,3,5,2,1,5,5,4,1,2,5,4,2,2,3,3,5,5,2,1,4,3,3,3,5,2,5,1,2,1,4,5,2,1,5,5,2,1,5,1,3,3,5,1,5,2,3,4,5,4,5,1,1,1,5,3,2,2
228,31.5204,30.0646,5,2,5,2,2,5,1,1,4,5,2,5,2,2,4,1,2,4,5,5,3,3,4,2,1,1,1,1,1,3,5,1,3,2,4,3,5,2,4,1,4,4,2,3,5,4,4,3,2,2,5,5,4,2,3,3,2,3,3,2,5,3,2,4,3,3,4,3,3,2,2,4,1,3,3,5,5,3,5,2,4,2,5,3,3,2,2,4,4,5,1,5,1,2,1,1,4,4,5,3
229,31.1692,30.0945,1,2,2,3,1,5,3,2,1,2,5,1,2,5,4,4,3,5,1,2,5,1,4,5,4,1,1,3,2,4,3,5,4,4,4,5,4,3,2,1,1,3,1,4,5,4,4,2,4,4,2,3,4,4,3,1,2,3,5,2,2,5,4,5,2,1,5,4,1,1,2,2,3,3,5,5,1,4,5,5,2,5,4,1,2,2,1,3,2,4,4,1,2,1,3,3,4,3,3,1
230,31.3447,29.9371,1,2,3,3,3,2,1,2,4,5,3,3,5,5,2,2,5,5,3,2,4,4,5,3,3,4,3,2,2,3,4,1,2,5,1,2,4,3,2,3,5,4,5,2,3,3,4,1,5,1,1,1,2,1,2,2,1,1,3,3,5,2,5,5,5,2,5,2,2,4,2,4,3,5,1,1,4,5,1,2,1,2,2,2,1,2,5,1,2,5,4,1,5,4,3,3,5,5,4,4
231,31.3571,30.0325,2,3,1,2,4,4,5,5,4,1,5,3,2,3,3,2,1,4,2,1,5,4,1,3,2,5,5,3,1,2,5,1,5,2,5,1,1,5,2,3,1,4,2,1,1,3,5,2,4,2,4,3,4,5,3,2,1,1,4,5,1,2,4,4,5,4,3,1,5,4,3,1,1,4,4,3,2,1,3,2,5,1,3,3,2,4,5,5,3,1,1,2,5,2,5,4,5,5,1,3
232,31.5098,29.9569,3,1,2,3,1,3,3,4,3,4,1,4,5,4,2,5,3,3,3,2,5,3,5,2,2,2,5,4,1,1,2,4,5,1,4,3,4,5,2,5,3,2,1,1,4,5,2,5,4,5,2,1,1,1,2,4,1,2,1,5,4,3,1,5,5,2,4,4,1,1,4,2,5,2,1,4,4,5,2,3,1,1,4,4,2,1,1,2,3,2,4,3,2,4,5,5,3,1,5,3
233,31.1013,29.954,5,3,1,4,2,5,2,4,3,1,2,5,3,5,3,5,3,5,1,1,4,2,4,4,1,4,3,3,5,4,1,3,1,5,5,3,4,1,2,3,4,1,5,1,1,4,3,4,5,4,5,3,5,5,5,4,5,5,5,1,3,5,5,5,2,2,2,4,4,2,1,2,4,5,5,3,5,3,4,5,2,2,5,3,2,4,2,2,5,1,5,5,5,3,3,3,2,4,4,4
234,31.471,30.0759,4,3,2,4,2,5,5,2,4,2,3,2,1,5,5,5,4,3,4,3,5,5,2,3,2,3,3,2,2,5,2,1,2,4,2,4,3,1,2,5,5,5,2,4,1,1,4,4,4,2,4,5,5,4,1,1,4,3,3,2,1,3,3,5,3,1,2,5,1,1,4,1,5,2,5,1,5,3,1,5,4,4,2,4,3,1,2,3,4,5,4,3,5,5,1,1,3,2,1,2
235,31.0303,29.9464,2,1,1,4,5,3,4,5,4,1,2,2,5,2,1,4,1,2,1,3,2,3,1,1,4,1,4,2,2,2,2,1,5,3,1,2,5,4,1,4,4,4,1,1,1,3,1,2,2,3,4,5,2,1,1,1,3,5,3,5,1,4,4,5,2,4,2,5,1,5,2,2,4,1,1,5,5,4,3,4,3,5,2,4,4,2,2,2,2,2,2,3,4,2,2,3,3,3,2,3
236,31.4497,30.0581,5,3,4,3,1,3,4,4,2,1,5,1,4,4,2,5,5,4,2,2,1,2,5,3,4,3,1,4,5,5,5,5,3,1,5,2,3,1,1,2,5,2,5,4,1,2,3,2,1,2,5,2,3,3,2,4,3,2,1,5,4,3,3,3,4,5,1,2,2,1,1,1,5,2,2,2,3,4,5,4,1,3,3,3,1,2,3,5,2,1,2,5,5,5,4,4,4,4,5,4
237,31.5362,29.9335,1,4,3,2,5,4,3,4,3,2,3,5,5,4,4,5,1,3,2,4,5,4,4,4,5,1,4,2,3,4,1,4,2,2,4,4,2,3,4,3,5,2,3,1,1,1,2,2,3,1,4,3,1,2,1,3,3,4,1,5,5,1,4,3,2,1,5,4,1,3,2,2,4,4,3,4,1,1,5,1,3,3,5,3,5,3,1,4,2,5,1,5,4,3,1,2,4,1,2,4
238,31.0205,30.017,2,4,4,1,2,1,5,4,1,3,1,4,1,5,4,3,3,2,1,4,2,1,3,2,3,3,2,1,2,2,4,3,5,4,2,5,5,1,1,2,3,1,3,2,1,2,3,5,1,1,4,5,3,2,5,5,2,1,5,1,4,4,3,1,3,1,1,2,3,3,2,1,2,5,3,2,3,5,4,1,4,2,4,5,2,1,1,1,4,5,5,3,4,1,2,5,2,5,4,4
239,31.3754,30.1451,4,3,1,3,2,3,3,4,5,5,1,2,5,5,4,3,2,1,3,4,2,4,2,2,4,1,4,2,3,1,5,5,3,1,2,3,5,2,2,1,2,2,4,5,3,1,2,5,3,4,4,3,1,5,2,5,1,3,3,3,2,2,4,3,3,5,5,3,2,1,5,4,1,1,1,5,4,4,5,2,3,3,2,5,2,2,2,3,4,2,5,1,4,5,3,5,3,1,4,4
240,31.0086,29.9681,1,2,1,1,5,5,4,4,4,1,1,4,5,1,3,1,3,2,5,2,4,2,4,3,1,5,1,5,4,3,2,3,2,5,1,5,4,2,1,1,1,1,3,4,5,3,5,1,3,1,1,2,4,5,1,3,3,4,2,5,3,3,2,1,5,5,4,5,4,2,5,1,1,3,5,5,2,2,5,2,3,4,2,2,2,5,5,1,4,1,2,1,2,2,3,4,5,5,2,1
241,31.3841,29.9811,5,4,1,5,1,1,5,1,4,2,2,3,4,2,4,1,3,4,3,5,3,5,2,4,1,2,4,1,4,2,5,2,3,2,5,2,4,5,5,3,1,1,2,3,2,3,1,1,1,4,2,4,5,4,5,1,1,3,5,4,3,5,3,5,4,3,5,1,2,3,1,5,2,3,2,1,2,5,5,1,4,5,1,4,2,5,5,4,4,2,3,1,1,3,4,5,3,3,3,1
242,31.0433,29.9677,1,3,5,4,4,5,5,1,4,5,2,5,2,5,5,5,5,3,4,1,4,1,2,4,4,1,2,5,3,3,2,1,1,5,2,5,5,4,1,5,2,1,2,1,4,1,5,4,4,5,2,2,5,1,3,3,3,4,4,5,1,4,2,3,4,5,5,2,3,1,4,4,3,5,5,3,5,5,3,5,3,1,5,1,3,3,5,2,2,2,2,3,1,4,2,5,3,4,5,4
243,31.5423,30.0528,5,5,4,1,1,3,1,4,3,3,1,3,4,5,1,4,4,2,5,4,3,2,4,2,4,3,2,1,5,3,3,4,2,4,4,3,5,5,5,2,2,4,2,5,5,2,5,4,3,3,4,3,3,5,3,3,5,5,4,5,4,1,1,3,5,3,4,2,2,4,4,2,1,3,1,2,4,4,2,5,3,5,2,3,5,3,1,5,4,4,5,1,4,3,2,5,4,4,2,3
244,31.3543,30.0793,5,2,1,2,5,2,3,5,2,5,4,2,5,5,1,5,5,3,1,2,5,5,1,4,4,2,3,2,2,5,5,2,4,4,1,3,5,2,2,4,1,1,1,1,3,5,2,4,1,1,1,3,1,4,5,5,3,3,2,5,2,1,4,3,3,4,2,5,4,5,4,3,2,4,2,1,2,4,3,3,1,3,4,1,1,5,2,2,1,5,3,1,1,1,5,2,3,4,5,1
245,31.2215,29.9966,4,4,5,1,5,1,3,1,5,5,3,3,4,4,5,1,1,1,3,5,1,1,2,1,2,1,1,4,5,1,4,3,5,4,5,1,1,1,3,4,4,1,5,4,1,3,4,4,4,4,2,2,4,2,2,3,1,4,4,3,2,2,2,2,5,3,3,1,1,5,5,3,2,4,5,4,3,1,2,1,5,1,2,4,2,1,2,1,1,2,5,3,3,1,4,5,5,3,3,4
246,31.5853,30.1703,4,1,2,2,4,5,1,5,1,2,3,2,5,2,4,3,3,5,5,5,4,1,3,1,2,5,2,1,3,1,5,4,3,2,2,2,3,2,3,3,2,3,4,5,4,1,3,5,1,3,3,4,3,2,1,3,3,4,5,4,1,3,3,4,3,5,5,5,2,5,2,2,5,2,3,3,4,2,2,1,2,1,3,5,2,2,2,2,5,4,1,1,4,1,4,3,3,4,3,5
247,31.3969,30.1645,5,5,4,2,2,5,1,1,5,1,4,2,3,5,1,4,4,5,1,2,4,1,5,3,1,3,1,1,5,4,3,2,1,3,3,4,5,3,5,4,4,1,2,3,3,1,3,1,5,3,5,2,1,5,2,4,1,5,5,2,1,2,5,5,3,2,2,5,2,4,1,5,2,4,3,5,5,5,5,4,3,2,3,5,1,4,1,5,4,1,4,5,5,2,3,2,2,5,4,5
248,31.1822,30.0794,2,5,1,4,3,4,5,1,4,4,4,2,2,2,4,3,5,4,1,1,4,5,1,2,3,5,5,3,2,5,4,1,5,4,4,2,3,3,3,2,3,4,2,3,1,1,2,1,4,2,4,2,5,4,2,1,3,4,3,1,4,4,4,4,4,5,3,4,5,3,3,3,1,3,1,5,3,3,4,1,3,3,1,3,2,2,1,3,5,2,3,5,3,3,5,2,1,3,4,4
249,31.4707,30.0685,5,5,4,3,3,3,2,1,4,5,1,1,4,1,2,1,1,1,2,1,2,1,2,3,1,1,3,4,1,4,5,3,2,3,2,3,2,4,1,4,3,2,5,3,5,4,5,3,2,2,2,1,1,4,3,4,1,2,3,5,2,4,3,2,2,5,1,4,3,3,2,2,2,3,2,3,3,4,5,4,1,2,1,4,3,4,5,1,5,1,4,5,3,4,1,2,5,2,2,4
250,31.2868,30.1418,3,4,2,2,3,1,1,4,2,2,2,1,5,2,1,2,1,3,2,3,3,3,2,1,2,5,3,3,5,2,3,5,5,5,1,2,3,2,5,1,4,3,1,5,1,5,1,2,2,5,2,2,1,5,5,2,1,4,3,2,2,2,5,5,1,3,3,3,1,3,5,4,3,5,1,4,2,5,1,2,1,5,3,2,4,3,1,2,1,4,1,3,2,1,1,2,3,1,4,4
251,31.027,30.0438,3,2,2,2,5,1,5,2,3,3,1,4,2,1,1,1,5,1,1,3,1,1,2,4,4,3,4,4,4,4,4,2,3,5,4,5,3,4,5,2,3,5,1,5,1,4,3,4,5,2,5,2,1,2,2,4,5,2,4,5,1,3,1,1,2,3,2,1,5,1,2,4,1,1,5,5,1,5,1,1,1,1,4,5,2,5,5,5,1,2,3,5,1,3,4,1,3,2,5,2
252,31.2086,30.1059,4,2,2,1,1,3,1,4,5,1,3,4,4,2,2,1,1,5,4,2,5,3,2,4,1,4,3,1,3,5,2,4,4,3,3,5,4,1,1,1,2,5,3,5,4,4,1,2,1,5,4,2,5,4,3,1,3,5,4,2,2,2,4,4,4,4,4,1,5,3,5,1,5,2,2,4,1,1,3,5,4,3,3,2,1,5,2,4,1,5,4,2,4,2,3,1,5,3,3,4
253,31.2693,30.0217,3,3,3,1,2,2,3,1,3,3,2,2,4,4,3,3,2,3,2,3,2,3,4,3,4,5,5,4,5,1,4,1,5,4,3,4,1,5,4,3,4,1,1,3,5,1,1,3,4,5,1,3,5,3,1,4,5,3,2,3,2,3,2,2,5,5,4,5,2,3,3,5,1,3,2,3,2,5,4,5,1,5,4,1,4,3,2,4,5,4,5,1,2,5,3,4,4,1,5,1
254,31.358,29.9964,3,5,2,2,1,2,5,1,5,3,2,3,2,2,3,2,2,1,1,3,5,3,1,2,1,4,2,5,4,1,5,3,2,2,3,2,2,1,4,4,3,5,3,2,2,1,5,1,2,3,1,2,5,3,2,1,1,4,1,4,3,2,1,5,1,1,3,5,4,1,4,1,5,3,2,2,3,3,4,5,2,4,1,1,1,1,2,3,1,1,4,4,3,1,2,1,3,2,3,2
255,31.5063,30.0465,1,3,4,4,3,4,3,3,5,1,4,3,5,3,4,4,1,3,5,4,1,3,4,2,1,2,3,1,1,3,2,3,3,3,4,1,3,3,2,3,5,1,3,4,1,2,2,3,1,5,5,2,3,4,2,2,2,4,2,5,3,5,1,1,4,1,4,3,1,3,4,4,4,4,5,3,1,1,5,2,4,3,4,4,5,5,4,2,4,3,1,1,4,3,5,3,5,5,3,2
256,31.2515,30.1343,5,3,2,5,3,1,5,1,4,4,4,5,5,4,4,5,5,2,5,1,1,3,1,4,4,5,2,3,5,3,1,5,5,5,2,4,5,4,2,1,1,1,3,4,1,5,2,3,3,4,1,3,1,3,1,5,5,3,4,1,3,1,5,3,4,5,3,5,4,2,5,4,4,3,1,4,2,1,1,2,1,3,3,1,5,4,5,3,5,2,4,3,1,5,5,2,5,5,1,3
257,31.3791,30.1653,5,4,2,3,4,2,2,2,2,1,1,1,4,3,4,1,5,5,2,4,3,1,1,4,1,5,3,3,1,1,1,1,1,1,5,3,2,5,4,2,3,1,3,2,5,1,3,2,5,1,2,1,1,1,5,5,5,4,3,2,1,2,2,4,3,3,5,1,3,4,2,3,4,1,3,3,5,5,1,4,1,3,4,2,1,3,2,4,2,4,2,4,4,1,2,2,2,1,2,1
258,31.2163,29.9659,1,4,4,5,5,5,2,2,5,2,1,5,1,4,3,2,3,3,2,1,2,3,1,2,2,5,1,5,4,5,3,1,3,4,3,1,5,5,2,5,2,1,5,3,1,1,2,3,5,5,1,5,3,2,4,5,2,5,4,5,1,4,1,3,3,5,2,1,5,4,5,2,4,1,5,5,1,2,2,2,5,2,3,1,4,1,2,4,4,4,5,5,4,4,5,3,1,5,2,2
259,31.5972,29.9444,2,4,4,2,2,3,2,3,4,1,5,2,3,2,2,4,4,1,3,3,1,4,1,4,2,5,4,4,5,2,2,5,3,1,2,1,5,1,3,3,3,5,1,2,4,5,5,1,3,4,1,5,2,3,1,2,5,2,5,3,4,3,1,4,2,1,4,3,3,5,4,3,3,5,2,4,1,5,4,4,3,2,3,5,3,1,4,3,4,2,3,4,2,3,2,5,1,3,2,3
260,31.1513,30.0733,4,3,5,1,1,1,3,4,5,1,4,4,2,3,4,2,4,5,2,3,2,5,2,3,4,4,4,1,5,4,3,3,5,1,2,1,3,5,5,1,5,1,2,5,5,3,3,1,2,1,5,3,2,2,4,1,3,2,1,1,3,5,5,1,5,3,4,5,2,3,5,1,3,4,4,2,3,2,3,2,5,4,3,1,3,4,2,1,5,5,4,2,2,5,5,5,5,5,4,5
261,31.0801,29.9754,3,4,3,4,1,2,4,3,1,2,4,5,2,3,3,1,1,1,2,5,3,1,2,3,3,2,3,5,1,2,3,2,5,2,5,1,2,3,5,4,5,1,5,5,1,4,4,5,2,3,3,1,4,1,4,2,3,2,2,3,5,1,4,3,4,5,2,2,4,4,1,1,5,3,1,3,3,2,3,4,5,3,3,2,4,1,5,3,1,4,3,4,4,5,1,4,2,1,3,2
262,31.2364,30.1676,4,4,2,4,5,5,2,4,3,2,5,1,2,1,4,3,4,4,2,4,5,2,1,4,5,3,4,3,4,1,2,1,2,2,5,2,4,3,3,5,1,3,5,4,1,3,4,4,4,1,4,1,5,2,4,2,1,1,3,4,3,4,4,2,5,2,2,1,2,3,2,4,3,3,5,1,3,1,3,2,2,4,2,2,5,4,3,2,4,1,5,2,1,1,1,2,1,1,3,2
263,31.0872,29.9517,4,4,3,1,2,3,4,4,2,2,5,1,2,1,5,2,1,1,3,3,2,4,1,3,3,5,3,5,4,2,5,5,3,2,2,4,3,3,4,1,1,2,5,1,2,1,1,4,1,4,5,5,1,2,2,2,1,4,4,1,4,5,1,5,4,4,4,3,3,4,1,5,5,4,4,2,3,5,5,3,1,2,2,4,4,3,3,3,5,1,1,5,1,1,4,4,4,2,5,2
264,31.56,29.9084,2,5,4,5,2,1,3,1,1,4,2,3,2,3,1,3,5,5,4,3,1,3,3,2,4,2,5,1,5,4,4,5,4,2,4,1,5,3,3,1,1,1,1,1,4,1,3,3,1,3,2,3,3,1,3,2,5,1,5,1,4,4,4,2,3,2,1,3,3,2,1,2,5,5,2,3,2,2,4,5,3,5,5,4,3,1,2,2,1,4,2,3,5,3,5,2,5,2,5,1
265,31.0909,29.9033,1,2,5,4,2,4,4,4,5,4,5,1,3,5,1,3,5,2,2,4,2,4,3,1,5,1,2,1,2,3,5,2,3,1,5,5,1,5,5,4,4,1,5,1,3,2,3,5,5,3,5,2,1,3,2,1,2,4,5,3,1,1,4,5,5,2,5,1,5,2,3,2,1,1,5,3,5,3,5,4,2,5,2,5,1,4,2,2,4,2,2,5,1,4,5,5,5,5,5,1
266,31.1124,30.1167,1,5,2,1,5,3,5,4,3,3,4,1,1,1,5,3,3,1,1,5,5,5,5,2,4,2,1,3,4,1,2,3,4,5,2,3,5,1,1,5,1,3,5,5,4,4,4,5,4,2,4,5,3,1,5,1,1,2,1,3,3,2,2,3,5,4,3,2,4,3,1,2,3,4,2,5,5,1,5,3,4,4,4,1,5,3,3,1,3,4,2,1,1,3,2,2,2,4,1,1
267,31.266,30.1067,1,2,2,2,3,1,3,4,1,4,1,3,3,5,2,4,1,4,2,1,1,2,3,5,3,4,5,5,3,2,1,3,2,1,4,1,3,3,3,2,5,2,4,5,4,1,3,3,5,5,5,2,2,3,1,1,2,4,2,2,4,5,1,5,4,1,2,4,2,3,3,3,1,2,5,4,1,2,2,4,1,4,2,1,5,4,1,1,4,1,1,2,4,1,1,3,5,1,3,1
268,31.5888,30.0302,2,2,2,5,5,4,3,2,5,3,1,1,3,2,5,4,3,1,2,3,4,4,5,3,3,1,1,2,3,3,3,5,4,2,5,2,2,5,4,2,2,2,3,1,3,1,4,4,3,5,3,5,3,1,1,4,2,2,5,1,5,3,4,2,5,4,2,1,5,2,5,4,3,2,4,2,1,3,1,4,2,2,2,3,5,3,5,5,3,5,4,1,4,5,1,4,4,2,1,5
269,31.1068,30.1761,1,4,1,3,4,2,1,1,5,2,4,1,1,4,3,5,3,1,1,3,3,3,4,5,4,1,3,5,3,1,4,3,4,4,1,5,3,1,3,1,4,1,1,3,1,3,1,5,3,4,2,3,5,4,5,5,4,3,1,1,2,2,1,5,1,5,1,4,3,4,2,1,2,3,4,5,1,1,3,4,3,4,2,4,1,2,2,5,4,4,5,3,4,5,2,1,1,4,1,1
270,31.3681,30.1354,4,1,2,1,4,3,3,1,1,2,5,2,1,1,1,2,2,2,2,3,3,2,5,1,4,1,3,5,1,1,2,3,2,4,4,1,2,4,2,3,1,3,1,2,2,2,3,1,4,1,4,4,4,2,3,3,5,4,3,5,4,1,3,1,2,1,4,5,1,1,5,5,4,3,5,3,3,5,2,1,5,2,4,5,5,5,5,2,4,4,4,5,3,4,5,5,3,4,3,2
271,31.3831,29.931,4,2,2,5,5,3,1,1,2,4,4,5,1,5,4,1,1,2,5,5,5,5,3,2,4,5,4,2,2,5,1,3,1,1,1,1,2,5,5,3,1,4,4,2,4,1,2,1,1,3,5,4,3,4,5,1,3,4,4,4,5,5,5,3,2,3,2,5,1,3,1,5,1,2,3,4,2,4,5,1,4,1,2,3,1,3,5,1,2,3,3,3,1,1,2,5,3,3,1,3
272,31.3334,29.973,5,4,4,3,1,2,5,4,1,4,2,4,5,5,2,4,4,4,3,5,1,2,5,5,3,2,1,5,1,3,2,1,4,4,4,5,3,3,3,3,2,2,5,1,5,3,1,2,1,3,2,4,4,4,2,1,4,2,1,5,5,1,3,5,5,4,3,2,3,5,5,5,5,1,1,5,5,5,3,3,1,5,4,5,4,3,4,3,4,2,1,1,4,1,3,1,4,1,3,1
273,31.5076,30.0481,1,3,1,4,5,1,5,4,2,5,3,4,3,2,2,4,4,5,3,1,3,2,1,3,5,4,4,5,4,2,5,2,5,2,3,1,1,1,5,4,3,1,5,1,1,1,1,3,2,1,2,5,2,3,2,3,5,4,2,5,2,5,4,3,4,4,4,2,2,1,3,1,4,2,3,5,4,2,4,3,2,2,3,2,1,2,3,4,4,5,1,5,1,1,4,5,3,3,3,3
274,31.3633,29.946,3,5,2,3,1,5,4,1,2,2,4,4,1,5,5,2,4,5,3,3,2,4,4,5,3,4,3,5,2,1,3,5,2,5,4,2,2,4,4,1,1,2,1,4,1,4,5,3,5,4,5,1,5,3,3,2,4,1,4,1,1,1,5,2,5,1,4,3,1,1,4,4,5,4,2,1,5,3,1,4,1,1,2,3,4,4,2,4,4,5,5,3,4,3,5,3,3,5,1,4
275,31.4423,30.164,3,3,5,1,2,2,5,5,4,3,5,2,2,5,1,2,3,1,3,4,1,5,5,4,1,2,2,2,5,1,2,2,4,5,2,2,1,5,4,5,1,1,3,2,3,1,2,1,2,3,3,1,3,3,5,5,3,1,3,4,1,2,5,3,5,2,4,4,3,5,4,3,4,3,3,1,4,5,3,1,5,3,1,5,2,4,1,2,3,2,3,1,5,4,1,4,5,1,2,2
276,31.4259,30.0117,2,2,4,2,3,2,2,4,5,3,4,3,1,3,5,5,2,4,2,5,2,5,4,2,4,2,2,4,2,4,3,2,1,5,2,2,1,3,4,5,4,1,3,1,2,4,5,1,2,1,5,1,1,5,5,3,3,1,2,3,1,4,1,4,3,3,5,3,2,1,4,3,5,4,3,1,4,1,5,5,4,5,5,5,1,3,1,2,2,5,3,3,4,5,1,3,2,5,2,2
277,31.1989,29.9402,2,2,5,2,2,3,1,3,5,4,5,5,3,3,4,5,3,1,5,1,2,3,5,2,4,5,5,3,4,5,4,2,4,5,1,5,2,3,3,3,4,5,1,1,1,4,2,5,3,1,2,1,5,2,4,4,1,2,1,3,1,1,2,2,5,3,5,1,2,4,1,1,3,5,3,3,3,2,4,2,4,2,4,1,2,3,3,4,3,3,2,2,1,5,4,3,2,1,5,1
278,31.0399,30.0219,4,1,4,1,5,1,1,4,1,3,1,5,5,2,3,4,3,5,5,5,4,1,2,3,2,2,3,5,1,5,4,5,4,1,2,3,2,5,4,2,5,5,4,5,4,2,2,5,2,5,3,1,5,4,5,3,1,1,5,1,2,4,2,5,1,3,3,4,1,2,4,3,3,5,3,5,4,1,2,1,4,5,2,1,2,5,2,3,2,4,3,4,1,2,1,1,3,4,1,2
279,31.0585,30.174,4,4,3,3,3,2,2,4,3,2,1,1,1,2,1,4,3,4,3,2,2,3,4,1,4,5,3,4,5,2,1,2,5,3,4,3,1,3,4,5,1,4,2,1,5,5,4,5,4,5,4,1,1,5,4,3,2,4,1,2,1,4,3,3,2,2,2,2,5,1,3,2,5,1,3,1,5,3,1,5,3,5,5,3,5,5,3,5,3,3,5,4,4,1,1,3,5,4,1,5
280,31.521,29.9936,5,5,5,5,3,2,4,5,2,5,4,4,2,1,2,4,2,5,1,3,5,1,4,3,5,1,4,1,1,4,1,2,3,1,4,3,5,4,4,1,1,4,3,5,5,2,4,2,4,1,5,5,2,2,2,1,3,3,4,2,5,4,4,3,3,5,5,5,3,3,3,4,1,3,5,2,4,1,3,5,2,3,4,5,3,3,4,3,4,5,5,2,1,3,5,3,1,1,4,4
281,31.4305,30.1738,5,4,4,5,4,3,1,2,1,5,1,4,2,3,1,2,5,1,3,5,2,3,5,2,3,3,5,2,4,2,5,2,2,5,5,4,1,5,4,2,4,4,3,4,2,4,4,5,3,1,1,4,4,3,2,4,2,4,4,5,3,4,1,4,1,4,3,3,2,4,5,1,1,2,4,2,2,3,3,1,1,2,2,4,2,4,5,3,5,5,5,5,5,4,2,4,3,4,4,1
282,31.1447,30.0379,4,5,3,2,3,1,2,1,2,1,5,3,2,4,1,1,2,4,5,1,1,1,2,2,3,5,3,1,4,1,5,5,5,2,4,3,2,1,1,5,5,2,5,2,4,4,3,4,5,1,3,3,4,2,1,3,4,2,3,3,3,5,5,5,3,4,3,5,1,3,5,1,1,2,3,2,2,1,5,3,2,5,3,3,5,5,5,1,1,3,3,5,4,5,2,2,2,5,5,3
283,31.2108,29.9296,4,4,4,1,5,3,2,4,1,4,2,4,4,4,2,1,4,5,4,4,1,4,1,3,3,1,3,1,5,2,3,4,1,4,1,2,2,3,1,3,2,5,4,2,1,2,2,5,2,2,1,1,2,3,1,4,3,2,3,4,2,4,4,5,5,3,4,4,5,1,2,3,2,3,3,4,2,4,4,4,3,4,2,1,4,3,1,5,4,3,3,1,2,3,2,4,4,4,1,4
284,31.426,29.9279,5,2,1,3,2,5,5,5,4,4,4,2,5,4,3,2,3,5,2,2,1,5,4,1,1,2,5,2,4,4,5,3,2,5,1,2,2,3,5,4,4,5,2,1,5,3,1,2,1,3,5,5,1,3,1,1,5,4,1,1,3,2,5,3,1,5,2,4,1,4,3,5,3,5,3,5,3,4,5,4,5,1,5,5,4,4,5,4,4,4,5,5,4,1,3,2,2,2,5,2
285,31.4796,30.0697,5,3,3,1,3,5,4,5,5,1,3,2,5,3,3,5,5,3,4,5,1,3,2,3,4,4,2,1,1,4,5,1,1,3,2,2,4,2,3,3,1,3,1,2,5,4,3,2,3,2,5,3,3,2,3,3,3,3,2,1,1,5,3,3,3,5,5,3,3,3,3,3,5,1,5,5,2,3,5,1,4,4,5,3,5,2,4,2,2,5,5,3,4,1,2,5,4,1,5,1
286,31.1645,29.9864,5,4,1,4,1,3,2,3,5,3,3,4,1,2,3,1,1,1,1,3,3,4,4,3,5,2,4,4,5,3,2,3,3,5,1,3,4,5,4,2,1,1,3,4,4,1,4,3,5,1,2,1,3,5,1,3,2,3,1,3,4,4,5,1,1,2,5,4,3,5,1,1,3,1,3,4,2,2,5,4,2,3,3,1,3,1,1,4,4,4,5,3,1,4,4,2,5,5,4,1
287,31.1667,30.1131,4,4,1,3,2,3,2,3,3,4,4,2,2,3,2,4,3,4,2,4,2,5,1,3,1,4,5,3,2,1,5,5,1,2,1,5,5,4,3,5,3,2,4,2,2,5,3,5,1,3,1,1,3,2,1,1,4,5,5,2,3,2,1,4,4,1,5,3,1,1,5,5,2,1,4,2,5,1,4,2,3,2,3,5,5,3,5,3,3,1,3,4,1,2,2,5,3,5,3,4
288,31.3059,30.0971,5,5,3,1,2,2,1,5,3,4,1,3,2,5,5,4,3,4,4,5,4,1,4,2,2,4,1,3,1,4,2,1,4,3,1,1,3,5,3,3,2,4,5,5,5,1,1,4,3,5,5,2,2,4,4,1,2,3,5,5,2,2,1,5,2,1,1,4,4,1,4,1,5,4,5,4,4,3,5,5,3,2,5,2,5,5,1,4,4,3,5,4,4,5,5,1,5,1,1,4
289,31.0742,29.9889,1,5,4,2,3,2,1,1,2,2,2,4,1,1,2,1,1,5,1,4,1,5,3,4,5,1,4,3,1,3,4,4,1,1,4,3,4,1,4,4,1,3,2,5,1,3,1,2,3,5,4,4,2,4,3,3,2,5,3,4,4,4,1,2,5,3,3,3,3,4,3,1,2,5,2,2,1,4,3,5,2,5,4,3,2,2,2,1,4,4,5,3,3,4,2,5,1,1,5,3
290,31.2644,30.1763,1,3,3,2,5,1,5,4,4,1,1,3,3,4,5,4,1,3,5,5,4,3,5,2,4,5,2,4,1,3,3,2,1,5,1,5,2,4,4,1,1,1,3,2,4,1,3,1,5,4,5,4,2,3,1,5,5,4,5,5,4,4,4,5,1,1,3,4,5,3,4,4,1,5,4,3,3,5,3,5,2,4,4,3,4,4,3,3,1,4,2,4,4,2,1,3,3,5,1,4
291,31.3008,30.0242,3,3,3,1,1,2,4,5,2,4,2,2,4,3,4,5,5,1,2,4,1,5,5,2,4,1,2,3,3,3,3,4,4,1,2,2,3,3,1,4,5,2,4,4,4,3,1,4,3,5,2,5,4,5,3,4,5,4,2,3,4,5,4,3,2,2,5,3,4,2,3,1,1,3,3,2,3,5,3,3,1,4,4,3,3,4,4,3,3,5,5,4,1,1,2,3,2,2,2,2
292,31.2627,30.1605,3,3,4,3,1,5,5,1,3,2,1,5,5,3,4,5,3,4,3,5,4,2,5,4,5,5,5,2,3,2,2,1,1,1,5,3,1,1,4,5,5,4,5,3,1,4,3,5,2,5,1,4,4,2,5,2,3,3,5,3,4,2,5,2,4,1,2,5,3,1,3,2,4,5,1,5,2,3,2,2,4,2,3,1,3,1,4,3,3,1,3,4,3,3,3,1,2,1,4,2
293,31.3066,29.9457,2,3,4,1,2,4,4,3,5,4,3,3,3,3,1,2,2,5,4,4,5,3,3,2,2,3,4,5,4,2,3,3,2,3,5,4,5,4,4,3,3,1,1,3,1,2,3,2,5,1,5,3,4,4,5,4,1,5,2,3,5,3,2,1,3,3,4,4,5,4,2,4,1,2,5,1,2,1,4,1,3,4,5,3,2,4,2,1,1,2,2,3,1,4,4,1,1,3,5,2
294,31.3159,29.9012,5,2,1,2,4,3,3,3,4,4,2,1,3,1,2,4,5,3,1,5,5,3,5,5,2,2,4,3,3,1,4,2,3,5,1,4,4,5,3,1,1,5,2,2,3,5,2,2,5,3,4,4,5,3,4,1,3,5,4,5,3,3,4,5,1,2,1,1,1,2,3,1,2,4,4,2,5,2,4,2,5,1,5,2,5,1,4,2,5,1,1,3,3,2,2,1,1,3,2,5
295,31.4971,30.1843,4,5,1,4,2,1,3,2,1,5,5,2,5,5,5,3,2,4,5,2,2,1,1,1,4,1,5,1,2,2,1,2,3,1,5,5,5,2,2,3,1,2,5,3,2,1,1,3,5,1,2,5,2,2,3,5,1,4,3,5,2,1,3,5,3,5,3,2,4,3,4,2,5,4,2,1,2,1,3,3,4,2,3,5,1,2,1,3,3,3,5,3,5,5,5,3,4,4,3,4
296,31.3585,30.1811,5,4,3,1,2,2,3,2,1,1,2,1,1,3,1,2,3,5,5,2,5,4,2,1,2,3,2,3,4,3,2,4,4,3,5,3,5,2,2,4,4,3,2,2,1,2,1,1,5,5,2,2,3,3,3,2,4,1,1,2,2,5,1,4,5,4,5,2,3,3,2,4,1,5,3,1,5,1,4,1,2,1,1,3,3,4,5,3,4,2,3,4,5,5,2,5,4,4,4,2
297,31.3039,30.0991,3,4,3,4,2,4,2,5,1,1,1,1,5,2,2,1,5,5,4,5,3,1,2,3,4,3,1,5,1,3,2,5,4,4,3,2,4,4,1,1,5,3,5,2,5,5,3,2,5,3,3,1,5,1,2,3,3,4,2,2,5,4,5,1,5,1,5,3,4,4,4,4,4,4,5,1,1,5,4,3,4,5,2,1,1,5,2,2,4,5,5,3,5,3,1,5,2,4,5,2
298,31.1674,30.0235,3,1,4,2,5,2,4,3,3,5,4,5,5,1,5,4,2,3,2,2,5,4,5,3,3,2,4,1,2,1,5,5,5,1,5,5,3,1,3,1,1,2,1,2,5,4,1,1,1,5,3,5,5,1,3,4,3,1,4,4,5,2,3,1,2,3,3,4,3,5,4,2,1,4,2,1,1,4,3,2,4,4,3,2,4,4,2,5,1,3,5,3,1,1,3,4,2,5,2,3
299,31.0783,30.0094,4,2,3,5,4,5,5,3,5,4,2,4,2,1,1,3,3,4,3,3,2,4,3,4,1,1,4,4,1,3,1,1,5,5,2,5,1,2,1,2,2,5,3,4,1,1,4,3,5,1,2,5,5,2,1,4,4,3,2,4,4,1,3,4,4,3,4,3,3,5,2,1,3,5,5,1,3,4,5,1,4,5,1,2,1,2,1,1,1,5,1,2,2,4,3,5,2,4,2,5
300,31.0117,30.0329,2,5,2,2,2,2,4,1,1,4,2,2,2,3,5,4,3,1,2,1,1,4,5,4,5,3,2,5,3,5,4,5,1,1,2,4,5,4,5,4,5,1,2,5,2,5,4,5,5,1,3,3,4,5,3,1,2,4,3,1,5,4,5,5,1,5,5,5,5,1,4,2,4,2,2,1,5,3,2,5,2,4,3,1,3,5,5,5,2,3,5,3,3,3,3,2,1,1,5,3
301,31.3677,29.924,3,2,4,3,1,4,5,1,2,5,3,2,2,1,3,4,3,3,3,5,5,2,4,1,4,4,1,5,2,3,4,2,5,1,1,3,3,1,1,4,1,4,2,5,1,1,5,5,2,4,1,5,2,1,5,5,3,4,3,2,4,3,3,1,4,5,4,5,1,4,3,2,2,3,2,3,5,2,4,3,3,2,2,2,3,2,5,5,4,3,2,4,5,2,3,3,2,2,3,2
302,31.5528,29.9985,2,5,3,4,2,3,3,3,1,3,5,2,3,5,3,2,3,3,4,4,3,1,2,3,2,5,4,2,1,2,1,5,5,5,1,3,4,4,5,5,3,2,4,2,5,1,3,1,1,4,5,5,2,3,3,4,2,3,1,2,4,4,5,4,2,4,3,5,3,1,5,2,5,5,1,5,2,2,2,2,4,4,5,2,1,3,2,3,4,3,2,4,4,4,5,1,1,4,2,2
303,31.0086,30.1186,2,4,5,5,3,4,1,4,5,4,5,4,1,1,5,4,2,5,1,4,2,3,3,3,1,2,2,2,5,2,5,1,5,2,4,4,2,3,2,3,1,5,4,4,2,5,5,5,2,1,1,2,1,5,5,5,5,2,4,2,4,4,1,3,4,1,5,3,2,3,4,5,5,4,2,1,1,3,3,5,1,4,1,5,4,4,3,3,3,5,1,3,1,5,1,1,4,4,1,1
304,31.2831,29.941,1,2,4,2,2,4,5,1,2,1,4,2,1,3,4,2,4,4,1,5,5,1,1,2,3,4,5,1,5,5,1,3,3,5,3,2,2,2,5,2,5,1,4,1,3,1,3,5,2,5,3,2,2,5,2,1,1,1,3,5,3,1,2,1,1,4,4,3,1,3,5,2,2,4,5,5,1,1,3,4,3,4,1,5,5,3,3,3,4,5,4,3,5,3,1,1,5,2,2,3
305,31.5442,30.1251,5,1,5,5,4,3,2,2,4,3,3,4,3,1,1,3,4,5,2,1,1,4,2,5,2,3,3,5,4,4,1,4,4,5,5,1,1,5,4,2,3,1,4,1,1,5,5,4,1,5,5,2,4,1,3,2,3,4,1,3,4,4,4,5,3,1,1,5,3,5,5,3,1,2,1,4,4,2,3,3,2,2,5,2,5,3,1,3,1,4,3,4,2,1,2,4,3,4,1,5
306,31.287,29.9442,5,3,2,5,3,3,1,2,2,5,3,5,5,4,3,3,5,2,3,5,3,5,4,2,4,4,1,4,2,2,5,1,4,2,2,5,5,4,2,1,5,5,3,4,3,5,4,4,1,2,5,4,2,3,2,4,4,3,4,5,2,1,1,5,1,2,5,1,3,4,4,2,5,1,2,1,3,1,2,5,1,1,4,3,1,5,1,5,4,4,2,1,3,1,2,4,3,3,2,4
307,31.5841,30.0281,4,2,1,5,1,2,5,2,4,3,5,3,3,5,5,1,2,2,3,4,3,2,1,5,5,3,3,4,5,2,3,1,5,1,5,2,1,4,3,5,5,4,3,2,5,4,5,1,3,1,2,1,1,3,3,1,1,5,2,1,5,5,5,4,5,1,2,4,1,2,4,2,2,1,5,5,4,4,5,1,4,2,5,2,2,1,1,5,2,1,5,1,3,4,2,4,5,3,1,3
308,31.3999,30.0218,5,3,3,3,3,4,2,1,5,1,3,5,4,3,5,5,1,3,1,5,3,2,1,5,4,4,1,4,1,2,2,5,3,2,2,5,1,5,1,5,4,5,4,2,1,5,1,3,4,3,5,4,3,1,1,5,4,5,4,3,1,3,2,1,3,1,1,5,4,1,3,1,2,3,1,2,4,3,3,2,5,4,1,2,4,1,3,3,5,5,1,3,3,4,1,1,5,2,5,3
309,31.5972,30.0756,1,3,1,5,5,5,1,3,5,1,3,3,5,3,5,5,4,5,1,2,5,1,3,1,5,2,5,2,4,3,5,3,5,5,5,2,5,5,3,5,3,1,3,2,4,5,2,3,2,3,3,5,3,1,5,3,1,3,3,3,3,2,4,4,4,1,3,2,3,2,4,1,2,4,5,5,4,3,5,5,4,4,1,3,5,3,3,1,4,4,2,5,5,5,3,2,1,1,3,4
310,31.3472,30.1116,2,5,4,5,4,4,3,5,1,4,1,3,5,5,5,1,1,2,1,5,3,5,2,1,4,1,3,5,2,5,1,3,3,5,1,2,2,5,2,3,3,4,2,3,1,1,2,4,3,2,1,3,4,4,1,3,3,3,4,4,3,1,5,2,4,1,4,4,4,5,2,5,4,5,4,2,4,5,5,3,2,2,5,4,1,3,2,1,5,2,1,2,5,5,1,4,1,2,3,2
311,31.1667,29.9664,3,4,2,3,1,3,3,1,4,5,1,5,2,5,4,1,3,3,2,3,5,4,4,5,5,2,4,4,5,4,5,5,3,2,3,1,3,3,4,2,1,4,4,5,4,1,4,5,5,2,3,1,4,2,2,3,1,3,3,1,5,5,5,5,2,4,3,5,3,4,5,3,3,1,3,5,2,5,4,4,2,2,5,1,3,4,2,1,1,4,3,4,2,4,2,1,1,5,5,5
312,31.2109,29.9805,3,3,3,1,3,3,1,5,5,4,3,3,4,2,5,5,4,4,2,1,1,4,5,2,5,5,5,3,1,2,4,5,1,5,4,5,1,4,4,1,4,1,5,4,5,5,3,5,2,2,2,1,1,2,5,2,1,1,4,3,4,5,2,4,2,1,3,4,5,4,4,4,2,5,5,4,3,5,3,5,3,4,3,2,2,3,4,3,4,5,2,1,1,1,3,4,3,4,5,1
313,31.477,29.9583,4,3,1,3,1,1,3,1,1,3,2,5,1,5,5,3,1,1,3,5,2,5,4,1,2,4,1,3,4,1,5,5,4,4,3,2,1,5,2,4,1,5,2,5,3,1,5,1,3,1,2,4,3,4,2,2,3,4,4,4,1,4,1,2,4,2,3,2,2,5,3,3,3,2,1,4,1,4,5,4,1,2,5,2,1,5,2,5,5,1,5,5,2,5,4,1,1,5,4,4
314,31.2105,30.069,2,5,5,1,1,2,3,1,4,1,3,4,5,5,1,4,1,2,1,3,3,3,5,5,4,5,3,3,3,3,5,5,5,4,1,3,1,2,1,3,5,2,4,2,2,5,4,1,3,1,2,1,1,5,4,4,2,5,1,1,1,2,5,3,5,4,4,5,2,5,2,3,2,4,3,3,5,3,4,4,2,3,4,5,4,1,2,1,5,1,1,4,1,3,5,1,2,5,1,5
315,31.5125,29.9323,4,1,5,4,1,1,4,1,3,1,3,3,3,1,4,2,2,5,2,1,2,4,5,2,1,5,4,5,4,4,1,4,1,1,5,5,1,3,5,4,4,3,3,3,5,1,1,1,3,2,2,2,5,5,3,5,5,3,4,1,5,2,2,4,3,3,1,2,4,1,5,5,3,2,5,5,1,4,2,1,1,5,4,4,2,2,1,1,5,2,5,3,2,4,3,1,5,2,4,2
316,31.3396,30.1564,5,2,5,5,1,1,1,5,2,3,5,2,1,1,4,4,4,5,2,5,2,5,4,1,1,5,4,5,2,5,5,2,3,4,2,4,2,3,4,2,2,2,3,4,3,4,4,2,5,1,4,4,2,4,5,5,1,5,4,5,2,3,5,4,1,2,1,5,1,4,4,4,4,2,5,5,1,4,5,1,1,3,3,2,4,3,3,5,2,3,5,2,2,3,2,3,3,1,5,4
317,31.2625,30.1868,5,2,1,1,4,4,2,3,5,3,3,2,2,3,2,5,1,1,2,1,2,5,1,1,4,5,5,4,2,5,5,1,1,1,1,5,3,3,1,2,1,5,3,3,4,4,3,5,1,2,4,4,3,1,4,4,4,3,3,5,3,2,2,5,5,5,1,3,5,2,2,4,4,2,3,3,2,2,3,2,4,2,1,2,1,4,3,4,1,3,4,3,2,1,5,4,3,2,3,3
318,31.5271,30.0598,2,3,3,5,4,5,4,3,4,5,4,4,2,5,4,2,4,2,1,4,2,4,4,1,5,1,2,4,2,2,5,1,5,2,2,5,2,3,5,1,2,2,5,5,5,5,2,1,4,1,3,4,2,1,4,3,3,1,5,2,3,5,1,3,4,5,1,2,3,4,1,1,3,2,5,2,4,5,4,3,1,3,2,4,2,2,1,5,3,2,3,2,3,1,3,2,1,5,5,2
319,31.5768,29.9033,4,5,5,3,2,2,1,3,5,2,1,2,1,5,3,1,2,5,3,4,2,5,1,5,5,2,3,3,2,5,4,5,1,5,3,3,5,4,1,1,4,3,5,4,4,2,5,3,5,3,2,5,1,3,2,2,3,4,5,3,5,5,5,4,5,1,3,3,2,2,5,4,5,4,1,2,5,1,5,2,3,4,4,2,3,3,2,1,3,5,5,1,4,3,1,2,3,5,2,3
320,31.0839,29.9393,2,2,1,5,5,4,1,2,5,5,1,3,5,4,3,5,4,2,5,1,3,4,2,5,3,4,1,4,3,5,2,5,3,4,1,2,1,5,2,2,1,2,3,2,4,1,1,3,5,5,5,5,1,5,2,4,4,3,1,3,2,4,5,2,5,2,4,3,3,1,2,5,2,3,4,5,3,3,5,3,2,2,2,2,5,5,1,5,1,3,3,2,4,4,1,3,3,5,5,1
321,31.2127,29.9298,2,3,4,1,4,4,5,3,2,4,4,1,2,3,5,2,4,5,3,4,3,1,5,2,3,5,3,2,4,4,4,3,4,4,1,3,2,5,1,5,3,4,1,3,3,3,5,5,4,2,5,1,4,5,5,4,5,3,2,4,5,4,5,1,1,1,2,1,3,1,1,4,1,1,4,3,2,2,3,4,1,3,1,3,4,2,1,1,1,2,4,2,4,2,3,1,2,2,3,4
322,31.0792,30.0777,3,5,1,5,2,4,5,5,1,2,4,2,3,1,2,3,2,4,3,4,4,4,3,2,5,5,5,4,1,3,1,1,2,5,4,1,3,4,1,1,1,5,4,2,2,2,3,3,3,1,4,3,1,5,1,2,4,1,1,1,3,5,2,2,1,1,3,4,4,5,1,4,1,3,1,5,1,1,3,3,2,1,4,4,4,5,4,2,5,3,3,5,2,5,4,3,3,3,5,2
323,31.3637,30.1239,4,3,5,1,4,4,4,2,4,3,1,3,3,5,4,4,3,3,1,1,3,1,4,2,4,1,3,5,2,3,3,5,4,5,3,5,1,3,2,2,2,3,4,2,2,2,2,5,3,2,3,3,1,1,2,3,2,3,3,3,2,2,3,2,2,3,5,5,3,3,3,5,2,4,3,1,1,3,5,2,1,4,5,4,1,1,5,3,3,4,1,5,2,3,5,4,2,2,4,3
324,31.3877,29.9065,1,5,2,4,5,1,4,5,3,5,3,4,1,2,5,4,3,1,1,3,3,4,5,2,1,2,4,5,4,1,5,4,4,4,4,5,2,1,2,4,3,1,4,5,2,2,1,1,1,3,3,4,3,2,4,2,1,1,2,2,1,1,3,3,1,1,5,4,5,2,2,2,5,4,5,3,1,3,1,4,3,2,3,2,4,2,4,1,4,1,2,5,3,2,3,2,1,3,2,3
325,31.4283,30.1152,4,4,4,3,4,2,1,2,3,3,2,4,1,1,3,5,4,3,3,2,3,3,1,1,2,3,5,5,5,1,2,4,4,4,3,2,2,2,4,1,1,4,1,1,4,5,3,4,3,1,1,5,5,2,5,2,4,3,3,2,3,3,2,4,2,2,2,3,2,5,1,4,2,4,2,5,3,1,2,1,5,1,3,3,3,2,3,4,4,3,3,3,5,3,3,4,3,5,5,1
326,31.1496,30.055,4,1,1,1,5,5,4,5,5,1,3,4,5,3,2,2,2,5,3,5,2,1,4,1,1,1,2,5,3,3,4,1,5,4,5,4,4,4,5,3,2,4,4,4,4,1,5,3,2,1,1,2,3,1,1,3,5,4,1,1,4,1,3,5,1,3,2,2,3,1,5,4,5,2,2,1,2,3,5,2,1,3,3,1,5,1,5,2,2,4,2,5,1,2,3,4,3,1,5,1
327,31.5521,30.1738,1,3,5,3,4,1,3,4,5,5,1,5,1,2,4,3,5,4,2,5,5,5,1,3,5,3,1,5,4,2,3,3,1,2,2,3,1,4,2,1,2,3,2,3,2,5,4,5,3,5,5,2,2,3,3,3,5,1,1,1,4,2,3,5,2,2,5,4,2,1,2,4,5,3,4,5,3,1,1,2,1,4,5,2,4,5,5,2,2,2,4,4,1,2,2,1,3,3,3,2
328,31.2206,30.1509,5,2,1,1,2,1,3,5,2,5,5,5,3,2,1,3,4,1,3,3,1,2,2,1,4,5,2,3,5,4,2,5,3,4,1,4,3,5,4,2,4,5,5,5,4,2,3,1,2,5,5,5,1,3,2,1,3,5,2,2,5,1,2,4,3,1,1,1,4,5,5,5,3,4,1,3,4,3,2,4,5,4,4,4,1,4,5,5,3,4,2,2,3,2,2,4,5,1,5,3
329,31.224,29.9459,5,3,5,1,1,3,4,5,2,5,3,1,1,1,2,5,4,2,3,2,4,1,2,3,3,2,2,4,5,5,1,4,1,1,1,1,5,2,2,3,5,1,2,1,2,2,5,5,3,2,3,4,3,2,4,3,4,4,5,5,5,3,5,2,1,5,3,4,4,4,4,2,4,4,2,2,1,1,3,1,2,4,5,4,2,1,2,3,5,1,5,5,3,5,3,3,3,4,2,5
330,31.3885,30.1863,1,3,1,2,3,1,4,5,2,1,3,1,3,2,2,1,4,5,4,4,2,3,1,4,2,4,4,3,3,3,1,5,1,5,1,2,1,1,2,1,3,4,4,2,1,1,5,5,5,2,3,4,3,5,4,4,3,2,2,4,2,2,5,2,1,2,2,4,3,5,2,3,4,3,2,3,4,3,5,4,1,2,4,4,3,5,3,5,5,5,2,4,4,2,5,1,2,5,4,5
331,31.1222,30.1477,5,3,4,3,5,2,5,2,3,1,5,5,5,2,4,4,2,4,3,3,3,2,4,3,2,2,1,1,2,3,3,2,1,4,2,4,3,2,5,5,5,5,2,5,3,1,5,5,2,2,3,2,2,2,4,5,3,1,3,1,2,3,5,1,5,2,1,3,5,1,2,3,1,4,1,5,4,1,3,2,1,4,5,1,3,3,3,1,3,2,2,3,2,3,4,4,4,2,1,2
332,31.4429,30.0488,2,4,2,5,2,3,1,2,5,5,3,1,1,2,1,3,3,2,5,1,3,2,5,1,5,3,1,3,1,2,3,3,5,4,1,5,4,3,2,2,1,2,5,4,1,2,1,5,4,4,3,4,4,4,5,2,1,5,2,2,3,1,3,5,3,1,5,2,4,4,2,5,5,1,3,1,3,1,3,2,2,5,4,5,2,1,4,1,2,5,2,2,3,2,2,4,3,1,1,4
333,31.0492,30.0824,2,2,3,3,4,1,2,2,2,1,3,3,2,5,2,2,3,3,5,5,2,3,5,4,1,3,2,1,5,3,1,4,4,1,2,5,4,5,2,1,5,4,4,4,1,2,1,2,4,4,3,4,4,4,4,3,1,4,4,5,1,1,4,4,3,4,3,4,4,4,5,4,2,3,4,5,5,2,5,3,2,1,3,1,3,1,3,3,2,5,3,2,2,5,2,3,2,3,1,3
334,31.1006,29.9898,5,1,2,4,3,5,1,1,2,4,3,4,3,5,4,5,4,5,3,2,5,2,3,5,1,1,4,2,2,1,4,2,2,3,3,5,3,5,5,4,4,2,2,5,2,1,4,3,3,1,2,3,5,5,1,4,4,3,3,2,4,4,3,5,1,2,5,3,1,1,4,2,3,5,5,5,5,5,4,5,1,3,5,1,3,2,3,5,2,1,4,5,2,2,2,1,4,4,2,1
335,31.0065,30.1463,5,2,2,5,3,5,4,3,2,5,2,4,3,2,4,1,4,1,3,4,5,5,3,1,5,1,2,2,3,3,3,2,1,1,2,1,3,1,1,4,5,2,5,2,2,5,4,1,1,4,4,2,1,1,4,4,5,3,1,1,1,5,4,2,1,3,2,1,4,4,2,2,1,1,2,5,3,5,5,4,2,1,1,2,1,2,2,1,4,1,2,5,4,4,2,1,3,4,5,3
336,31.1985,29.9356,3,3,3,5,4,4,5,1,5,5,2,1,3,1,4,1,4,2,5,4,2,5,3,2,3,4,4,4,4,3,1,5,1,1,4,5,3,3,2,3,3,1,2,1,1,4,4,1,1,1,1,3,3,1,5,4,3,5,1,1,3,4,5,5,1,2,1,3,3,2,4,5,3,2,2,5,3,1,1,3,2,2,1,1,5,4,1,1,1,5,5,5,2,3,2,5,3,2,2,3
337,31.4399,30.1926,4,1,5,3,2,4,1,2,3,4,4,4,4,3,2,2,3,4,4,3,3,2,3,3,5,3,1,3,5,1,4,2,2,5,5,3,5,2,2,1,5,5,4,3,3,2,2,1,2,5,1,3,2,4,1,2,2,5,2,4,5,4,4,1,2,4,3,2,5,2,3,5,5,5,5,3,4,1,4,4,5,5,4,4,3,3,2,5,4,2,3,1,1,2,3,4,3,5,1,5
338,31.3061,29.9314,4,5,3,5,1,2,4,3,2,4,1,2,5,1,5,2,4,2,2,3,5,4,4,5,4,2,5,2,4,1,5,3,4,3,4,1,3,2,3,2,2,5,2,1,1,4,1,5,1,5,5,5,5,4,4,5,4,1,1,4,3,3,1,4,4,5,2,4,3,5,2,5,5,1,4,1,2,5,3,4,2,1,3,4,5,3,5,2,2,1,1,2,5,1,4,4,5,2,4,3
339,31.5535,30.1514,1,2,1,2,2,2,1,5,4,2,2,2,4,5,4,1,4,3,1,3,4,1,3,4,4,1,1,5,4,5,1,4,4,3,2,4,5,5,5,2,4,5,3,5,3,2,2,3,3,1,4,5,5,5,4,2,2,1,2,2,2,4,5,1,2,1,5,2,3,2,2,4,4,4,1,1,3,2,2,1,2,3,2,5,2,2,4,3,5,4,4,2,3,1,1,5,4,5,5,1
340,31.026,30.1366,3,1,2,2,3,4,1,5,1,5,3,5,2,5,3,5,3,4,1,1,4,3,5,5,5,4,3,4,2,5,4,4,3,4,1,3,5,1,1,1,4,2,5,5,5,1,1,5,4,4,3,5,2,4,2,1,4,3,3,3,2,1,4,3,5,3,2,5,1,3,4,4,4,5,3,4,4,2,5,2,1,5,3,4,1,5,5,3,3,4,4,4,3,5,5,4,3,5,5,5
341,31.4349,29.9053,5,1,2,1,2,2,3,2,2,5,4,3,2,4,2,4,5,5,4,1,3,5,3,3,4,4,2,2,4,2,4,1,3,1,5,2,2,1,3,2,5,4,5,1,4,2,5,1,5,3,1,4,5,4,4,1,4,3,5,4,3,2,2,2,4,2,1,4,3,1,3,4,1,2,3,4,4,3,3,1,1,5,2,3,3,3,5,2,3,1,2,4,2,1,3,4,3,2,5,3
342,31.5889,29.9764,1,4,3,4,5,4,5,3,5,3,5,3,4,4,3,4,3,4,2,3,3,4,5,5,3,5,2,1,2,3,1,5,4,2,3,4,2,2,2,5,1,1,3,1,3,2,3,1,3,2,5,1,1,2,2,5,5,5,4,2,4,1,1,5,3,4,3,1,5,5,1,5,3,3,5,1,2,1,2,3,5,3,5,5,1,2,5,2,4,1,1,4,3,3,4,5,5,1,3,1
343,31.2673,30.1701,3,1,3,1,4,3,4,3,5,2,4,1,3,3,4,5,1,3,5,3,4,1,5,3,2,2,2,1,3,4,4,1,1,5,4,3,3,4,5,2,4,5,2,5,1,5,4,5,2,1,4,3,2,3,4,4,1,5,4,2,3,3,2,5,1,5,2,2,5,2,2,5,4,5,3,5,5,2,5,4,3,4,3,4,3,5,5,2,1,2,2,5,2,3,3,4,1,2,5,1
344,31.1071,30.0045,4,1,1,2,2,3,5,2,2,5,3,4,2,4,5,3,1,3,1,2,4,1,4,2,5,2,5,2,4,1,1,5,3,4,2,4,3,3,3,1,4,1,3,1,4,4,4,5,1,5,1,4,2,3,4,4,2,2,3,2,2,4,5,3,4,4,5,5,5,1,1,1,5,5,3,5,2,4,2,2,1,1,5,5,1,4,1,5,4,4,1,4,5,1,2,4,5,4,3,2
345,31.5644,30.0534,1,4,2,5,5,1,4,1,4,2,4,4,1,1,5,5,4,1,5,1,2,3,1,3,4,3,5,1,1,5,5,2,5,4,2,1,1,4,3,4,5,3,4,4,1,3,5,2,1,1,1,4,4,1,1,3,3,1,1,3,2,5,1,3,2,3,2,5,5,3,1,2,2,2,3,3,3,4,4,2,3,4,1,1,2,2,4,5,4,1,3,2,1,5,3,3,3,4,5,3
346,31.1239,30.1578,4,3,2,4,4,3,1,3,5,3,1,2,1,5,3,4,4,5,4,4,4,1,3,5,1,5,4,2,3,4,3,4,5,5,3,4,2,3,2,2,2,5,1,2,3,5,4,3,5,2,4,1,5,4,2,1,5,3,4,4,1,5,2,5,4,1,2,4,3,1,5,2,5,2,2,5,5,5,1,4,4,1,1,2,1,1,4,1,1,4,4,4,1,2,2,3,1,4,5,2
347,31.5432,30.1861,3,4,4,1,1,3,3,2,4,2,1,1,3,1,2,3,5,3,3,1,5,2,5,2,2,3,5,4,3,5,4,4,2,3,1,4,5,3,4,2,4,5,4,4,2,3,4,4,4,1,5,1,2,2,2,2,4,3,2,1,1,3,5,5,5,4,1,1,5,5,2,5,1,3,4,2,2,2,1,3,3,3,5,3,5,2,3,1,5,5,5,4,3,5,3,3,5,1,2,3
348,31.2802,30.1178,1,5,4,4,3,5,3,2,3,3,3,2,4,5,4,1,5,2,2,4,4,1,1,2,3,5,5,3,3,3,2,3,2,2,3,5,4,3,3,5,1,4,3,5,1,2,1,2,3,2,1,2,3,3,2,2,4,3,5,2,1,3,1,5,1,2,1,3,5,2,3,5,1,3,3,1,5,3,5,1,5,4,1,4,1,4,4,2,2,4,3,5,3,4,3,5,2,4,4,4
349,31.336,29.9767,4,1,3,4,4,5,3,5,3,2,2,4,3,5,1,1,4,1,2,2,2,4,2,3,1,5,5,1,3,3,5,4,1,4,5,5,2,2,2,3,4,4,1,5,5,2,1,2,5,3,1,5,2,2,4,3,3,1,3,5,5,4,5,5,3,5,3,2,4,4,5,3,2,3,4,1,2,5,5,5,1,1,3,5,1,2,2,4,4,2,3,4,5,1,1,5,4,4,3,4
350,31.1401,29.9386,4,3,2,3,3,5,3,2,1,4,4,1,3,1,4,5,5,3,2,4,1,4,1,5,3,3,5,4,5,1,3,3,2,5,1,5,2,3,3,2,2,5,4,3,3,2,5,5,1,3,2,3,3,2,1,3,4,1,4,3,5,2,2,3,4,2,2,1,2,3,3,5,4,4,4,5,2,5,1,3,4,4,1,4,4,5,2,1,5,4,1,3,3,2,1,4,1,1,1,2
351,31.1211,29.9216,4,5,2,3,4,3,1,4,1,3,4,5,3,5,1,4,5,3,1,2,4,4,3,1,4,5,5,2,5,2,2,1,1,4,5,3,4,1,5,5,5,3,3,1,1,5,3,5,2,5,2,5,2,2,5,4,2,4,1,3,5,5,3,4,3,4,1,1,1,5,4,2,1,4,4,2,1,4,5,3,2,4,5,2,2,3,4,3,1,3,4,3,1,3,3,2,3,4,2,1
352,31.5025,30.1492,5,1,1,3,4,4,1,5,4,1,1,1,3,2,2,5,3,5,5,5,3,3,5,2,3,2,5,2,1,3,4,1,4,4,1,5,1,3,5,4,1,5,1,4,5,3,2,1,3,4,4,3,4,1,5,2,4,5,5,3,5,2,3,1,4,5,2,3,4,1,3,4,4,2,1,2,1,2,1,5,4,3,1,1,2,4,1,2,1,3,1,3,1,3,1,4,2,3,3,2
353,31.2898,29.9126,5,2,3,2,2,1,2,4,3,1,5,4,3,1,2,2,5,5,5,5,1,3,4,5,4,4,2,2,5,5,4,5,5,2,1,5,1,3,5,5,5,2,2,2,4,4,2,1,5,2,3,1,3,5,5,5,5,5,2,1,4,5,2,4,1,1,5,5,4,5,4,1,5,2,4,5,3,3,3,5,4,1,2,4,1,1,5,5,5,5,1,2,5,2,3,5,4,5,2,5
354,31.4298,30.1764,5,5,4,1,3,4,4,5,3,4,5,3,1,4,3,5,2,3,5,1,5,2,2,3,1,4,3,4,1,5,3,3,2,3,3,3,5,4,2,1,5,2,2,5,3,2,4,5,1,3,4,1,5,1,4,4,3,4,4,4,1,5,2,3,3,5,2,4,2,5,3,2,3,2,2,2,3,3,3,3,5,2,3,3,1,3,4,3,1,4,3,5,5,2,3,1,1,5,5,2
355,31.2642,29.9211,1,1,2,1,3,5,1,3,3,1,4,5,1,3,5,4,1,2,4,2,3,5,2,5,5,3,5,3,4,4,4,1,1,1,5,3,2,1,2,1,1,1,5,1,1,4,3,1,5,1,3,2,2,2,4,5,4,2,2,2,4,3,1,3,3,4,3,2,4,1,4,1,2,3,3,4,4,2,2,3,3,2,1,1,5,5,5,3,5,3,5,1,1,1,1,1,1,2,4,2
356,31.1195,29.9276,3,4,4,5,4,2,2,3,3,5,5,4,1,4,4,4,4,3,2,4,1,3,3,2,3,4,5,5,2,5,5,5,5,3,5,5,5,2,3,3,2,5,2,3,5,3,2,1,1,1,3,5,5,4,1,5,3,5,1,1,3,4,3,3,4,5,2,1,2,2,3,4,4,2,3,4,1,4,2,2,5,4,3,5,4,4,4,2,3,1,1,3,3,5,3,3,1,2,5,5
357,31.5795,30.0529,5,1,4,3,1,5,3,1,1,3,4,3,5,2,4,4,2,5,2,4,2,4,2,3,3,4,1,5,1,5,1,1,4,5,2,5,5,3,4,3,2,5,2,3,1,3,2,4,4,1,5,3,2,2,1,2,1,5,1,5,2,4,1,4,5,5,2,4,4,1,1,1,1,5,3,1,4,4,3,1,2,4,5,5,5,1,2,4,3,5,1,4,1,5,3,4,2,5,4,2
358,31.0595,30.1529,4,4,2,4,3,1,1,3,3,4,3,3,1,2,5,5,4,2,2,4,1,2,5,4,2,4,1,4,5,3,1,2,5,3,4,4,2,5,3,5,1,3,1,4,2,4,1,5,2,4,5,4,3,2,4,3,1,3,3,5,3,3,2,4,3,2,3,5,4,5,4,5,2,4,5,4,4,4,2,1,1,1,2,2,3,3,1,5,4,3,1,4,3,4,1,1,5,4,1,4
359,31.2204,30.0503,5,2,1,3,2,4,4,2,2,1,4,1,5,3,1,3,1,4,4,3,1,3,1,2,2,5,3,5,3,3,1,1,3,3,2,5,5,4,4,4,4,5,2,4,5,4,3,5,2,2,3,3,5,1,5,3,5,1,3,1,2,3,3,5,4,5,3,1,5,2,2,4,3,4,2,2,5,5,1,3,3,1,3,5,2,5,5,4,2,3,4,2,1,2,3,2,2,2,3,4
360,31.0147,29.9397,1,4,5,5,2,5,3,4,4,4,2,3,3,3,5,5,1,5,4,4,4,2,2,4,4,4,3,2,3,4,4,2,1,1,2,4,3,5,1,3,3,5,4,5,4,3,4,4,5,3,5,2,5,5,2,2,2,3,5,1,4,4,4,1,5,3,5,4,2,1,1,2,5,3,1,3,4,1,1,3,5,5,3,1,3,5,5,2,1,4,4,2,4,1,3,4,5,4,5,2
361,31.024,30.1619,2,3,3,1,1,1,2,1,5,5,5,4,1,4,4,4,4,2,1,5,1,5,1,5,4,5,4,4,3,1,4,2,3,5,2,2,2,5,3,2,4,1,5,4,4,4,1,4,4,3,1,1,4,2,5,2,4,3,5,2,2,3,5,4,5,5,2,5,2,2,1,3,1,3,2,4,5,1,3,2,2,1,5,1,2,4,4,4,3,1,5,4,1,1,5,1,4,1,2,4
362,31.2236,30.1148,5,1,3,1,3,5,1,1,5,1,3,4,1,1,1,3,4,3,5,5,4,3,4,5,5,5,5,5,3,2,3,5,2,1,4,3,1,2,4,3,1,2,1,5,1,1,2,2,1,5,5,2,2,5,5,4,3,5,4,2,3,3,2,2,4,4,4,1,1,2,3,1,4,1,5,5,1,3,2,1,1,5,2,3,3,4,2,1,3,3,5,2,2,4,5,4,1,3,3,3
363,31.1272,29.9338,4,5,5,4,3,3,1,3,3,2,2,1,3,5,3,3,5,3,4,3,1,2,2,3,1,2,2,5,3,4,3,3,1,4,2,1,4,1,2,1,5,5,5,3,1,2,4,1,3,5,5,5,5,3,1,2,5,1,4,5,2,1,2,1,3,4,3,3,2,5,3,3,2,1,5,5,5,5,2,4,4,4,1,4,4,4,5,2,1,4,2,5,3,4,2,2,4,5,4,3
364,31.2635,30.112,3,5,4,1,3,5,4,2,5,1,5,1,1,5,5,4,4,4,2,2,4,1,1,2,4,2,3,3,3,3,2,2,2,2,3,3,5,4,3,2,4,5,1,5,5,4,1,1,2,5,5,5,4,5,1,5,4,3,5,2,5,4,1,1,1,2,5,5,4,2,2,4,1,1,1,2,1,4,2,3,2,5,4,5,5,3,5,2,2,1,1,3,3,2,4,3,3,5,3,3
365,31.2854,30.1181,4,2,5,1,5,2,1,2,3,2,4,5,4,2,2,3,4,5,2,2,3,4,1,4,2,3,5,3,4,3,1,5,5,5,1,4,4,5,3,5,2,4,1,1,3,1,3,1,3,2,4,5,3,1,1,3,3,4,1,5,4,1,4,4,4,3,3,4,2,3,4,3,1,1,4,3,4,2,1,5,4,1,5,5,5,3,4,1,2,1,4,4,3,1,3,2,4,2,2,1
366,31.289,30.0221,1,5,1,5,1,3,5,4,2,1,2,5,4,4,5,5,3,1,3,5,3,1,4,4,5,3,5,3,3,3,4,2,3,4,5,4,2,2,2,5,4,1,5,4,3,4,4,2,5,4,2,5,2,4,2,2,2,2,5,1,5,5,5,5,2,4,2,4,2,5,5,5,4,1,2,2,5,2,3,2,3,5,5,2,3,5,1,3,1,4,5,1,2,4,1,2,5,4,5,5
367,31.3906,30.0192,2,3,3,4,1,2,5,1,3,2,5,3,5,3,3,3,2,5,1,2,3,2,2,4,2,1,2,2,5,3,1,2,5,4,1,1,1,5,5,3,1,1,4,4,4,4,5,4,3,1,3,4,1,3,3,3,4,3,5,5,2,4,3,4,2,3,1,3,1,3,2,3,5,1,1,3,1,5,1,2,4,2,5,2,2,3,5,2,2,2,1,4,5,5,1,3,5,4,4,4
368,31.5656,30.0244,5,2,3,2,3,5,2,4,1,3,4,2,2,5,5,3,5,1,1,1,1,3,2,2,5,5,1,1,5,3,5,3,2,4,3,5,4,4,3,3,1,3,3,2,5,4,4,3,3,3,1,3,5,4,5,3,2,5,5,5,3,4,3,3,1,4,3,1,4,5,2,1,4,2,3,5,5,5,3,3,4,2,1,4,2,4,5,5,4,4,1,2,3,4,3,5,5,3,2,3
369,31.407,29.9182,2,4,3,3,1,5,1,5,2,1,1,2,3,4,3,3,4,4,3,5,5,3,5,1,2,5,2,4,1,5,1,2,5,2,3,4,1,3,3,5,1,5,1,3,3,5,1,1,5,1,5,1,2,3,1,4,4,3,5,4,5,1,1,1,1,5,4,2,4,5,5,1,1,3,1,3,2,1,1,2,2,3,3,2,1,1,1,1,2,4,2,3,5,2,4,2,2,2,5,4
370,31.5435,30.0854,2,5,2,5,4,2,2,3,1,1,4,5,3,5,1,5,2,1,4,2,3,4,4,5,2,5,2,5,2,2,1,5,1,1,1,3,2,1,2,2,3,3,2,4,1,1,4,5,5,5,1,1,4,1,4,3,3,3,2,4,3,1,4,4,4,3,1,4,4,4,2,5,2,2,1,3,5,4,4,5,4,4,4,3,3,5,3,5,5,2,3,4,1,3,4,4,4,5,1,4
371,31.5781,30.1096,1,5,3,5,3,5,3,5,2,2,5,3,1,1,2,4,2,5,1,5,3,1,2,3,3,1,3,5,1,2,1,1,4,3,1,5,5,5,2,1,4,1,2,1,5,4,2,5,4,3,5,4,3,2,3,2,2,5,1,4,1,5,2,2,4,4,3,3,3,1,4,4,5,4,5,4,2,2,5,5,1,4,1,1,1,4,4,5,3,4,4,2,2,2,5,1,3,5,5,3
372,31.2883,30.0723,3,1,5,5,3,4,3,4,3,5,1,2,2,2,1,3,1,3,1,5,3,2,5,4,3,2,1,1,5,1,4,5,4,4,1,1,2,3,3,4,3,5,5,3,3,3,1,1,5,5,1,3,1,5,1,2,1,1,5,4,5,3,3,5,5,3,3,3,1,4,1,4,5,5,2,2,3,2,3,1,3,5,5,2,5,3,5,4,2,4,2,4,2,1,5,2,3,3,5,4
373,31.308,30.1062,2,2,1,2,4,3,5,3,5,1,2,5,4,1,2,5,1,4,2,5,4,4,2,3,2,4,1,1,5,5,4,1,2,3,1,5,4,3,1,3,1,4,5,5,2,5,2,5,5,4,1,2,4,4,4,3,4,3,4,3,3,5,2,2,3,2,2,1,3,2,2,3,1,5,2,1,4,4,1,5,3,2,2,4,3,5,1,2,1,4,5,5,3,3,1,3,3,2,5,1
374,31.3744,29.984,3,1,3,4,3,1,4,4,3,5,2,1,1,1,3,2,4,4,1,3,3,1,3,4,3,1,3,4,4,1,4,2,1,5,2,3,3,1,1,3,3,5,1,3,1,5,5,2,5,1,3,1,2,5,5,2,2,4,2,1,3,2,5,4,3,2,2,1,4,5,3,3,2,3,2,4,1,5,4,2,4,5,2,4,1,4,5,1,5,4,2,5,5,5,4,5,1,5,5,3
375,31.5765,30.1896,2,2,1,2,2,2,2,1,3,2,2,2,1,2,2,2,5,3,4,4,2,5,5,5,5,3,2,1,5,4,1,1,2,2,4,2,4,1,3,3,1,1,5,1,2,5,2,2,4,4,2,5,1,1,5,5,2,1,3,3,5,4,3,2,1,4,1,5,1,1,2,2,1,4,3,2,2,2,4,4,5,5,3,4,1,3,4,1,1,5,1,1,2,5,3,2,5,4,4,4
376,31.4723,30.0687,2,2,1,1,2,5,5,1,1,3,5,3,4,4,1,3,4,2,1,3,1,4,3,2,1,1,1,4,5,4,4,4,3,3,1,5,4,4,2,5,5,1,4,4,4,3,5,3,2,5,4,4,2,5,1,5,2,1,5,1,5,4,5,3,5,3,2,2,5,5,5,1,1,3,2,5,4,5,5,4,5,3,4,4,1,4,5,4,3,1,3,1,3,4,5,2,4,1,1,1
377,31.2465,30.0364,4,1,3,1,3,3,3,2,3,2,2,4,2,4,2,3,5,2,1,5,1,5,1,3,5,5,1,2,1,5,1,5,1,1,2,3,1,2,4,1,3,4,2,2,4,5,4,2,5,2,1,4,2,2,1,4,5,5,4,5,5,1,1,5,3,2,5,4,1,4,1,3,4,1,4,3,3,5,2,1,3,4,5,5,3,3,2,4,4,2,1,5,1,4,1,2,3,3,3,1
378,31.3457,30.1254,2,1,3,4,4,4,4,2,1,1,1,4,1,2,1,1,1,3,3,3,2,3,3,2,1,4,3,3,3,3,3,2,3,3,1,2,2,5,5,5,3,1,2,3,5,1,3,4,2,2,2,4,1,3,2,5,3,4,5,4,1,3,3,4,5,1,2,4,4,1,1,3,1,1,5,3,3,2,4,5,4,4,5,3,4,1,4,5,4,1,2,1,1,1,1,3,5,2,3,3
379,31.3158,30.1522,2,2,5,2,2,4,1,4,5,5,3,3,5,4,4,2,5,5,3,2,5,3,3,2,2,4,4,5,2,5,2,3,4,3,1,4,1,5,1,3,4,4,5,1,3,2,4,3,2,4,3,2,1,1,3,3,3,5,4,5,1,3,5,5,4,1,1,4,1,2,4,1,3,5,1,4,1,5,2,1,4,4,5,4,2,4,2,4,1,1,5,5,5,5,1,5,2,5,1,3
380,31.1873,30.185,4,2,4,5,1,1,1,1,2,1,1,2,3,1,3,4,2,4,1,3,1,3,5,1,5,2,3,1,4,5,5,3,2,1,1,4,2,5,5,5,1,5,4,5,2,4,5,3,5,5,1,2,5,4,4,1,2,5,3,3,3,2,2,3,2,1,2,3,4,3,4,5,2,2,5,5,5,4,5,1,1,5,4,4,2,3,2,4,2,1,3,3,1,5,5,4,1,3,2,5
381,31.4872,29.9145,5,4,2,2,5,5,3,5,5,5,3,1,5,5,1,2,4,5,5,4,2,1,5,5,3,5,3,3,3,1,2,3,4,3,2,2,4,2,2,3,3,2,1,1,1,2,3,3,3,3,3,3,5,5,3,3,1,4,5,5,3,3,1,3,3,1,4,1,4,3,5,2,2,5,1,4,4,3,2,4,4,1,5,5,2,4,2,3,5,4,4,3,5,3,2,3,3,2,1,4
382,31.1427,30.1196,5,1,4,4,2,4,4,3,3,3,5,4,5,3,4,3,4,3,3,2,1,5,4,3,5,1,1,1,3,5,1,5,5,3,3,2,1,4,4,3,2,1,1,3,1,3,5,5,1,2,5,5,4,3,1,5,5,2,5,3,1,3,1,4,4,2,1,3,1,2,3,1,5,3,1,5,2,2,4,4,3,4,2,2,3,5,3,4,2,4,3,3,2,5,4,2,3,4,3,2
383,31.2477,29.9335,5,3,1,5,1,5,3,1,3,3,5,4,4,3,3,1,4,1,3,3,4,3,2,5,5,2,3,5,3,4,2,2,1,3,2,3,4,5,4,1,5,2,2,1,1,5,4,2,2,3,4,1,2,2,3,4,5,3,1,5,4,1,3,3,5,2,4,1,1,2,4,1,2,1,5,1,5,4,5,5,2,4,4,3,5,3,1,3,3,1,4,2,1,4,5,2,3,4,1,5
384,31.2365,29.9011,3,3,1,5,5,3,2,1,4,5,3,4,4,3,5,2,1,4,1,2,4,3,2,1,5,2,1,1,2,5,5,2,3,2,4,1,5,2,5,5,5,1,2,4,1,3,3,3,5,5,2,1,5,4,2,1,3,5,5,1,4,5,1,2,5,5,1,2,2,5,4,5,5,3,3,1,3,4,1,3,1,2,2,3,3,3,5,1,5,3,5,5,4,5,4,5,1,5,1,4
385,31.3237,29.984,2,4,4,4,3,1,3,3,2,2,4,3,5,4,4,3,5,2,5,1,1,1,5,4,1,5,2,4,2,3,2,2,3,4,3,3,2,5,1,2,5,3,5,5,4,3,2,2,3,3,2,1,3,4,4,1,4,2,3,2,2,1,5,4,4,1,4,2,5,4,3,2,3,5,4,3,1,2,2,1,3,4,3,3,2,5,3,2,2,1,4,3,1,2,5,2,5,1,5,2
386,31.2767,29.9617,5,3,4,1,2,2,2,5,2,1,1,2,1,4,1,5,4,4,4,1,5,5,3,5,5,3,2,2,3,3,4,2,4,5,1,4,4,2,2,1,5,4,1,5,1,4,5,1,2,4,3,3,4,2,3,1,1,2,5,1,4,3,3,4,5,3,3,5,4,1,1,2,4,3,4,5,2,2,3,1,1,4,3,2,1,4,4,3,4,3,2,5,5,5,4,2,5,3,2,1
387,31.0072,29.9957,3,4,5,2,2,1,1,4,1,1,2,3,5,3,2,4,1,5,3,5,5,2,4,5,2,4,3,4,5,2,3,2,1,2,3,3,2,2,3,1,3,5,5,2,1,1,5,1,4,2,2,4,2,4,3,3,5,1,3,1,5,4,5,5,2,5,5,2,1,2,3,4,2,4,2,5,4,5,5,4,4,5,5,4,4,5,2,2,3,2,4,1,5,3,5,4,3,1,5,1
388,31.5652,30.1537,2,2,4,2,1,5,1,5,3,5,2,4,3,2,3,4,3,3,4,5,5,1,1,4,3,2,4,5,5,5,1,4,2,2,4,5,3,4,3,5,3,3,5,1,4,5,1,4,2,4,3,5,2,5,3,5,4,5,2,4,3,1,5,5,4,3,4,1,2,5,5,2,5,3,5,1,4,2,1,2,3,3,5,3,1,1,2,3,4,5,1,1,2,2,4,1,4,5,5,2
389,31.5341,29.9473,1,3,1,5,4,1,1,4,5,4,4,2,3,1,5,4,2,1,3,4,4,4,5,3,4,5,1,3,4,2,1,5,1,4,4,2,1,4,5,5,5,4,1,5,3,4,1,5,4,3,2,2,4,3,5,4,1,5,1,3,4,4,2,3,2,2,1,2,3,1,3,1,4,4,4,1,3,2,1,4,4,3,4,2,2,3,5,2,5,5,2,5,2,3,3,3,5,5,1,3
390,31.3208,30.0325,3,1,5,5,5,1,5,4,5,4,4,5,2,4,1,3,4,2,1,4,5,4,1,3,1,1,5,5,4,4,2,1,1,4,5,1,2,4,2,2,3,2,5,3,5,2,5,4,2,4,2,2,2,4,3,3,1,2,3,5,1,5,2,2,4,3,3,4,1,4,1,3,3,4,5,5,4,1,4,2,1,3,3,5,1,1,1,3,3,4,5,5,2,2,1,3,5,3,3,2
391,31.1185,30.0972,2,5,1,4,4,4,5,5,3,4,2,5,2,4,4,2,3,5,4,5,4,2,5,3,2,2,2,4,3,4,5,4,2,4,3,1,5,3,2,2,1,4,3,2,4,3,2,5,2,4,3,1,1,4,1,5,3,1,4,5,2,2,2,5,5,3,2,1,2,2,4,3,3,1,1,4,2,2,4,2,5,1,4,3,5,4,5,4,5,2,5,2,5,5,4,3,4,1,3,3
392,31.5738,30.04,5,4,1,5,1,2,5,3,2,3,1,4,5,3,2,2,2,2,2,3,5,3,2,2,1,3,5,5,5,4,2,4,5,1,2,1,1,2,3,3,4,2,2,1,1,3,1,5,2,5,4,5,2,2,4,4,4,5,4,2,3,3,2,1,4,3,1,5,3,4,5,1,5,1,5,2,5,2,1,4,1,5,2,5,3,4,1,4,5,2,5,5,2,4,2,2,4,5,3,4
393,31.0087,29.9611,3,5,2,4,4,4,5,1,1,5,5,4,1,1,1,3,4,2,3,1,3,5,3,4,4,2,3,4,1,3,4,1,5,2,1,1,4,2,4,3,3,2,1,2,2,5,4,3,1,4,3,2,5,4,5,1,4,4,3,5,1,5,1,2,1,5,1,5,4,5,1,2,5,1,1,1,5,5,3,5,3,3,3,5,1,5,1,1,4,2,1,2,1,1,1,4,1,3,1,3
394,31.2131,30.0234,1,2,5,4,1,5,5,5,5,2,3,1,2,2,3,3,5,1,2,5,2,2,5,4,4,1,3,2,4,4,4,1,5,5,2,1,2,3,3,4,2,4,1,4,3,5,5,4,2,3,1,1,3,2,5,1,4,4,5,2,4,2,3,3,5,4,2,5,5,4,1,5,5,1,4,1,5,4,1,4,3,2,4,5,5,5,2,2,4,1,4,4,2,1,3,4,2,1,4,5
395,31.0344,30.0112,2,5,1,3,3,4,2,4,3,2,3,5,2,3,1,2,5,4,5,2,2,4,3,4,4,1,3,4,5,2,3,1,4,1,5,1,4,3,1,5,3,5,1,3,5,3,3,2,4,2,2,2,5,2,5,3,1,4,3,3,3,2,1,5,2,5,4,3,5,1,5,2,4,1,1,2,3,5,1,1,1,4,5,2,4,4,1,4,5,3,2,5,2,5,2,2,3,3,4,4
396,31.3287,30.145,4,4,2,2,5,5,3,2,2,1,4,2,5,1,1,3,1,4,3,2,1,3,2,3,1,2,3,3,4,3,5,2,1,5,1,1,1,1,4,5,4,4,1,3,1,5,5,1,1,3,1,1,4,3,4,3,5,1,4,5,5,5,4,2,5,4,5,4,1,4,3,5,2,4,4,2,5,4,2,3,4,1,5,2,2,5,1,3,4,3,3,5,3,2,5,2,3,4,2,4
397,31.1177,29.9657,2,2,5,1,1,2,5,3,1,5,1,2,2,3,4,1,1,2,4,3,2,2,4,4,3,2,2,5,1,4,5,4,3,2,4,5,5,3,5,3,1,5,5,3,1,5,4,1,3,2,2,4,1,1,3,4,2,2,1,3,3,2,3,4,1,4,1,2,5,4,4,4,4,5,3,3,4,4,4,5,5,2,3,2,1,2,3,2,2,5,2,1,2,3,1,4,4,4,4,3
398,31.097,29.9825,5,4,1,1,1,4,3,2,5,2,1,5,5,3,1,1,5,4,1,4,4,3,1,2,5,3,3,1,4,4,4,3,1,3,3,4,5,1,3,5,2,3,4,2,2,4,1,2,1,2,5,3,2,2,4,2,5,5,5,5,2,1,3,5,1,5,1,5,1,3,4,1,2,5,3,1,5,2,4,5,2,2,1,3,3,1,1,4,3,4,4,1,1,2,5,4,4,3,1,3
399,31.5865,29.9616,4,4,3,1,1,4,4,5,2,3,5,3,1,1,5,4,3,4,3,2,3,3,2,5,4,4,3,3,3,1,2,4,5,3,2,2,2,3,4,4,4,1,1,5,1,1,5,3,4,4,4,1,2,2,1,1,2,4,4,3,5,2,2,4,3,4,4,3,1,3,3,1,5,3,1,5,5,5,4,4,5,4,4,4,2,4,5,4,1,2,1,5,3,5,4,4,5,4,2,1
400,31.5382,30.0449,3,1,4,1,3,3,1,2,2,1,5,1,1,3,2,3,3,4,3,5,5,4,5,4,3,2,4,4,5,5,4,1,3,2,1,2,1,3,4,1,5,1,1,3,4,5,2,5,3,2,5,3,5,5,1,3,2,4,5,5,3,3,1,1,1,2,2,3,1,2,2,2,5,1,2,4,5,2,1,5,5,4,1,4,5,1,1,3,5,5,5,5,1,4,4,1,5,3,3,4
401,31.2554,30.061,2,4,1,1,1,3,2,2,4,2,3,3,3,3,3,5,1,3,2,3,4,5,4,1,4,1,3,4,2,1,2,3,5,2,2,4,4,2,4,3,1,3,5,3,5,5,3,5,2,4,5,2,4,5,1,5,5,4,1,2,1,3,4,1,2,5,5,5,1,4,1,3,1,5,5,1,1,2,2,2,3,1,3,5,4,4,5,5,3,5,2,4,2,4,2,5,3,3,1,1
402,31.1769,29.9549,4,4,1,5,2,5,2,2,4,2,2,3,1,1,5,3,2,3,3,5,1,5,1,4,4,4,1,4,1,4,2,3,3,1,1,1,5,2,1,5,5,1,5,1,1,1,1,5,1,2,5,3,5,2,2,5,5,2,3,2,2,2,1,2,3,3,2,4,4,1,3,5,5,5,3,2,4,2,1,2,4,2,3,2,3,2,4,2,5,2,3,4,1,3,3,2,5,2,4,5
403,31.0135,29.9508,3,2,1,3,4,3,3,5,1,1,4,5,5,3,5,5,4,5,4,1,4,4,5,1,5,2,4,4,3,2,1,1,1,1,2,3,4,2,5,2,4,2,2,5,2,5,4,1,5,1,3,4,5,4,4,1,1,2,1,3,4,1,1,5,2,3,5,4,1,5,5,2,4,1,2,4,2,3,1,3,3,1,2,3,2,1,4,1,5,4,3,2,3,5,1,1,2,2,1,3
404,31.5532,30.0029,5,1,4,1,1,4,4,2,2,5,5,2,3,4,2,2,3,2,2,3,1,3,1,3,1,1,4,1,4,3,2,4,3,4,1,1,5,1,3,4,2,2,4,2,2,4,2,2,1,5,4,1,3,4,2,5,3,1,4,5,3,1,1,3,4,1,4,1,4,2,1,2,1,1,1,2,4,1,1,2,1,4,1,1,4,4,2,2,4,2,1,2,1,5,2,1,2,1,2,2
405,31.2243,29.9877,1,4,3,3,2,3,3,4,4,1,5,3,2,4,3,5,4,2,2,2,3,2,3,2,5,4,5,1,4,2,3,5,2,3,4,1,4,2,3,3,1,3,3,2,1,2,4,5,5,2,5,1,1,3,1,2,4,3,4,5,4,4,1,1,1,5,4,1,3,5,2,2,3,5,4,3,3,1,3,4,2,5,2,2,5,5,3,3,2,5,5,3,4,2,4,2,4,3,3,2
406,31.5641,30.0085,5,1,1,5,4,5,2,5,4,3,1,4,2,1,4,5,5,4,5,4,4,4,1,5,1,5,5,1,4,5,4,4,5,3,3,2,5,3,2,3,2,1,5,2,1,4,4,3,5,1,5,2,3,2,2,1,4,2,3,1,5,5,4,2,1,4,3,2,2,5,5,4,5,4,3,2,4,4,5,1,1,1,4,2,1,2,4,3,1,2,1,4,5,1,5,5,1,5,1,2
407,31.064,30.0464,5,2,4,4,5,3,4,3,2,4,5,2,2,2,3,5,5,2,5,4,3,5,4,1,3,4,4,2,2,3,4,4,3,3,1,1,4,4,5,5,2,1,2,4,2,3,3,2,4,1,2,4,1,2,4,5,5,1,5,3,4,1,2,3,2,1,5,4,1,5,2,4,3,2,2,4,3,2,2,2,5,1,4,1,4,5,1,5,3,5,2,3,1,1,2,2,3,5,2,4
408,31.1463,30.0705,4,1,2,4,1,5,5,5,1,5,5,5,4,5,1,1,4,4,3,5,3,3,1,3,1,3,2,2,3,4,5,5,5,3,2,2,1,4,1,5,3,4,1,1,1,3,1,5,2,3,1,3,3,2,1,4,2,4,1,5,4,2,2,3,2,3,3,2,3,3,4,2,5,1,4,5,2,1,3,1,2,1,4,1,1,1,4,4,3,3,2,5,3,3,2,2,4,1,4,3
409,31.314,30.1356,2,1,3,5,4,2,5,1,1,2,4,1,4,3,5,3,3,3,3,3,5,2,3,2,5,3,2,5,5,1,4,5,1,1,4,2,5,2,5,1,4,1,2,4,5,3,4,1,5,5,5,2,3,5,4,3,2,3,3,3,2,2,5,1,4,3,3,2,4,2,5,4,2,1,2,1,5,1,4,4,1,2,3,5,5,2,3,1,2,1,3,1,4,4,5,2,4,3,4,3
410,31.4707,30.1877,3,2,1,1,2,2,1,5,3,2,5,4,3,2,5,2,3,4,4,4,3,4,2,1,1,4,1,4,4,1,3,4,1,4,5,1,4,5,3,3,5,3,2,5,4,4,1,3,1,1,4,3,2,4,2,1,1,4,5,2,2,1,4,2,5,5,3,4,4,1,5,1,1,5,4,5,1,1,5,3,3,1,2,2,2,1,3,2,3,5,5,3,2,2,3,1,5,1,5,2
411,31.4496,30.0722,1,4,5,3,4,4,3,1,2,2,5,3,3,5,2,1,2,5,4,5,1,3,2,2,3,4,2,3,4,3,1,2,2,5,2,3,5,4,3,5,4,4,3,4,2,1,3,1,1,2,4,4,2,5,4,5,2,4,3,3,2,3,1,4,2,2,2,2,1,3,4,1,2,5,5,3,5,5,5,1,3,4,4,1,3,3,4,3,4,4,4,3,5,3,5,5,1,5,3,4
412,31.3007,30.1174,5,2,4,3,3,1,5,2,3,1,3,1,1,1,1,3,5,2,3,5,2,1,3,3,1,1,5,3,2,1,5,1,4,2,2,4,1,5,3,4,2,2,3,1,3,5,2,2,4,5,4,1,5,3,1,4,4,5,5,2,5,5,3,1,2,4,4,3,4,5,5,3,4,3,5,1,3,1,3,5,1,1,5,2,3,4,5,2,1,3,3,2,2,4,5,4,2,1,4,3
413,31.5121,29.9196,2,1,3,2,4,2,5,2,1,2,1,3,1,5,5,5,1,3,4,3,4,5,5,5,1,3,2,1,2,4,2,3,2,5,1,5,5,1,2,3,3,3,4,2,5,5,2,4,1,1,2,2,5,4,5,5,4,1,5,4,1,2,4,5,3,4,5,1,3,1,2,5,1,2,2,3,3,4,5,1,4,2,1,2,2,4,1,4,2,1,4,3,2,1,1,2,2,3,3,5
414,31.3918,30.09,1,1,2,4,2,1,2,2,4,4,1,4,5,3,5,4,2,5,2,2,1,5,3,5,5,1,5,4,5,2,4,1,1,5,5,1,1,5,4,4,1,4,5,2,3,3,5,5,4,3,1,3,2,4,5,5,2,5,4,1,2,2,5,1,1,4,1,2,2,1,2,2,5,4,5,1,2,5,5,3,4,4,2,4,3,4,3,5,2,5,2,1,4,3,2,5,2,2,4,1
415,31.5259,29.9141,5,5,3,4,5,4,1,3,4,3,3,1,2,5,1,3,5,1,1,5,1,1,3,5,4,1,4,4,1,5,4,4,2,2,5,1,1,2,3,2,4,4,3,3,1,1,1,4,1,2,3,4,5,1,2,5,2,5,4,2,1,3,4,4,5,3,5,4,3,2,4,2,4,3,2,4,2,4,5,5,3,2,1,5,3,4,3,4,1,5,4,3,3,3,5,1,4,3,3,1
416,31.5593,29.9574,2,3,5,3,2,3,5,3,3,3,2,2,3,2,5,3,1,2,3,1,2,1,1,3,2,3,1,2,2,4,2,4,2,2,4,4,5,2,4,4,3,2,4,2,2,4,1,3,1,3,3,1,3,5,2,2,4,5,2,5,2,2,1,1,5,4,4,2,2,4,2,3,3,5,2,1,5,2,1,3,3,4,3,5,3,2,5,3,2,2,1,2,5,3,1,3,1,4,2,1
417,31.5861,30.1749,1,5,4,1,3,2,1,4,4,3,5,1,5,4,3,2,2,4,3,2,2,5,5,2,2,4,5,2,5,3,3,2,1,5,5,4,4,1,4,4,2,5,3,1,1,5,1,5,3,4,2,5,5,2,5,3,1,2,1,2,3,5,2,2,3,3,2,4,1,3,1,3,3,4,5,4,1,5,1,5,1,3,5,5,1,5,1,1,4,2,2,4,1,2,3,1,2,4,1,4
418,31.464,29.9333,4,3,2,4,2,4,3,3,5,5,1,2,2,1,3,3,2,5,2,3,1,1,5,4,2,4,1,3,5,2,3,5,2,2,4,1,4,5,3,5,1,2,2,4,1,3,4,4,2,3,2,3,4,1,5,4,2,5,4,3,5,1,3,4,3,5,1,5,5,4,5,4,2,3,1,4,2,3,4,3,4,5,1,1,2,5,3,3,4,3,2,4,5,3,4,2,2,4,4,1
419,31.5472,30.1089,1,2,1,5,3,5,4,4,1,1,2,3,1,1,1,4,5,5,1,2,5,3,4,4,3,1,2,3,1,2,4,1,5,1,3,3,3,1,1,1,2,1,3,1,5,4,2,1,2,2,2,1,3,4,3,4,2,2,3,2,1,4,3,5,4,4,5,1,2,2,2,3,5,2,2,4,3,5,5,3,3,3,4,4,2,4,4,1,1,3,2,3,3,5,1,2,5,2,4,2
420,31.2922,29.9641,3,5,5,1,2,5,1,2,3,3,5,5,5,2,3,4,1,5,3,4,4,1,3,5,4,3,1,3,4,3,4,5,5,2,5,1,1,2,5,1,5,5,1,1,5,5,4,1,2,3,3,3,1,2,4,5,2,3,1,4,4,3,2,3,4,3,4,1,5,5,5,4,5,1,4,2,2,2,5,2,2,1,3,1,2,4,1,1,5,1,4,3,2,5,5,5,5,4,1,5
421,31.1138,29.9035,4,2,1,1,1,4,4,1,5,3,2,4,2,5,1,1,3,3,4,4,5,5,5,2,3,4,5,5,3,2,3,5,1,5,3,3,1,2,2,5,4,2,3,4,3,2,1,1,2,4,3,4,4,2,3,3,2,2,5,5,2,5,4,5,3,4,2,1,4,5,2,5,5,5,5,5,1,4,2,2,5,4,2,3,4,1,4,4,4,4,3,5,5,4,2,2,1,4,4,4
422,31.4402,30.1332,1,2,4,2,1,5,3,3,4,5,2,1,2,4,2,5,4,4,3,4,3,2,4,3,4,2,3,5,4,2,4,2,4,4,5,4,5,3,3,2,3,3,4,1,5,3,3,3,2,3,4,1,1,4,4,5,5,2,4,5,2,2,1,4,3,1,5,4,1,2,4,2,3,5,3,5,4,3,3,3,5,2,5,5,1,5,4,5,5,5,5,4,2,1,3,3,5,1,4,5
423,31.3884,30.1073,5,3,2,1,2,2,1,2,2,5,1,3,1,5,3,1,5,2,5,2,5,1,2,1,2,1,3,1,1,2,4,2,1,1,1,4,4,1,5,2,5,3,4,3,2,2,3,1,2,3,3,5,4,3,2,3,3,5,1,1,3,1,1,4,3,3,1,3,3,4,5,5,4,4,5,5,5,3,3,5,1,5,1,4,5,2,2,2,4,3,4,2,2,4,2,1,2,1,4,3
424,31.2174,30.0228,1,5,1,5,2,1,3,3,3,4,1,4,3,1,3,5,5,5,1,5,2,5,1,5,5,2,4,4,5,5,3,3,5,3,5,2,2,4,3,2,3,3,1,2,3,5,1,4,4,1,1,3,4,3,4,5,1,3,4,4,2,1,3,3,1,1,5,4,4,1,5,4,3,1,5,4,2,1,1,5,3,2,2,5,5,4,4,5,3,2,3,5,1,4,5,2,2,3,5,5
425,31.4881,30.1307,3,3,1,2,1,3,5,2,5,1,5,4,2,1,4,4,4,4,1,1,2,2,3,4,4,1,5,2,3,2,4,3,5,2,2,2,4,1,5,1,3,2,5,4,3,4,5,1,2,4,3,3,4,4,2,2,2,2,1,1,3,5,4,1,1,1,3,2,2,4,2,4,4,3,4,3,4,4,5,2,5,1,2,4,5,3,5,1,2,2,4,5,3,2,1,1,1,4,5,4
426,31.5537,30.1446,1,2,4,4,2,5,3,1,2,1,1,1,5,2,2,5,5,1,5,2,2,1,5,3,3,4,3,4,1,2,5,4,4,5,3,5,2,1,1,2,1,2,2,2,1,4,4,1,4,1,2,4,4,3,1,5,3,5,4,5,5,3,5,3,3,5,2,2,2,2,2,4,3,4,4,2,5,1,2,4,4,3,1,2,4,2,5,3,5,2,5,1,4,5,1,2,1,5,2,1
427,31.4951,29.9031,1,3,4,5,2,5,3,2,1,3,2,4,4,5,4,4,2,1,3,1,5,3,4,5,5,5,2,5,3,2,3,4,3,3,2,4,5,3,1,5,2,3,4,1,5,2,4,5,5,2,2,2,3,3,4,3,3,1,4,3,5,1,4,4,2,4,4,4,5,3,3,5,4,2,4,1,5,4,5,3,3,2,1,1,1,4,5,2,2,5,2,4,4,3,3,5,5,2,4,1
428,31.5468,30.1728,1,5,5,4,1,2,1,4,5,5,4,3,4,2,3,5,3,1,5,4,2,1,3,2,4,3,5,3,3,4,5,1,3,2,2,5,5,1,5,4,2,4,5,4,1,2,3,4,5,4,3,2,4,4,4,2,5,5,3,1,5,4,2,4,3,2,5,2,3,1,5,3,4,3,5,1,5,3,3,5,5,2,5,5,5,5,4,3,4,3,1,4,2,4,4,2,5,5,3,3
429,31.2923,30.1254,4,3,4,3,3,5,1,1,4,1,5,3,1,4,5,5,3,4,4,1,4,1,5,2,4,3,3,3,4,1,5,5,4,1,4,3,5,5,1,4,2,5,1,5,2,3,2,4,5,5,3,1,2,1,1,2,2,2,2,4,2,2,2,5,5,3,5,3,5,5,2,5,3,5,4,2,1,3,2,4,1,3,4,1,4,4,1,1,2,3,2,1,3,2,3,2,2,3,4,1
430,31.3045,29.9587,5,3,2,3,5,2,2,3,3,3,4,1,1,1,3,2,5,5,2,1,3,1,3,4,4,3,3,4,5,1,5,5,2,5,2,5,1,2,5,1,2,4,4,2,2,1,2,5,3,4,1,2,2,2,3,2,4,4,1,2,4,3,1,4,5,4,2,2,5,1,3,1,2,3,2,2,2,4,1,1,5,1,3,1,1,4,1,4,3,5,5,5,5,2,5,1,5,2,3,2
431,31.4605,29.965,4,3,5,2,5,3,1,1,3,5,2,4,1,2,3,3,4,1,2,3,5,5,3,1,1,2,3,3,5,2,5,4,5,1,3,2,4,4,1,5,1,3,3,2,1,2,2,3,3,4,4,4,2,4,3,1,4,2,2,5,5,5,2,3,2,3,2,3,3,5,4,3,4,3,3,5,4,5,5,2,2,5,2,1,4,2,2,4,1,1,1,1,3,2,5,4,2,4,1,1
432,31.1899,29.9493,1,5,1,1,1,1,4,1,3,3,4,4,2,1,2,4,1,2,2,2,4,4,5,2,1,2,3,5,5,1,1,2,5,2,1,2,2,4,2,5,4,1,1,5,4,4,1,3,4,5,5,3,2,3,4,1,2,1,4,4,2,1,4,3,3,5,1,2,4,2,4,1,5,1,3,5,1,1,3,2,5,3,2,2,2,3,3,2,2,1,1,2,1,1,1,4,3,3,4,1
433,31.0144,29.974,5,5,4,1,1,2,1,1,3,4,3,3,1,1,2,4,1,5,3,2,5,3,1,5,2,3,5,5,4,2,4,3,4,3,5,2,1,1,1,3,1,5,2,1,4,4,3,5,4,5,3,3,4,2,4,1,5,3,2,1,5,2,3,5,2,4,2,2,4,4,1,2,4,3,4,5,5,1,1,3,3,1,1,2,1,2,3,1,3,3,5,5,4,2,4,4,1,2,4,4
434,31.3877,29.9397,3,4,5,3,4,5,3,4,4,5,3,3,1,2,2,4,5,5,2,1,4,1,1,4,2,3,2,1,1,2,1,2,5,5,4,1,2,4,2,3,1,3,1,1,4,1,2,1,2,3,5,2,3,5,2,3,5,5,3,4,3,2,5,4,4,1,3,5,1,3,1,2,2,5,4,5,4,2,3,2,5,5,2,4,5,3,4,1,3,4,5,2,2,4,4,1,1,5,3,1
435,31.1414,29.9919,3,4,1,1,5,1,1,1,5,1,5,4,1,3,1,5,1,5,4,3,5,1,2,4,4,3,1,1,3,2,3,3,2,1,3,3,1,2,4,4,4,2,1,2,1,2,5,4,4,2,5,1,3,2,3,5,3,2,4,4,3,5,4,5,1,5,5,2,1,1,5,4,5,1,1,5,2,3,3,1,1,4,3,3,4,1,5,3,5,5,1,3,4,1,1,2,3,3,2,1
436,31.2609,30.0046,1,4,5,4,1,5,4,3,4,4,5,1,3,4,3,4,3,5,5,2,5,5,2,4,5,5,5,3,5,4,2,5,1,2,4,3,5,3,3,5,1,1,5,3,3,2,5,5,1,4,2,2,1,5,3,3,3,3,3,2,2,1,2,4,3,5,5,2,1,3,1,2,5,1,2,1,5,4,4,1,5,5,1,1,5,4,3,5,3,4,5,4,2,4,4,3,4,3,1,5
437,31.298,30.1751,2,1,4,3,2,4,3,5,2,3,2,2,1,5,4,3,3,2,3,5,2,2,2,5,4,2,2,5,2,2,5,3,3,5,3,5,5,2,5,2,3,5,5,1,2,5,2,1,4,3,5,2,1,2,1,1,4,1,4,4,1,5,4,5,2,2,2,5,5,3,4,2,3,5,5,3,5,3,1,2,5,3,3,2,2,3,5,1,5,3,3,4,5,3,2,2,5,5,5,4
438,31.4113,30.0473,5,3,1,4,4,4,3,2,2,5,4,5,5,3,4,2,5,5,5,2,3,2,4,5,2,3,4,3,2,2,1,5,3,2,1,1,2,1,1,2,5,4,4,4,1,1,1,1,4,4,1,4,3,1,5,2,4,5,2,1,3,4,2,1,5,5,1,5,5,1,1,2,1,1,2,5,3,1,2,1,2,2,5,3,1,2,4,2,1,2,1,4,5,4,4,2,2,4,4,1
439,31.5982,30.0123,1,5,5,4,4,5,4,4,3,4,5,2,3,1,4,5,5,3,4,2,4,5,1,1,5,5,3,1,5,1,2,1,1,2,1,4,4,2,1,4,1,1,5,2,4,5,1,4,3,2,5,2,2,4,3,5,5,2,4,5,2,2,2,5,3,4,1,1,5,5,3,1,3,1,2,4,3,5,2,3,5,4,4,2,1,1,1,3,4,4,3,4,2,1,3,1,5,2,2,2
440,31.2988,30.1993,3,1,3,2,1,3,4,4,2,2,1,4,1,2,4,2,3,5,1,2,1,2,5,5,2,5,4,2,1,3,1,2,4,3,5,3,2,1,1,4,3,3,5,1,3,3,1,1,5,2,1,4,2,2,3,5,5,2,2,5,2,4,4,4,5,4,3,4,1,5,3,4,3,2,1,5,3,1,4,3,4,5,2,2,3,1,4,2,4,3,3,2,1,3,2,4,5,3,1,3
441,31.5312,30.1853,1,3,2,4,2,3,3,5,3,5,5,1,1,2,5,3,3,4,2,3,1,5,5,5,4,1,1,5,4,3,1,5,3,2,3,4,3,2,3,2,5,5,4,1,4,1,4,4,4,5,5,4,5,1,1,4,3,4,4,2,4,5,3,1,2,3,4,3,4,1,4,2,1,2,5,2,4,3,1,3,5,4,2,1,2,2,1,1,2,5,4,3,2,5,4,4,2,1,5,1
442,31.2327,30.0726,3,4,3,5,4,4,2,4,4,4,1,5,3,4,2,5,4,5,5,2,4,5,2,5,2,5,4,5,2,5,2,5,2,4,3,3,1,3,2,5,1,2,3,2,1,4,1,4,1,5,1,5,5,2,1,3,5,2,4,2,3,5,3,2,5,4,4,1,2,5,2,1,5,3,4,4,5,5,5,5,3,5,2,4,4,3,3,1,1,5,1,2,3,1,2,5,4,4,4,5
443,31.5336,30.1974,4,5,5,1,3,3,3,3,1,4,3,5,2,1,2,1,1,5,5,2,3,4,1,1,2,3,3,5,4,1,5,3,4,5,2,5,2,4,1,3,3,4,2,4,1,3,2,2,3,2,4,1,4,1,2,2,5,3,3,3,1,4,5,4,5,5,2,5,2,4,5,2,5,1,2,5,1,2,4,3,5,5,5,1,1,2,1,4,2,5,5,3,4,5,3,4,1,5,5,4
444,31.0083,29.9478,4,1,1,5,1,3,4,1,4,3,2,4,4,1,1,3,3,2,5,1,3,5,3,5,1,1,1,1,2,4,1,2,3,4,5,4,2,5,4,1,2,1,5,4,2,4,4,2,5,3,3,4,3,5,2,2,5,2,5,4,2,3,4,4,4,1,2,4,3,1,5,1,2,4,3,5,2,4,2,3,1,3,2,4,1,4,4,5,2,4,2,4,2,1,4,3,1,4,2,4
445,31.1866,29.9654,2,5,1,4,1,3,3,2,1,4,1,2,2,3,2,2,5,1,1,5,2,2,5,4,5,2,4,3,1,2,1,2,3,1,5,1,2,5,5,4,4,3,2,4,1,1,4,5,2,5,2,3,2,3,2,5,1,2,5,4,5,1,5,1,5,5,5,1,4,3,5,1,1,3,5,1,1,4,2,2,4,3,3,1,1,5,3,1,2,2,2,3,4,3,3,5,3,5,3,1
446,31.3467,30.0175,5,5,2,1,3,5,5,2,3,3,1,5,1,4,1,4,4,4,1,3,5,3,2,5,4,1,3,5,3,4,3,1,3,2,4,4,5,2,2,2,1,4,5,4,2,3,5,2,4,3,5,5,1,4,2,3,3,3,2,2,5,1,2,3,4,5,3,5,2,3,1,3,2,2,3,1,4,5,2,3,5,2,2,5,1,1,2,2,2,2,4,5,2,4,4,1,4,2,4,5
447,31.2358,30.1477,2,4,4,4,4,4,5,2,1,5,2,3,3,2,3,3,5,1,3,5,2,2,3,1,2,5,1,4,1,1,3,3,5,1,4,4,3,5,3,1,3,4,2,4,2,4,3,3,5,3,4,2,4,3,2,2,2,5,1,5,3,4,3,4,2,4,4,1,5,4,5,4,2,3,3,5,1,4,4,5,2,4,5,2,1,3,4,1,1,2,5,1,4,1,4,2,2,2,1,5
448,31.4252,29.9155,2,1,3,4,5,1,2,2,3,2,4,2,1,2,1,4,4,4,4,5,5,5,3,4,4,4,5,3,4,1,2,2,3,1,4,3,5,3,2,2,3,4,1,3,2,5,4,5,2,1,5,1,2,1,1,4,1,4,3,4,5,3,3,3,2,4,2,1,4,4,2,5,4,5,5,2,4,1,3,4,5,1,4,3,1,1,5,1,5,5,1,3,4,3,3,4,4,4,4,4
449,31.4879,30.017,1,1,4,2,3,4,1,2,2,5,5,1,3,3,5,5,2,4,2,2,3,1,1,5,2,4,5,3,1,3,3,1,1,5,3,3,3,2,4,4,3,2,2,3,3,1,5,4,5,5,5,5,1,1,2,2,3,3,2,2,5,2,5,1,3,1,1,5,3,2,1,1,4,5,3,3,3,1,2,4,2,1,1,1,2,2,5,3,2,2,3,3,3,2,5,3,4,2,4,2
450,31.1825,30.16,3,2,2,5,4,5,5,3,1,3,3,2,1,2,3,4,4,2,5,1,3,2,2,5,2,1,3,1,4,1,3,1,5,3,3,5,4,4,2,1,1,1,3,5,3,1,2,1,2,1,3,2,2,1,3,4,1,4,4,4,4,3,5,5,3,4,5,4,1,2,1,5,1,5,1,5,2,4,3,3,1,2,2,4,2,5,4,3,1,3,2,5,2,2,2,5,1,5,4,1
451,31.4302,30.1649,1,4,4,3,4,1,5,4,2,2,4,3,2,3,3,3,3,3,4,1,5,5,1,2,4,5,4,3,5,4,4,5,4,2,3,2,4,4,1,1,3,3,5,1,3,2,4,2,3,1,5,3,1,5,4,5,5,1,2,4,3,1,2,3,3,5,5,2,5,5,4,5,5,5,4,4,1,1,2,5,3,5,3,3,5,4,1,4,1,1,3,4,1,1,2,3,2,1,1,4
452,31.1935,30.0624,4,3,5,2,2,2,1,2,3,3,2,5,4,2,2,3,2,1,1,1,4,4,1,2,5,4,4,1,3,2,3,3,3,3,2,2,2,4,2,1,3,2,5,1,2,5,4,3,4,2,5,4,2,5,2,4,2,4,1,2,1,4,1,5,5,3,1,5,3,5,3,4,2,4,4,5,3,1,3,2,3,2,3,4,2,2,5,3,3,4,5,1,5,5,5,1,3,2,2,5
453,31.5799,30.1688,5,3,5,1,2,2,1,1,4,3,3,5,2,3,4,5,3,1,4,1,5,2,2,2,4,5,1,5,5,5,3,5,5,2,5,2,1,3,5,1,4,5,1,4,1,1,1,4,4,4,1,2,3,3,4,2,3,3,2,4,1,4,5,4,3,5,1,3,2,2,1,5,3,2,5,1,5,4,1,2,2,2,3,5,4,3,4,5,5,1,2,4,2,1,5,3,2,2,5,1
454,31.3719,29.9584,3,5,2,2,1,1,1,4,1,3,1,2,3,2,2,2,1,1,3,2,2,1,4,2,1,2,5,4,5,1,1,1,2,1,4,5,2,2,2,5,2,3,1,3,4,3,4,5,2,5,4,3,4,1,5,3,1,1,1,4,1,3,1,4,4,5,3,1,4,2,3,5,5,4,3,3,5,2,3,5,3,5,4,5,3,3,1,2,1,4,4,5,5,5,5,1,3,1,5,5
455,31.0819,30.0019,4,2,5,2,4,3,3,2,1,1,4,2,4,4,5,3,5,2,4,3,2,2,1,1,2,3,5,4,3,1,5,3,3,1,1,1,2,4,3,1,4,2,1,5,2,1,4,4,3,3,4,4,5,5,4,5,5,5,2,4,2,4,1,1,1,4,3,1,4,1,2,3,1,1,3,2,5,1,3,3,2,5,2,4,4,5,3,5,3,5,5,5,1,2,4,5,5,1,2,1
456,31.4408,29.9906,4,1,3,3,5,3,4,2,1,2,2,1,5,5,3,4,2,4,3,1,4,1,5,5,2,1,3,3,5,4,1,5,5,1,2,2,3,2,2,5,3,2,4,1,4,3,4,3,1,1,2,3,5,3,4,1,5,2,3,3,2,5,5,5,4,1,5,3,1,4,3,1,5,1,1,2,5,4,4,5,4,3,1,2,5,3,3,2,2,1,5,4,4,1,1,3,5,1,4,2
457,31.2164,29.9953,2,3,1,2,3,5,4,2,5,2,3,5,1,1,3,5,2,3,1,5,4,1,5,4,2,2,4,1,2,1,4,4,2,3,1,3,2,5,3,1,3,2,1,2,2,2,5,1,2,4,3,3,4,2,5,3,5,2,1,3,5,4,2,2,5,5,1,5,3,4,2,2,1,1,2,1,5,3,4,2,4,3,3,5,2,2,1,5,1,1,4,3,5,4,2,2,2,1,2,3
458,31.2186,30.065,5,1,3,3,2,2,5,5,4,5,3,5,3,2,2,5,1,4,3,1,5,3,5,3,4,1,1,2,5,3,1,1,4,4,5,2,5,2,2,3,3,3,2,2,2,4,1,2,1,3,4,3,2,2,5,4,4,3,2,1,3,3,5,2,3,4,2,3,3,4,2,1,4,1,2,3,4,5,5,4,5,2,2,2,4,5,2,3,4,4,5,3,1,3,1,4,1,3,5,2
459,31.2332,30.118,2,3,2,4,2,5,1,1,5,4,1,4,1,5,4,4,2,2,4,1,3,1,4,2,4,2,5,5,4,2,2,4,3,4,2,1,5,1,1,5,2,2,1,5,2,5,5,3,3,5,5,1,4,1,2,4,3,3,3,5,2,5,4,4,1,1,2,5,3,4,3,2,1,4,2,5,1,3,3,2,4,2,5,5,2,3,1,4,1,1,3,4,4,3,3,1,4,5,5,5
460,31.2068,30.0537,2,3,4,3,1,1,3,3,2,5,4,4,4,5,3,1,3,1,1,2,5,1,4,1,2,1,4,3,4,5,4,2,5,4,2,1,3,4,3,3,5,3,4,3,3,5,1,1,1,2,3,1,2,3,5,1,1,3,5,1,2,3,4,4,1,4,4,2,2,4,5,2,2,5,5,1,4,5,5,5,2,2,5,3,4,4,4,3,3,1,4,2,5,4,3,3,2,1,1,4
461,31.3711,29.9315,2,2,4,1,5,5,1,1,1,4,3,5,2,4,2,5,5,2,4,3,5,3,2,4,1,4,3,3,1,5,1,2,4,1,2,5,4,3,2,5,5,3,1,3,4,5,5,4,2,3,4,5,1,4,3,1,1,2,5,5,2,3,2,3,2,1,3,5,2,2,2,4,3,2,5,4,2,4,5,3,4,5,5,2,4,4,3,3,3,3,3,5,5,3,4,2,4,4,4,1
462,31.0787,30.0841,3,1,5,3,1,4,1,4,3,2,5,5,4,2,4,3,1,5,4,1,1,2,4,4,2,2,2,4,5,2,4,2,3,4,2,2,4,4,2,4,4,2,1,3,2,2,4,5,5,1,2,4,4,2,4,2,4,4,3,3,2,5,1,1,1,2,1,4,5,1,5,4,1,1,4,1,2,5,1,3,2,3,3,4,2,3,3,4,2,1,2,5,5,2,2,2,1,3,2,1
463,31.2868,30.123,3,1,3,3,5,4,5,4,2,1,1,1,5,4,4,2,2,1,1,3,4,4,4,3,1,5,1,4,1,4,1,2,1,1,5,1,4,2,2,3,1,2,3,4,1,4,2,4,5,2,5,5,2,4,5,4,3,3,5,4,4,2,2,4,1,3,2,2,5,2,5,5,1,4,4,2,3,4,2,3,2,2,1,4,5,2,3,2,1,3,1,2,2,3,1,2,2,3,2,1
464,31.3411,30.0009,1,1,1,1,2,4,4,4,5,4,1,4,2,1,3,3,5,2,3,4,4,2,4,5,5,3,1,4,5,1,3,5,3,2,2,3,5,4,3,5,2,2,2,1,4,1,3,1,4,1,2,5,1,3,5,4,2,1,2,3,2,5,4,2,2,2,3,3,3,3,5,4,2,5,1,3,5,4,1,5,1,5,4,5,3,4,2,3,3,2,2,5,1,2,2,5,3,4,5,2
465,31.4319,30.1675,4,5,2,4,1,2,5,3,2,3,2,4,5,2,1,5,4,2,5,3,5,2,3,4,5,1,1,4,4,4,3,3,4,4,4,5,1,4,2,1,1,3,2,2,5,3,4,2,4,2,1,3,2,1,4,5,5,1,3,4,4,1,2,4,1,1,2,1,3,1,5,4,1,5,3,3,2,3,1,2,5,2,1,4,2,5,5,1,4,3,2,1,1,5,2,4,5,2,5,5
466,31.5108,29.9754,1,2,2,5,2,4,2,5,2,4,1,3,3,4,3,1,4,3,5,1,1,3,2,2,4,2,2,5,3,3,1,4,3,1,2,3,2,3,4,5,3,3,4,1,5,3,1,4,4,5,1,4,2,5,2,3,3,4,3,4,3,1,4,3,2,5,1,5,5,5,4,2,1,2,4,5,5,4,5,1,4,3,4,1,1,4,1,2,5,5,1,2,3,5,5,3,3,5,3,1
467,31.4525,30.0546,3,4,5,4,5,3,4,4,2,2,5,3,5,4,1,1,3,3,4,2,1,3,3,5,5,2,4,4,5,4,2,5,5,3,4,3,4,2,1,3,4,4,1,2,1,5,3,5,5,3,1,4,3,5,5,3,2,4,2,5,2,2,1,5,3,3,2,5,1,3,5,1,5,3,2,5,2,3,3,4,1,5,4,3,4,1,2,3,5,4,1,3,3,3,5,2,2,3,2,3
468,31.1234,30.1622,2,2,4,4,4,4,3,4,4,1,2,1,5,1,3,1,3,3,4,2,5,2,4,2,1,5,1,3,1,3,1,3,4,4,5,1,2,2,2,3,3,4,2,4,1,1,1,1,5,2,5,5,4,4,2,5,3,5,3,4,5,5,3,3,4,1,1,1,3,2,2,2,3,4,5,1,1,4,4,4,2,5,5,5,5,3,2,3,5,2,2,4,3,4,2,2,5,5,2,1
469,31.3882,30.1225,4,4,2,1,4,3,5,1,5,5,2,1,1,2,5,1,5,5,4,3,3,1,1,3,5,1,4,2,1,5,2,2,2,1,1,3,4,3,1,3,4,5,1,4,2,5,1,3,5,3,4,3,5,5,1,2,2,4,2,1,2,4,4,4,4,1,5,5,5,2,1,4,4,5,5,5,2,2,5,4,4,3,5,3,2,3,2,1,5,1,3,5,3,2,4,1,2,5,3,5
470,31.0634,30.1338,4,3,1,5,1,5,3,5,3,1,4,2,2,5,3,2,2,4,1,4,2,5,1,2,5,5,3,2,3,5,4,2,2,2,5,3,3,5,3,2,5,1,4,2,1,1,1,3,2,1,3,2,1,4,5,3,5,5,2,4,3,2,2,4,3,4,5,3,2,1,1,3,3,1,2,4,5,4,5,3,1,3,4,4,4,1,2,3,2,2,5,4,2,3,3,5,5,5,1,4
471,31.5152,29.9315,3,1,4,1,1,1,2,4,4,5,1,1,2,3,1,5,3,2,2,1,3,3,2,5,3,1,2,4,2,4,4,1,1,1,1,2,2,3,2,1,5,3,3,4,4,3,4,5,2,1,3,5,2,4,2,1,3,1,3,3,3,2,2,1,2,5,4,3,4,5,5,5,5,1,1,2,2,4,2,5,5,3,5,3,3,4,5,5,1,1,4,3,4,2,2,5,3,2,3,5
472,31.366,30.1385,1,1,5,4,2,3,4,5,5,4,3,2,5,2,5,4,1,3,2,4,2,4,2,5,5,5,2,5,5,2,4,2,3,1,3,4,5,2,4,2,3,1,4,2,3,3,4,4,2,1,2,1,5,3,5,4,2,3,4,2,5,3,3,4,4,4,4,2,3,4,2,1,3,3,5,2,5,4,1,3,5,3,2,3,5,2,1,2,2,5,5,1,2,2,5,2,5,2,1,5
473,31.0403,30.1856,3,3,4,1,2,2,1,2,2,5,1,3,1,5,2,1,1,1,1,3,1,2,1,1,3,5,2,3,5,2,4,4,5,5,3,1,2,4,2,3,4,3,5,2,3,5,5,4,3,5,4,3,5,5,5,1,2,1,5,1,4,2,3,4,3,1,2,4,1,2,1,2,3,4,2,2,1,1,2,2,3,1,5,3,1,1,5,3,3,5,4,4,4,2,1,2,2,5,1,5
474,31.5466,30.009,2,2,5,3,3,1,4,3,3,5,1,3,3,1,5,1,2,4,4,1,2,1,4,1,5,5,5,3,1,5,4,5,2,3,2,2,2,4,4,1,1,5,2,5,2,5,3,5,4,3,3,3,2,3,5,1,1,2,4,3,5,1,2,5,1,1,3,1,5,5,3,5,2,4,5,5,2,2,3,1,5,1,5,5,5,5,5,5,4,5,3,1,3,1,1,1,5,4,1,4
475,31.001,30.0367,2,1,5,1,2,1,2,3,1,1,2,5,5,2,3,4,3,2,5,1,5,4,2,5,2,4,1,2,2,4,5,5,1,3,2,5,5,1,4,4,1,5,5,4,5,2,5,3,4,2,5,5,4,4,2,1,2,4,1,1,5,1,2,1,3,2,4,1,1,4,3,1,5,2,3,1,1,2,2,5,1,5,5,4,2,1,5,2,2,5,5,2,1,4,4,4,5,5,3,2
476,31.5949,29.9734,5,3,4,2,4,1,5,5,2,5,5,3,2,2,4,1,5,2,2,1,5,4,5,2,3,5,3,4,1,5,5,2,2,4,1,3,1,4,5,3,1,1,2,3,4,5,3,1,4,2,2,1,3,2,5,3,3,1,1,1,2,2,5,1,4,3,4,4,2,3,5,3,5,2,5,3,2,1,5,4,4,5,4,3,4,4,5,5,2,2,5,3,4,4,2,4,2,5,4,1
477,31.3307,29.9665,3,1,1,2,5,2,1,5,3,5,3,3,4,3,4,1,5,1,4,1,4,2,1,2,4,5,2,4,1,1,3,1,3,1,3,5,4,3,3,3,3,4,1,1,4,4,3,5,3,1,3,2,3,1,3,3,4,3,3,4,4,5,3,1,4,4,3,3,5,2,5,5,5,3,4,3,1,1,2,2,2,2,4,2,1,4,1,5,2,1,2,3,4,3,1,5,1,3,3,2
478,31.1656,30.0608,1,2,2,1,1,1,2,5,4,3,3,2,4,4,5,4,3,3,5,4,4,4,1,2,5,4,1,1,1,4,3,5,3,2,3,4,1,2,2,2,2,1,4,5,4,5,4,5,4,3,5,4,3,2,2,5,5,5,4,2,2,2,5,3,3,3,4,2,3,4,1,5,4,4,1,3,2,2,1,3,2,1,5,2,2,2,1,1,5,1,5,3,4,1,5,2,1,1,2,2
479,31.0347,30.0557,5,2,1,2,4,4,5,2,3,5,2,1,1,4,2,1,5,1,4,5,3,4,5,4,4,1,2,2,4,3,1,5,3,5,1,5,5,1,4,4,5,5,4,2,5,1,1,5,3,3,5,2,5,2,3,2,4,5,3,2,1,2,3,3,5,4,2,2,3,2,3,5,4,1,4,5,4,5,2,2,1,2,4,4,2,1,2,2,1,3,4,4,1,1,5,4,2,5,1,3
480,31.3677,29.9811,3,5,5,1,4,3,2,1,5,4,5,3,3,3,2,3,1,1,5,3,5,3,2,4,2,4,4,1,2,3,1,5,1,4,2,1,1,3,3,1,3,4,2,2,3,5,1,5,2,5,2,1,5,4,4,5,1,5,5,4,1,2,5,2,4,1,2,5,1,2,1,2,2,3,1,3,1,5,1,5,4,3,3,3,1,3,5,5,1,5,3,3,1,5,5,1,3,2,4,5
481,31.3314,30.0093,5,2,3,3,4,5,3,5,4,4,5,3,3,5,2,1,3,3,4,2,4,5,5,5,1,3,4,4,4,1,4,3,5,2,4,2,5,3,4,3,2,5,2,1,3,5,3,2,5,5,5,3,2,3,3,2,4,4,5,4,3,1,1,1,2,1,2,5,5,5,4,1,5,3,5,4,1,5,3,5,4,4,4,4,5,4,2,2,1,4,4,4,2,3,3,2,4,5,5,3
482,31.109,30.0545,4,3,3,2,3,2,3,5,1,3,4,5,5,3,1,3,4,4,1,3,1,5,1,5,2,1,3,3,5,4,1,3,2,1,2,5,1,3,1,4,1,4,1,5,3,2,4,4,3,2,5,4,2,2,1,3,4,5,3,4,5,4,4,5,2,3,4,1,5,4,4,1,2,4,4,5,2,5,2,4,4,4,1,2,3,1,3,4,1,5,1,1,3,5,2,3,2,4,3,4
483,31.2177,30.149,4,4,3,3,2,5,1,5,5,4,3,1,1,2,5,1,5,2,5,5,5,1,1,5,2,5,5,3,1,1,3,5,3,5,5,5,4,3,2,3,4,4,1,1,3,1,5,5,2,5,3,5,2,5,4,4,3,1,5,2,4,4,3,2,1,3,5,3,4,1,4,2,3,2,3,1,2,1,1,2,4,4,4,4,5,2,1,4,3,5,4,2,2,1,1,3,5,4,1,4
484,31.3727,29.9737,5,5,2,4,2,4,5,3,2,3,3,4,1,4,3,1,4,5,1,2,5,2,1,2,1,5,4,2,4,5,4,1,3,2,2,4,2,1,2,2,1,2,2,3,3,5,5,3,2,1,1,3,4,2,3,3,5,4,1,3,2,2,3,5,3,5,4,3,1,1,3,5,3,2,5,1,4,2,2,5,5,3,4,3,4,3,4,4,3,3,1,5,4,3,4,5,4,2,3,1
485,31.378,30.0562,1,2,5,4,3,2,3,1,1,3,1,5,3,4,2,4,5,1,5,4,3,3,5,3,4,4,3,3,5,4,3,1,5,2,2,1,3,5,5,3,4,4,3,2,1,3,1,5,3,3,3,1,3,1,4,3,4,5,5,1,5,2,5,5,5,1,4,2,3,3,5,5,5,5,3,4,2,1,5,5,3,2,5,2,4,2,3,5,5,4,1,2,4,2,5,3,2,4,2,5
486,31.1297,30.1597,3,4,3,1,4,1,2,1,4,3,2,2,2,3,1,2,4,1,3,2,4,4,2,5,4,1,5,1,5,3,5,2,1,3,1,1,4,2,4,3,4,2,4,5,5,3,4,3,2,4,4,2,1,1,3,1,2,3,2,4,4,3,4,2,2,2,3,1,2,3,2,1,5,4,3,5,4,3,3,4,4,5,3,3,2,1,1,5,4,4,2,2,2,5,5,1,1,4,3,4
487,31.0558,30.1426,1,4,3,2,2,2,4,5,2,5,5,2,2,4,3,4,3,5,2,5,1,4,2,1,2,5,4,3,3,3,5,3,2,5,3,5,5,2,2,1,4,2,5,5,1,2,4,3,4,1,2,3,4,4,1,4,3,1,1,5,5,3,2,4,4,2,4,2,5,1,2,4,1,1,3,4,3,2,2,4,5,5,4,3,3,3,2,1,2,4,2,4,2,1,1,4,3,5,3,3
488,31.4645,30.0571,2,5,1,1,2,1,1,4,1,3,5,5,5,5,3,1,3,1,2,1,2,2,2,2,5,5,4,4,1,2,1,3,1,2,2,1,2,2,4,3,2,1,3,4,3,4,1,5,4,2,4,1,3,3,2,1,2,4,5,4,2,2,4,2,4,4,4,1,5,5,3,3,2,2,1,3,2,4,2,1,4,1,1,5,1,4,1,3,5,5,2,4,4,3,5,1,5,2,1,4
489,31.4094,30.031,4,4,4,2,4,1,3,3,3,5,5,5,3,3,1,2,5,4,3,2,1,2,1,4,2,1,4,5,2,5,5,1,2,3,2,1,4,4,3,1,3,4,4,4,2,5,5,1,5,3,2,4,2,4,1,1,1,5,2,2,1,3,2,4,1,3,3,2,5,5,1,4,3,5,3,2,4,3,3,5,5,1,5,3,2,3,3,2,3,4,4,4,5,3,4,2,5,2,3,3
490,31.4596,30.0039,2,4,4,5,2,3,4,3,2,5,1,5,2,4,4,4,3,3,2,1,1,2,3,4,3,2,3,5,3,3,4,5,3,5,2,1,4,3,3,4,5,2,5,5,2,3,2,3,2,4,2,2,5,5,2,1,5,1,4,4,5,5,5,4,4,4,4,2,3,5,2,4,1,3,3,3,1,2,3,3,3,5,4,2,5,4,2,4,5,4,4,5,4,1,3,5,1,5,5,5
491,31.3468,29.9173,3,4,5,4,5,2,3,4,2,2,2,4,1,3,1,4,5,3,2,1,5,2,2,4,4,3,1,5,3,5,2,5,5,2,5,2,4,1,4,4,4,3,5,1,4,2,3,2,5,4,2,5,1,3,5,2,2,5,5,1,4,5,1,1,3,1,5,4,4,1,3,2,2,1,3,1,4,1,2,4,3,1,3,2,4,4,5,4,4,1,3,2,3,1,1,4,4,4,2,2
492,31.5921,29.9313,5,2,4,4,3,3,2,1,3,1,4,5,3,2,2,3,2,5,1,1,1,4,1,1,2,3,5,2,3,1,4,1,4,3,2,2,1,5,2,3,1,5,3,5,2,5,4,5,2,2,2,5,4,1,4,5,2,3,3,3,3,4,4,5,2,3,3,3,4,3,5,3,2,4,3,2,3,2,1,1,3,1,1,1,1,2,3,2,5,1,4,2,1,1,5,3,1,5,3,1
493,31.1058,29.9298,2,3,4,5,1,3,1,5,1,5,2,5,1,3,1,3,4,2,3,4,4,1,5,4,1,1,1,5,3,2,4,4,5,3,3,1,1,3,1,4,1,3,3,5,3,1,3,4,4,4,3,4,2,5,5,3,1,1,1,3,1,5,2,5,4,3,4,1,2,2,1,2,3,2,1,5,5,5,2,1,2,2,5,5,1,4,5,1,3,3,1,2,1,1,5,2,5,2,5,2
494,31.482,30.0063,5,1,5,4,4,2,2,3,2,1,4,3,1,1,5,2,4,5,3,3,1,3,1,4,4,5,4,1,4,5,2,3,3,3,5,1,4,4,1,4,2,1,5,2,4,4,4,2,1,1,3,3,3,1,3,5,4,4,3,1,4,1,2,3,4,2,4,5,1,5,2,2,3,3,5,3,1,5,2,3,5,4,4,1,4,5,2,4,1,2,3,4,2,3,3,3,4,5,4,5
495,31.0724,30.0821,3,5,2,2,5,4,4,5,2,2,3,4,5,3,5,1,4,5,1,3,3,3,2,4,1,4,4,1,4,5,5,1,4,2,4,4,3,5,2,4,1,2,3,5,2,3,2,1,4,1,5,5,4,2,2,5,3,5,2,5,5,1,4,4,4,1,5,2,3,3,2,2,3,3,1,2,4,3,2,3,3,4,3,4,4,1,5,5,4,4,1,3,3,3,4,3,2,4,2,5
496,31.2158,29.9975,4,4,4,1,2,4,2,2,1,2,5,4,4,4,1,2,1,4,2,1,1,1,3,2,4,4,2,2,5,1,5,1,2,5,3,3,2,5,5,4,1,3,5,2,2,4,1,2,4,5,1,1,2,1,5,4,3,4,5,5,1,5,3,4,4,2,1,3,4,4,2,4,2,1,3,5,5,2,2,4,1,2,5,1,2,2,5,4,1,5,3,1,2,2,4,1,5,4,1,3
497,31.409,30.1841,1,4,1,2,2,1,2,2,2,4,4,4,4,5,2,5,1,1,2,5,2,4,5,3,2,1,1,4,2,3,5,1,2,2,3,4,3,3,5,3,5,3,4,1,2,3,3,4,5,1,1,3,5,4,5,4,4,1,4,1,1,4,1,4,3,3,3,4,2,3,2,1,2,3,4,3,5,5,3,4,3,4,4,3,5,1,5,5,1,4,5,5,1,2,2,1,2,1,5,3
498,31.211,30.1125,2,4,2,2,1,5,4,5,5,5,4,1,2,4,4,3,4,5,5,4,4,5,3,1,3,3,5,4,3,1,5,5,4,1,4,1,1,4,2,5,3,5,2,4,5,4,3,4,5,4,2,1,1,1,1,1,3,4,4,2,5,5,4,2,1,2,2,1,5,3,4,5,4,4,1,5,3,4,3,3,4,2,3,4,4,1,2,4,2,1,2,5,1,2,3,5,5,5,1,4
499,31.5538,30.1861,3,4,5,5,4,5,3,2,1,4,5,3,1,5,1,1,2,2,2,4,4,3,5,1,5,2,3,1,4,2,2,2,4,3,3,2,2,3,4,2,2,5,2,5,2,2,5,4,1,3,1,5,1,4,2,5,1,3,4,5,1,4,1,3,5,5,5,1,5,5,4,3,4,5,4,5,5,5,4,5,3,3,2,1,2,2,5,3,2,2,1,4,4,1,1,4,1,1,4,5
500,31.2338,30.0607,3,3,2,1,5,5,4,4,2,3,1,4,4,1,1,4,4,4,2,1,1,2,5,4,5,2,1,3,1,5,5,3,2,5,1,4,3,2,3,4,5,5,4,2,4,3,2,4,5,1,5,5,3,1,2,5,4,2,1,2,5,3,5,2,3,5,4,4,2,4,1,3,1,3,1,5,4,1,5,5,4,1,1,4,2,1,2,4,5,1,3,4,2,3,3,3,3,5,2,5
501,31.4654,30.037,3,4,5,3,1,4,3,2,3,4,4,1,5,5,4,2,5,3,4,4,4,3,3,1,3,4,3,2,4,1,2,3,5,2,4,2,2,5,2,1,2,1,1,5,4,4,5,2,5,4,4,1,5,5,4,1,5,5,4,5,4,3,5,2,3,4,5,2,2,2,1,1,5,2,1,5,4,4,2,1,2,4,4,3,1,3,4,3,2,2,4,3,3,5,4,2,4,1,4,3
502,31.1386,30.1018,2,4,1,1,4,2,3,4,5,3,4,3,1,2,5,1,4,1,4,1,4,5,3,1,4,4,4,2,5,3,3,2,4,3,5,2,2,4,2,2,4,1,1,1,5,4,3,3,1,5,2,5,5,2,2,4,3,4,2,4,4,3,5,2,3,1,2,5,3,2,5,5,2,1,1,1,1,5,5,3,3,4,1,5,4,2,3,1,1,3,1,1,1,3,1,5,5,4,4,2
503,31.384,29.9514,1,2,5,3,5,2,2,3,5,4,4,2,5,3,2,1,1,3,1,2,4,3,5,3,5,4,5,5,2,3,2,4,4,2,4,1,4,2,2,2,2,5,1,5,1,2,3,1,2,2,5,2,1,2,1,2,5,2,4,4,1,3,1,3,2,3,4,5,5,5,2,3,3,5,3,4,5,4,5,1,5,4,3,4,3,3,2,5,4,5,3,3,1,3,4,1,5,5,2,4
504,31.152,30.1787,4,2,1,2,1,4,2,4,3,3,2,5,5,5,1,4,5,2,2,3,3,4,5,2,2,5,2,1,2,5,3,2,3,4,2,3,3,3,1,2,1,2,4,1,5,5,5,2,1,2,5,4,3,4,2,4,1,2,3,3,4,2,2,4,3,4,1,5,1,5,3,1,1,1,1,5,1,1,2,2,5,5,3,3,5,3,2,1,2,1,2,3,2,3,3,3,3,5,4,2
505,31.0395,29.9615,2,3,1,4,4,4,3,4,1,1,3,5,3,5,2,3,1,4,3,2,5,1,4,1,5,1,5,5,5,3,3,1,3,5,2,3,1,4,3,4,4,3,4,4,5,3,4,3,5,1,2,2,2,1,4,2,3,4,2,1,1,2,4,3,3,2,5,3,1,2,1,2,3,1,5,4,4,1,4,4,4,1,1,4,1,1,1,1,2,1,4,2,2,2,2,4,4,1,5,3
506,31.0145,29.9542,5,1,5,4,5,4,3,5,4,4,4,1,5,3,5,3,5,1,4,4,4,3,2,3,3,2,3,2,5,3,1,1,1,2,2,1,1,1,2,4,5,4,4,1,2,1,1,3,2,2,5,1,3,1,3,4,5,5,4,1,4,4,5,4,4,4,1,1,4,1,4,2,1,1,4,3,5,2,4,1,2,2,4,2,5,2,5,5,4,2,3,5,4,3,4,2,4,4,3,1
507,31.3408,30.0125,3,3,1,3,1,2,2,5,5,3,5,5,2,4,3,1,5,1,2,3,5,1,2,1,3,1,3,5,4,3,4,2,5,2,4,1,1,2,4,2,3,5,1,5,4,2,1,5,3,4,2,1,4,1,1,1,2,1,5,2,5,3,5,4,5,5,5,2,4,3,1,1,2,5,1,3,3,1,1,3,4,5,4,3,1,1,2,4,4,1,1,3,4,5,4,4,4,3,1,5
508,31.561,30.0188,1,2,1,3,2,5,5,1,1,5,1,5,2,3,3,5,5,2,5,4,4,2,5,5,3,4,4,3,2,2,4,3,3,5,3,3,2,1,3,3,4,5,3,4,3,3,5,5,2,4,4,3,2,1,2,2,5,2,2,5,4,2,4,3,5,1,5,4,5,4,5,5,3,3,5,1,3,4,5,1,5,5,3,4,5,2,1,3,4,1,3,2,5,4,5,4,3,2,4,2
509,31.0488,30.155,2,1,3,3,1,4,2,2,4,4,5,4,1,2,2,4,1,1,3,3,3,4,4,2,2,3,1,3,4,1,2,3,1,2,5,5,2,4,2,4,5,4,2,4,4,3,3,5,1,5,1,2,1,3,1,1,4,3,2,3,5,3,5,1,4,3,5,5,4,1,3,1,5,3,2,1,5,4,1,5,5,5,3,5,5,5,2,5,2,1,1,4,3,2,3,3,5,5,3,2
510,31.2648,30.1206,2,1,2,3,4,3,5,5,4,5,4,4,3,3,4,3,3,1,5,3,2,1,5,5,3,3,1,1,5,5,5,2,2,1,5,4,3,3,1,3,5,2,5,3,4,2,5,5,1,1,1,4,4,3,4,4,3,3,1,4,4,3,3,1,5,2,4,4,1,3,1,5,3,2,3,4,5,1,2,4,1,1,1,2,5,4,3,5,3,1,4,4,2,4,1,3,5,4,2,1
511,31.0646,29.9111,3,4,1,1,4,1,5,4,3,4,2,5,4,2,1,2,5,2,3,4,4,4,3,1,5,4,4,5,2,4,1,2,2,4,2,5,1,1,1,5,2,3,5,5,5,1,2,4,5,5,3,2,4,4,1,4,5,3,5,2,2,1,3,5,5,4,1,4,5,2,4,3,5,4,1,2,2,3,5,1,3,3,1,4,1,2,2,2,1,1,5,5,3,2,4,4,1,3,1,2
512,31.1821,30.0899,1,3,5,2,5,3,5,4,3,5,5,5,2,3,4,5,5,3,1,5,1,1,4,4,5,3,2,1,2,2,5,5,5,3,5,5,4,4,5,4,2,3,3,2,2,4,1,3,2,3,1,4,2,2,5,5,4,1,4,1,2,1,5,4,5,4,3,2,4,3,1,4,4,4,1,2,4,4,2,5,5,2,3,2,1,1,1,2,5,5,5,2,2,3,1,5,3,5,3,3
513,31.1159,30.1625,1,2,4,3,5,3,4,1,3,3,1,1,3,1,3,3,5,4,1,4,1,5,5,4,5,4,2,4,4,2,3,5,3,4,1,3,4,1,5,1,2,1,2,5,4,3,5,5,5,3,5,5,2,1,4,5,1,5,3,3,2,1,1,1,3,5,4,2,5,2,3,2,1,3,5,2,3,5,5,4,2,2,5,2,5,2,4,1,4,1,1,4,4,4,4,1,4,4,3,3
514,31.0986,30.137,5,1,5,5,1,5,5,2,2,1,1,1,1,4,4,4,1,4,5,3,2,4,2,4,3,1,4,1,4,2,1,4,1,1,3,5,3,5,4,5,2,3,5,3,1,3,3,5,4,3,3,5,4,4,2,3,2,5,4,4,3,4,2,4,5,1,3,3,1,3,1,4,5,4,2,1,1,3,4,4,4,2,2,4,4,3,3,3,2,3,5,4,5,4,2,4,4,2,5,3
515,31.0977,29.9711,2,4,2,3,2,4,2,4,2,5,5,2,1,5,2,1,3,4,2,5,2,2,5,3,1,1,1,1,3,2,1,4,4,1,4,4,5,1,1,2,5,4,5,2,4,5,5,4,4,4,2,3,3,4,2,2,5,3,5,4,5,4,1,4,3,1,3,4,1,3,2,4,2,1,2,3,1,3,1,2,3,5,5,5,2,2,1,3,5,5,5,4,4,5,5,3,4,2,2,3
516,31.3029,30.0369,4,2,1,1,5,5,5,5,1,1,4,3,4,2,4,3,4,5,2,4,1,1,1,1,2,5,5,5,1,5,2,5,3,1,1,1,3,4,2,4,4,4,5,3,2,2,5,3,2,5,4,2,3,5,5,1,3,3,2,5,2,1,1,3,1,1,4,1,3,3,2,2,5,3,5,1,5,1,1,4,1,3,1,1,5,1,2,5,1,1,5,2,5,3,4,5,3,1,3,3
517,31.1486,30.1232,5,1,3,3,5,2,1,5,3,3,3,2,3,3,4,1,3,5,2,5,4,4,1,3,3,1,3,5,1,5,1,5,3,4,3,3,2,5,2,5,3,3,4,2,5,5,3,4,4,3,1,2,1,3,3,4,1,3,5,1,2,1,5,1,5,2,4,5,3,5,4,4,4,4,2,2,4,1,2,3,3,1,4,2,3,1,1,2,5,4,2,4,5,5,1,4,2,5,5,1
518,31.2578,30.1538,3,4,4,2,4,4,5,3,4,5,5,2,3,5,2,1,1,2,3,1,2,4,2,2,1,3,1,3,5,1,5,4,3,3,5,4,2,5,5,2,1,5,1,1,5,5,2,2,4,2,4,1,3,4,2,5,2,3,2,3,1,1,2,1,3,3,1,3,1,1,1,4,5,4,4,4,3,1,3,2,1,4,4,1,4,5,5,5,5,5,1,1,3,4,1,4,5,5,3,3
519,31.1476,30.053,4,3,1,4,2,5,4,5,4,5,5,4,2,4,3,4,3,5,4,5,4,2,3,1,4,2,4,2,2,2,2,4,5,1,5,4,5,2,3,2,3,3,4,2,4,3,2,5,2,2,4,1,4,1,4,4,4,3,5,2,2,4,1,1,1,5,3,3,3,5,3,1,3,5,1,4,3,4,5,4,3,5,1,5,4,1,4,2,2,3,1,3,2,2,5,4,2,1,4,5
520,31.4295,30.1784,5,2,3,4,2,1,4,4,2,1,2,2,4,5,3,2,2,5,2,2,1,1,1,3,1,2,1,2,1,5,2,1,2,3,5,3,4,1,5,4,1,4,4,1,4,2,2,3,4,3,1,3,3,4,5,3,3,4,5,3,3,4,3,1,3,5,2,4,1,2,5,4,3,3,5,2,1,2,3,3,4,2,1,3,4,5,3,2,5,1,5,2,2,4,4,1,5,2,3,3
521,31.2556,29.9035,3,5,4,3,3,4,2,4,4,3,4,2,4,4,4,3,4,4,3,1,3,2,5,5,1,2,4,4,5,4,1,1,4,2,4,5,3,4,5,5,2,5,5,5,3,5,3,1,1,4,2,4,5,4,4,3,3,4,1,5,5,5,2,1,1,4,1,3,1,5,5,2,5,2,4,3,2,1,2,1,1,2,2,1,3,3,3,1,5,5,2,5,1,4,2,1,1,4,4,5
522,31.0124,29.9877,3,2,1,3,4,5,4,5,1,2,4,1,1,1,1,3,5,2,4,4,5,5,5,4,2,5,3,4,3,2,2,4,4,4,1,2,5,2,1,3,2,1,3,3,5,2,5,3,3,3,5,3,5,1,4,4,5,3,2,3,5,2,3,2,4,1,5,2,5,4,3,2,2,2,4,1,5,2,2,3,1,4,4,1,1,2,1,5,2,1,3,3,2,3,2,1,3,2,1,4
523,31.0469,29.9647,4,3,4,2,2,5,4,3,2,1,5,2,4,5,1,2,1,4,3,4,2,4,2,3,4,4,5,2,5,5,3,3,4,4,5,5,5,4,3,1,2,5,4,1,4,3,1,5,4,3,2,2,1,2,1,2,2,4,5,2,3,3,2,5,2,4,5,3,3,3,1,2,1,5,1,2,4,2,5,3,2,2,3,4,5,4,4,3,3,3,2,3,4,1,5,4,1,1,2,4
524,31.1404,30.0177,3,3,4,4,4,1,1,1,5,4,2,5,4,1,5,5,1,5,3,4,4,3,1,5,5,4,5,5,3,5,4,4,5,2,5,5,1,4,3,1,4,2,2,4,1,3,5,1,1,4,4,1,5,2,2,3,5,2,2,5,1,4,3,4,5,1,4,2,2,2,5,1,2,2,5,1,4,1,5,3,5,1,3,2,5,4,4,1,2,4,4,4,5,3,2,2,2,5,4,1
525,31.4173,30.0928,4,5,5,3,2,5,5,2,2,2,3,2,2,3,4,2,3,1,4,5,2,5,4,1,1,4,1,5,3,1,5,3,4,5,2,5,2,2,4,5,2,3,3,3,2,2,3,1,5,4,5,1,5,3,3,3,5,5,1,5,4,5,4,4,2,1,5,5,5,1,5,3,1,1,3,5,1,5,1,3,5,4,5,1,4,5,3,1,3,2,2,5,1,1,4,4,4,5,2,2
526,31.4846,29.9925,2,1,1,2,2,3,5,3,5,5,2,5,1,3,2,4,1,3,4,3,2,4,2,1,2,2,2,1,2,1,1,2,3,3,4,1,1,4,4,3,1,1,4,5,2,4,1,3,4,4,2,5,1,5,1,5,5,3,1,4,4,2,4,4,5,2,1,5,3,1,2,1,1,4,5,1,5,5,5,5,3,3,4,3,3,5,4,4,1,2,4,4,5,5,3,3,5,5,3,4
527,31.0547,29.9015,5,4,3,2,2,2,4,4,5,4,5,1,2,2,5,4,2,5,4,4,5,2,1,1,2,5,1,3,4,4,1,5,4,3,3,5,4,2,2,5,2,3,5,4,1,4,5,3,5,4,3,4,4,3,1,5,1,5,1,5,2,3,1,1,1,4,5,1,3,5,4,5,2,5,5,1,4,2,3,5,3,3,3,4,5,5,1,3,3,3,2,4,1,4,2,1,1,5,2,4
528,31.1141,29.9462,1,5,3,5,2,3,1,3,1,1,4,4,1,2,3,4,3,3,2,4,2,1,4,1,2,2,4,1,1,4,5,2,2,2,4,2,2,3,4,1,1,3,2,4,2,4,3,1,1,5,1,5,4,2,5,3,2,4,3,5,2,1,3,3,3,2,5,5,5,2,3,4,2,4,1,2,2,1,3,5,3,3,5,3,4,2,5,2,2,2,1,3,1,4,4,5,2,1,1,2
529,31.5801,29.9486,3,2,4,2,2,1,4,2,1,4,5,4,5,4,4,4,3,3,3,1,1,1,3,1,1,5,4,2,5,4,4,4,1,2,4,4,1,3,1,1,4,4,1,2,3,5,5,4,2,4,4,4,1,3,5,1,5,5,5,2,3,5,1,2,1,5,2,2,1,5,5,4,4,4,1,5,3,1,5,5,2,3,4,3,3,2,2,3,3,3,2,4,5,4,4,3,1,5,1,1
530,31.58,29.9854,4,4,5,5,2,1,3,5,5,5,2,1,2,3,1,2,2,2,1,1,3,4,2,3,4,1,4,5,3,4,1,5,2,4,1,3,3,1,4,1,1,3,5,4,3,5,5,2,1,3,4,5,1,1,5,5,4,4,4,1,1,5,4,3,2,3,5,5,5,2,3,5,5,3,1,3,4,2,4,1,5,2,5,3,3,3,2,5,1,1,4,5,5,4,1,2,4,4,5,2
531,31.205,29.9269,2,2,2,3,1,3,5,4,3,4,4,4,4,5,4,2,4,5,4,2,1,1,2,5,4,4,3,3,2,3,4,5,1,3,5,5,2,5,1,3,4,5,5,5,5,5,5,2,3,2,5,4,5,4,1,4,2,1,5,2,3,4,2,4,2,2,5,2,5,3,5,1,1,2,5,2,2,4,4,2,1,5,2,4,2,1,3,3,5,5,1,1,2,3,4,4,1,1,4,3
532,31.5112,30.0033,2,3,2,1,3,1,3,3,3,5,5,3,5,5,4,3,1,4,4,2,3,5,1,4,1,2,4,3,5,5,2,4,3,1,3,4,2,4,4,4,5,4,4,5,5,4,3,4,5,2,3,3,5,1,3,5,2,1,1,4,5,3,1,4,1,2,4,5,4,3,4,1,3,5,2,4,1,3,4,3,3,3,4,3,5,1,1,3,3,4,2,4,2,3,3,4,4,3,4,4
533,31.4877,29.9943,2,4,2,2,3,5,1,5,3,5,1,4,3,3,3,4,2,5,3,3,1,5,3,2,2,2,1,2,4,5,1,4,3,5,4,1,4,3,3,1,3,2,3,5,5,4,5,3,1,3,5,4,1,5,4,2,5,4,5,4,2,5,3,4,5,5,4,3,5,3,1,3,5,5,1,2,4,3,5,5,4,3,1,1,5,5,1,4,1,1,2,4,1,1,4,5,4,1,4,4
534,31.5873,30.0002,1,3,5,5,4,4,2,5,5,3,5,1,2,3,5,2,3,1,1,3,3,3,3,4,5,2,3,2,2,5,1,5,5,5,2,2,3,5,5,4,3,4,3,1,1,1,5,4,5,1,1,5,4,1,3,1,5,1,1,4,2,2,2,1,1,1,4,3,3,1,5,4,2,1,2,4,2,5,5,3,3,3,4,1,2,5,3,5,2,2,3,2,4,4,2,3,2,5,2,1
535,31.4966,30.1292,4,2,1,2,1,1,5,5,4,2,3,5,3,4,5,3,2,2,5,5,3,1,4,2,2,4,2,4,3,1,4,2,2,4,3,4,3,3,4,2,2,2,5,4,2,4,3,3,5,5,4,5,1,5,2,3,4,1,4,2,5,3,3,4,1,1,2,5,5,3,2,3,2,5,4,5,2,5,3,5,1,2,3,3,4,5,1,3,5,3,3,5,4,4,1,5,1,4,1,4
536,31.063,29.9074,3,5,4,5,1,2,2,2,1,1,1,1,5,5,4,5,5,1,5,3,1,2,3,2,2,4,4,1,4,3,1,4,5,5,2,2,5,4,4,5,1,3,4,3,4,5,3,5,5,3,2,3,5,1,4,2,2,4,2,3,4,4,3,5,3,5,2,2,4,5,5,5,2,2,5,2,3,4,1,3,2,5,1,4,1,3,4,5,5,2,4,3,1,5,5,3,1,1,5,4
537,31.0513,30.1891,3,5,1,1,3,4,4,3,4,1,4,1,1,3,5,4,3,1,2,2,1,1,1,3,2,3,3,1,5,4,2,4,3,2,2,1,2,1,5,3,1,2,1,1,5,1,4,5,3,3,1,4,5,4,3,3,1,2,2,5,2,5,2,1,5,4,3,4,4,3,2,3,3,1,2,4,3,3,5,2,3,5,2,4,3,4,4,1,4,5,2,4,1,2,1,4,1,2,3,2
538,31.086,29.9405,3,2,2,3,2,1,5,3,3,1,5,4,3,5,5,3,5,1,1,4,3,3,5,2,2,3,5,2,4,2,2,1,5,2,1,1,2,5,5,2,5,3,4,5,3,2,2,1,2,2,5,5,1,3,2,2,2,3,4,1,4,2,5,4,5,2,2,4,1,2,3,4,5,5,1,3,1,1,2,2,5,4,2,5,5,2,3,3,5,5,2,5,2,3,1,2,3,1,4,5
539,31.4674,30.0816,3,1,2,2,1,5,2,2,2,1,1,3,1,4,1,1,2,1,2,5,1,5,5,4,4,1,1,4,1,5,3,2,3,4,1,1,2,4,2,2,2,1,3,4,5,1,1,1,1,5,4,5,5,5,5,1,2,4,2,5,5,3,4,3,5,4,1,4,3,1,4,4,5,3,1,3,2,3,3,4,3,1,1,4,3,1,5,1,4,1,5,2,4,2,5,1,4,4,5,2
540,31.1038,30.0042,3,1,5,4,2,5,4,4,3,5,4,4,4,5,3,4,5,1,4,4,1,5,3,5,3,5,4,5,3,5,4,5,3,2,5,1,2,5,2,2,2,4,1,5,4,3,5,2,3,1,5,5,4,3,1,5,3,5,4,5,5,1,1,3,1,5,4,5,1,4,5,1,4,1,5,2,5,2,2,2,4,2,4,2,3,5,2,1,2,4,4,4,5,5,1,1,5,4,3,4
541,31.0949,30.0967,2,2,3,2,1,1,3,1,4,3,1,5,4,3,3,2,3,1,3,5,5,3,3,1,2,3,5,4,2,4,5,2,5,1,2,5,3,1,4,4,3,3,4,3,1,3,5,3,3,2,3,2,4,5,1,5,2,4,1,2,5,3,2,2,4,1,1,4,1,3,5,3,2,3,1,3,2,2,4,4,2,3,4,2,2,2,5,3,4,3,3,4,4,3,2,1,5,3,5,1
542,31.0522,29.9997,1,4,1,4,3,4,4,4,4,2,3,1,2,4,4,3,3,2,3,3,5,1,4,3,2,5,2,4,2,4,4,5,3,2,1,2,3,3,3,5,2,1,2,5,1,4,2,2,1,5,5,5,4,3,5,3,3,1,1,3,1,3,3,1,5,3,2,2,2,3,2,5,2,3,4,3,2,2,3,2,5,5,3,3,5,1,4,2,5,2,1,3,2,3,3,3,2,4,3,1
543,31.024,30.07,1,4,5,1,2,1,4,5,2,5,1,1,2,5,3,3,2,5,4,1,4,1,5,4,1,3,2,5,2,2,5,4,2,5,2,1,3,2,5,3,5,1,4,4,2,1,3,2,4,5,3,4,1,4,1,4,3,4,1,4,3,5,3,1,5,4,2,3,5,1,2,1,4,2,4,5,5,2,4,4,3,1,5,1,2,5,3,5,4,5,2,2,1,5,4,4,3,2,4,2
544,31.4244,30.1697,2,4,3,2,5,4,1,2,3,2,5,1,1,2,3,4,1,1,4,3,3,1,1,2,5,3,3,1,4,5,1,4,4,1,1,2,3,4,3,5,3,2,1,3,5,3,5,1,2,2,1,3,1,3,5,2,5,2,1,4,4,2,2,3,2,2,1,3,3,5,2,4,1,4,1,3,3,1,3,5,4,2,5,3,1,4,1,2,3,4,2,2,4,1,2,2,5,4,5,4
545,31.2994,30.1367,4,1,4,2,4,3,1,5,1,2,3,3,5,3,3,4,1,5,5,1,2,3,2,2,3,5,3,1,2,1,3,2,3,3,2,5,5,1,1,4,4,4,4,4,4,2,2,2,5,2,3,2,5,1,2,4,3,4,2,1,4,4,4,1,2,3,3,4,5,1,3,1,1,5,3,3,1,4,5,5,5,5,3,5,4,2,5,5,3,3,5,5,1,4,4,1,3,4,2,1
546,31.4602,29.9504,3,5,5,2,2,4,1,3,4,3,3,4,3,5,3,3,3,1,4,4,3,3,4,5,1,5,1,5,5,2,2,3,5,3,5,3,1,1,3,4,4,2,1,4,2,3,5,2,2,5,5,3,2,5,5,3,2,2,5,5,1,2,2,2,4,2,1,3,4,5,1,5,5,3,5,4,3,4,1,5,4,5,1,5,5,4,5,5,3,3,5,1,5,2,5,2,1,2,1,5
547,31.4395,29.9451,4,3,1,2,1,5,2,3,5,2,4,4,3,1,5,1,2,2,2,2,3,3,4,1,1,5,2,5,3,3,2,2,2,1,1,4,4,5,4,1,4,4,5,3,5,1,3,5,2,2,5,3,2,1,2,4,4,1,4,4,2,4,3,4,3,2,1,2,1,5,5,4,1,5,2,2,3,5,5,2,1,3,1,1,2,2,5,1,1,4,1,2,4,5,3,4,5,1,1,2
548,31.1658,30.0272,4,4,1,3,3,5,4,4,4,4,2,1,1,4,5,2,2,3,5,4,3,5,2,1,5,3,1,4,5,5,1,5,1,3,1,3,5,2,3,5,2,2,4,2,5,4,5,4,5,1,2,3,2,2,4,1,4,4,1,4,5,2,2,2,2,2,3,1,1,2,2,3,5,4,1,4,1,2,1,5,4,4,3,1,2,2,1,1,5,4,5,2,5,1,2,4,3,3,2,2
549,31.4732,30.1681,1,1,1,4,5,5,4,3,4,3,4,5,1,4,4,3,4,1,3,4,2,5,4,2,4,1,3,4,1,1,2,1,1,3,2,3,4,2,2,2,3,2,5,4,2,1,4,4,2,2,1,3,1,1,3,5,4,1,2,1,5,1,1,3,3,4,4,3,3,2,5,1,4,4,1,5,5,4,4,3,2,5,4,2,1,5,1,1,5,5,3,3,5,3,3,5,3,2,4,1
550,31.2636,29.9439,3,4,3,1,3,1,3,1,2,3,5,4,3,2,1,4,4,3,3,2,2,3,5,2,1,4,2,5,5,5,1,2,4,3,4,4,2,3,4,4,4,5,1,3,1,1,3,1,4,2,5,3,2,2,4,2,1,1,5,5,1,1,4,5,5,3,3,1,5,3,4,4,4,5,5,2,5,4,4,3,5,1,1,5,5,1,5,2,2,4,1,4,4,1,4,1,5,3,4,1
551,31.5982,30.0415,3,5,4,2,5,1,5,5,4,2,5,5,3,4,5,5,5,4,4,5,4,1,5,3,4,3,3,2,4,5,2,2,4,4,4,1,1,5,5,1,3,4,4,4,1,5,4,4,4,2,2,2,3,3,5,5,3,2,2,1,4,4,2,5,4,2,3,5,4,3,5,2,2,5,4,2,4,2,3,1,4,5,1,5,1,3,4,3,5,1,4,1,3,5,4,1,1,2,4,3
552,31.135,30.1865,5,1,1,4,2,5,2,2,3,5,4,1,5,5,4,2,5,5,2,5,4,5,2,4,2,4,1,3,4,2,3,2,3,1,5,3,1,1,5,5,5,5,3,2,1,1,5,4,1,5,2,5,3,4,5,4,1,5,5,5,4,4,4,3,2,3,2,2,5,4,5,4,1,4,3,5,4,2,4,4,2,2,2,4,4,3,4,4,2,1,2,5,2,4,1,1,4,4,5,2
553,31.3894,30.0995,3,4,4,3,5,4,2,2,5,4,4,1,3,2,5,5,4,2,1,3,2,1,2,3,3,5,5,3,1,3,3,5,5,5,5,3,5,2,1,4,5,4,2,3,1,5,3,1,2,2,5,5,4,4,2,1,1,5,4,1,3,3,1,4,4,1,4,3,3,1,5,5,1,4,2,1,2,1,1,2,1,3,1,2,3,4,3,2,5,5,5,5,3,1,1,1,3,1,5,2
554,31.3158,29.9372,5,1,2,1,5,2,1,1,5,4,2,1,5,3,5,4,5,4,5,4,1,4,4,4,1,5,1,3,4,5,3,5,2,1,4,4,1,1,5,1,2,4,5,4,3,5,2,3,2,5,2,2,1,1,5,5,3,3,5,1,2,3,3,2,3,3,5,1,5,2,1,4,2,1,1,4,4,3,5,2,1,1,3,3,4,4,1,3,5,2,5,3,1,2,2,5,2,1,1,3
555,31.2414,30.1324,4,2,3,3,3,5,1,3,4,4,2,1,1,5,4,2,5,4,2,4,5,1,3,3,1,5,1,2,5,5,1,4,3,3,1,4,5,4,4,2,1,3,2,3,5,3,3,3,2,3,3,2,4,2,5,5,4,1,1,1,3,5,1,5,4,2,2,2,3,2,1,3,1,4,2,5,3,2,1,3,1,5,5,1,4,2,5,1,5,1,2,2,5,1,3,1,5,2,2,2
556,31.244,30.0182,4,3,3,2,3,2,1,1,4,4,5,4,3,2,4,1,2,2,3,3,1,2,4,1,2,5,1,1,3,5,2,5,1,1,5,4,3,2,4,3,3,5,5,3,5,5,4,3,1,2,3,5,2,5,3,1,3,2,1,4,1,2,3,1,4,4,5,5,2,5,4,4,4,4,5,1,5,3,3,3,2,5,3,3,3,3,2,2,3,1,4,4,5,5,4,4,4,5,2,1
557,31.0397,30.046,1,5,3,3,1,2,2,3,4,5,5,1,2,4,4,3,3,3,4,1,2,4,5,4,4,5,5,4,1,2,5,2,4,2,2,4,3,2,2,2,1,1,1,3,4,5,5,4,1,4,2,5,3,1,5,2,5,2,3,3,5,4,4,4,4,2,2,5,2,4,4,5,4,2,4,3,3,3,1,1,1,4,2,4,3,4,4,1,4,1,3,1,5,5,2,5,1,4,4,5
558,31.0167,30.0682,1,2,4,4,3,1,2,4,3,1,5,2,3,2,1,1,4,3,2,4,5,3,4,5,4,4,5,1,1,1,5,1,1,4,4,1,3,4,1,2,3,2,1,4,3,5,4,2,3,1,3,4,5,2,3,2,2,2,4,5,1,2,5,4,1,5,3,3,3,3,3,1,3,4,5,1,2,1,2,1,1,3,4,1,3,1,2,2,2,4,3,4,5,5,4,5,3,1,1,5
559,31.0539,30.1087,3,3,2,3,2,5,4,2,1,2,3,5,1,4,4,1,1,4,2,3,5,3,2,1,2,4,3,5,4,3,4,1,4,3,3,2,1,1,5,5,1,4,2,1,5,3,3,3,1,3,5,1,5,1,4,1,4,1,3,3,2,1,1,1,1,5,1,2,3,3,5,5,3,5,2,2,4,2,5,3,1,2,4,1,1,4,2,2,5,3,2,4,1,4,5,1,2,1,3,2
560,31.4347,30.1231,3,3,1,1,5,1,2,1,2,4,1,3,2,3,5,2,3,1,2,3,3,1,3,2,3,4,1,3,3,3,1,1,3,5,5,1,1,2,4,5,2,5,2,2,3,4,2,4,2,3,1,3,3,2,4,1,4,4,4,4,3,2,4,3,3,1,2,1,2,1,3,4,3,5,3,5,5,2,5,4,5,4,1,2,4,1,1,4,5,1,5,3,2,4,5,2,4,2,3,3
561,31.1519,30.1363,3,3,5,5,1,1,3,4,3,5,4,1,4,1,5,2,4,2,4,1,2,1,3,5,3,5,1,4,2,3,2,3,1,2,3,5,4,2,1,3,5,2,3,2,2,4,4,3,5,4,5,5,2,1,1,5,1,4,5,1,2,3,4,1,2,5,3,2,4,1,2,1,5,1,1,4,5,2,4,4,1,3,1,5,1,1,1,2,2,4,5,3,1,5,4,2,4,2,5,1
562,31.0396,29.9477,1,1,1,3,2,2,5,5,1,4,4,5,1,5,3,2,3,3,2,5,2,3,4,2,1,5,1,3,5,3,1,1,1,5,3,4,4,1,5,5,1,5,5,3,2,5,1,2,3,5,3,3,5,4,2,4,3,1,1,4,2,2,1,5,1,1,2,5,1,4,3,5,2,3,2,1,1,5,5,2,4,2,3,1,2,1,3,3,1,1,1,1,2,2,1,1,1,4,1,2
563,31.3732,29.9804,4,5,3,1,5,3,2,1,1,2,5,5,2,2,5,4,3,2,4,1,2,4,3,3,5,5,1,4,5,5,4,1,2,3,1,5,4,3,3,2,3,5,4,4,3,1,1,4,2,2,2,3,2,2,4,4,4,4,2,2,3,3,3,1,5,1,2,5,1,5,4,1,5,2,5,2,4,4,1,4,2,2,4,5,1,1,4,3,3,5,4,1,5,4,5,2,3,2,5,4
564,31.5529,29.9615,4,4,3,1,1,2,1,2,4,1,5,3,1,2,5,2,4,3,2,4,2,1,5,5,5,5,5,1,2,3,1,1,4,5,1,4,3,4,5,2,5,5,1,4,5,3,5,2,1,3,2,2,1,3,1,5,3,2,5,1,3,3,1,3,3,4,1,4,2,3,5,3,2,1,1,5,5,4,4,3,3,5,4,4,3,3,1,1,5,1,2,5,2,5,2,4,2,1,3,4
565,31.3202,30.1425,2,1,1,1,5,1,2,4,2,5,1,2,3,3,1,3,4,3,5,5,3,1,2,1,2,3,4,3,5,3,5,2,5,3,1,5,4,2,1,4,1,4,3,1,3,3,3,3,5,2,5,4,2,3,4,4,1,5,4,4,5,4,5,2,2,3,3,2,2,4,5,2,4,2,1,5,4,2,2,1,1,2,2,4,4,5,3,1,2,5,2,2,1,4,3,4,5,1,4,5
566,31.1982,30.0952,1,4,5,5,1,3,3,4,5,2,2,1,1,4,2,1,2,4,5,3,5,1,5,3,3,4,3,3,4,4,5,2,3,2,5,2,5,2,3,3,3,4,1,4,4,5,1,2,4,3,1,3,1,3,1,3,4,3,5,4,5,4,5,5,2,5,3,5,3,1,1,3,4,3,4,5,3,4,1,2,2,2,5,5,4,1,4,5,2,1,3,1,3,1,4,3,5,2,2,5
567,31.3672,29.9575,2,5,5,4,5,4,2,3,3,1,3,5,1,5,2,5,2,1,2,2,1,1,2,1,4,4,5,3,5,1,5,5,3,4,2,3,3,2,5,1,1,4,1,2,4,4,3,2,5,5,5,5,1,2,5,3,3,5,3,5,1,3,2,5,1,3,4,2,4,2,4,1,1,2,3,1,2,5,5,4,5,5,3,1,5,3,2,3,5,1,5,5,5,1,2,1,2,2,5,3
568,31.2199,29.9911,4,2,1,5,5,5,5,2,4,1,2,2,2,4,2,4,3,5,2,2,4,5,4,2,4,1,3,2,2,5,3,3,2,2,3,1,3,1,3,2,4,2,3,5,4,5,4,2,2,4,2,3,3,2,5,3,4,2,2,3,2,1,1,1,4,3,1,2,2,4,4,4,2,5,5,1,3,4,1,3,4,4,1,2,2,1,2,2,2,1,5,4,4,1,3,5,4,5,2,5
569,31.1266,30.1449,1,1,5,4,1,3,2,4,5,3,1,3,4,1,1,3,2,1,2,3,5,4,4,5,1,3,1,1,4,3,5,2,5,4,4,4,5,3,1,1,3,4,3,3,1,1,5,3,1,2,1,1,2,1,1,4,5,5,1,4,3,1,4,2,2,4,5,2,4,3,4,2,1,4,5,2,4,1,2,4,2,4,5,1,3,3,1,5,1,3,3,5,1,4,1,4,3,3,3,3
570,31.116,30.0284,5,3,1,5,4,3,2,4,2,5,3,2,2,2,2,2,3,5,1,3,4,5,2,2,5,4,2,3,2,3,5,1,4,2,3,1,3,1,1,5,3,2,2,4,2,1,5,4,2,3,1,4,4,1,4,1,1,3,4,2,1,3,2,5,2,3,3,1,3,4,2,1,5,4,3,2,2,4,2,3,4,5,3,1,1,2,2,5,2,5,4,2,1,5,5,2,3,5,5,2
571,31.2085,29.9918,4,3,3,2,1,4,5,3,3,1,5,3,3,2,3,1,3,5,1,2,4,2,3,4,3,2,3,4,2,2,4,2,3,4,5,3,3,2,4,2,4,2,5,4,1,4,2,4,5,4,5,2,1,4,4,1,5,3,5,2,3,2,1,4,5,3,2,3,3,3,1,5,5,1,3,5,3,4,4,3,5,5,1,1,3,2,5,3,3,4,4,4,4,2,4,4,2,3,1,5
572,31.5474,30.0145,5,4,4,5,3,4,2,4,1,5,3,4,2,2,3,5,4,5,5,3,2,4,2,5,4,3,4,1,5,2,1,3,5,1,4,4,3,3,4,1,2,1,3,2,4,1,2,5,4,1,5,1,3,5,5,4,1,4,4,5,1,4,2,2,1,2,1,2,4,5,5,3,2,4,3,2,5,2,3,2,1,2,4,2,2,1,1,3,5,3,5,5,4,3,4,4,4,1,3,3
573,31.3025,30.1152,4,3,3,2,2,3,5,2,4,3,4,3,5,2,4,5,2,3,2,1,4,2,5,1,4,1,1,2,4,1,5,5,5,2,4,5,5,2,5,1,5,2,4,5,5,3,1,4,3,4,5,5,3,5,1,2,3,1,3,5,4,1,2,3,1,2,3,3,2,3,2,5,1,3,1,2,5,3,5,2,1,1,2,4,4,5,1,4,2,5,2,2,1,5,2,4,2,5,2,2
574,31.2324,30.1363,4,3,3,1,5,5,3,5,2,2,1,2,2,1,4,1,2,2,4,4,3,2,5,3,5,1,2,3,4,3,3,4,5,2,3,2,5,4,5,4,1,1,5,3,1,1,1,2,3,1,2,3,2,5,5,3,1,5,2,3,1,3,1,4,4,5,2,5,4,3,3,4,1,1,3,2,3,1,3,1,2,3,4,5,3,4,4,1,2,2,1,4,1,3,5,4,4,4,4,2
575,31.5118,30.1713,5,4,4,4,5,4,1,4,2,4,3,1,4,4,1,5,2,4,4,2,2,4,4,3,3,2,2,1,4,3,5,5,1,3,3,1,2,1,5,4,5,4,1,5,3,1,2,4,5,1,2,2,3,3,4,3,2,3,4,3,3,5,3,3,2,3,2,4,4,5,5,1,2,4,3,5,2,4,4,2,5,4,2,4,4,3,2,3,1,3,5,5,3,2,4,1,5,4,2,2
576,31.5332,30.1824,4,1,3,2,5,1,5,3,5,4,5,2,5,3,1,1,5,3,2,2,1,1,1,1,3,2,5,2,5,3,3,4,3,5,1,2,5,4,4,3,3,1,4,2,5,4,4,3,1,5,5,1,3,3,3,4,5,4,5,2,5,3,3,3,5,2,5,4,5,5,2,1,3,1,5,1,3,1,5,1,1,1,4,4,2,4,4,2,1,5,3,2,2,5,5,2,5,1,2,5
577,31.5788,30.1758,5,5,3,1,5,2,1,3,5,3,4,2,5,5,1,1,1,2,2,4,2,2,3,5,1,1,4,5,3,5,5,5,3,4,3,4,2,2,5,3,4,4,5,1,2,2,4,2,2,5,3,3,4,3,2,1,4,2,3,2,2,1,5,5,5,1,1,5,1,5,4,1,5,4,2,4,5,2,3,2,2,3,1,2,1,5,1,1,2,2,3,2,1,5,1,1,3,5,5,2
578,31.2407,30.0893,3,2,3,3,3,3,5,5,4,3,3,4,1,4,1,3,5,3,3,5,1,5,5,2,5,3,4,3,5,2,5,5,1,2,4,2,5,4,5,4,1,4,2,1,1,5,2,2,2,5,3,3,2,1,2,1,4,1,5,1,2,2,5,5,4,2,3,1,1,3,2,5,3,3,5,2,5,3,3,1,4,2,2,2,4,4,1,3,2,3,4,3,5,5,3,4,4,2,4,1
579,31.4735,29.984,3,2,3,4,2,4,3,4,4,3,5,1,4,3,4,3,3,5,1,1,3,3,4,3,4,1,5,2,3,1,1,3,3,2,4,2,2,3,1,3,2,1,3,2,5,3,5,4,3,3,3,4,2,2,3,2,2,2,3,2,2,5,1,5,2,3,2,5,2,3,1,4,1,2,2,2,2,4,4,1,4,3,5,1,5,1,5,3,5,5,4,1,5,2,2,3,4,3,2,3
580,31.2284,30.1328,4,4,4,5,1,4,2,2,5,5,3,2,2,2,1,1,3,2,2,5,1,1,2,3,3,4,2,2,3,4,4,3,2,5,5,1,3,3,2,2,3,5,5,3,2,2,4,1,3,2,4,3,3,4,5,1,5,1,1,1,2,3,3,1,2,4,1,4,1,5,1,3,5,4,3,1,4,1,4,4,1,4,2,2,4,3,1,4,1,3,4,1,5,2,2,2,3,1,5,3
581,31.1321,30.0797,4,1,3,1,5,4,4,1,3,3,3,1,2,3,3,1,5,3,2,2,2,4,5,3,5,1,1,2,5,4,4,1,2,3,1,5,5,3,4,4,2,4,4,1,5,5,5,2,1,5,4,1,3,5,1,5,4,5,1,5,2,2,4,1,5,4,5,4,3,5,1,5,5,2,1,4,1,2,2,4,5,5,1,4,4,1,4,5,2,3,4,5,4,5,3,1,3,3,3,5
582,31.4815,30.1553,2,4,3,1,2,2,2,4,4,5,3,2,1,3,2,5,4,1,5,5,1,2,5,4,3,4,3,3,1,5,4,2,1,1,2,1,3,1,4,5,5,3,2,5,1,4,3,4,1,2,5,3,4,5,4,3,5,4,2,5,5,2,3,3,1,2,2,4,1,3,5,3,1,3,2,4,3,4,5,5,2,1,2,4,5,1,5,2,5,5,3,5,4,5,1,1,1,5,1,1
583,31.0681,30.0434,5,1,4,5,5,4,5,1,3,4,1,3,2,2,3,4,5,3,4,2,4,2,5,5,3,1,5,4,5,2,1,3,4,4,1,2,5,3,3,2,5,3,2,4,4,5,3,5,5,2,1,2,5,3,1,2,1,3,2,5,5,1,5,5,2,4,4,3,5,3,2,3,3,2,5,2,2,2,1,1,1,1,1,2,2,1,3,2,3,4,2,5,5,3,4,5,1,5,2,1
584,31.5203,30.0995,1,3,2,2,5,4,3,5,5,4,2,2,4,1,4,4,1,3,2,4,4,3,1,3,1,5,2,2,4,1,4,5,3,3,5,5,2,5,4,2,2,1,1,1,2,5,5,2,4,1,1,4,2,5,3,5,4,5,3,3,2,3,4,4,3,3,3,5,4,3,2,2,1,5,5,5,5,4,2,5,1,5,4,1,4,5,5,3,3,5,3,3,5,1,5,4,3,2,1,3
585,31.3366,30.1726,5,5,3,5,1,1,1,5,5,3,1,2,5,1,4,3,5,3,3,3,4,4,4,2,3,2,3,4,2,4,2,1,2,3,5,2,4,5,2,2,3,4,3,2,3,4,2,5,3,3,4,3,5,5,5,5,4,2,2,4,5,4,2,3,5,2,4,4,3,3,4,1,2,5,2,3,2,5,2,2,4,3,5,5,1,3,5,3,2,2,3,5,5,1,5,5,2,4,5,5
586,31.1475,30.1403,1,4,5,4,3,4,1,3,1,5,5,4,1,3,2,1,5,2,4,2,5,2,5,1,4,5,1,5,1,4,1,2,4,2,3,4,5,1,2,3,4,5,3,1,2,2,5,3,5,1,2,3,1,4,5,5,2,4,5,3,1,5,2,1,3,3,4,3,4,5,1,4,3,4,2,3,1,4,5,3,3,1,4,1,2,3,2,2,4,1,4,1,3,1,5,3,4,4,4,4
587,31.0067,30.0829,3,3,3,4,1,5,2,3,2,3,1,1,2,3,4,5,2,3,4,5,5,4,4,2,4,3,1,2,5,4,4,5,3,3,5,4,4,3,2,1,3,4,5,5,2,4,1,3,3,4,3,4,4,3,4,5,4,1,5,3,3,2,2,2,3,1,1,4,2,4,4,1,4,5,5,1,1,4,1,4,4,3,4,5,1,4,5,4,1,2,4,3,4,1,4,1,4,1,2,4
588,31.4077,30.0338,2,5,2,1,4,5,5,2,1,4,2,3,1,2,4,5,1,5,3,4,1,2,3,1,2,3,5,2,2,5,5,4,4,1,1,4,2,5,2,2,4,5,3,2,4,5,4,5,1,2,4,2,5,4,4,4,5,3,3,4,4,3,4,1,3,3,5,1,1,2,3,2,5,2,5,2,2,5,5,1,2,1,5,4,4,5,2,1,3,4,1,1,2,2,2,1,5,5,1,2
589,31.0419,30.1962,2,5,5,3,3,1,2,2,5,2,2,1,5,4,2,2,3,2,3,4,1,5,1,2,1,1,2,4,3,3,2,1,5,4,2,2,1,5,2,4,5,4,3,2,4,4,3,2,1,4,2,2,2,1,3,1,2,1,3,1,2,4,1,3,5,1,1,5,5,2,3,1,2,4,5,1,4,3,4,3,2,1,5,5,1,2,5,4,5,2,1,2,5,5,5,4,4,3,5,1
590,31.3626,30.1974,1,2,4,3,3,3,4,1,3,1,4,1,2,4,5,4,2,3,3,4,3,1,3,5,3,4,5,4,5,1,3,2,1,4,5,5,2,3,4,3,4,4,1,2,5,3,5,5,2,5,5,4,4,3,2,2,2,3,5,1,3,5,1,3,1,3,3,3,3,1,2,5,5,1,1,3,4,3,5,1,2,1,2,5,3,4,3,4,4,5,3,2,3,2,4,1,5,2,4,5
591,31.5456,30.1439,5,1,1,3,3,3,2,5,3,3,5,3,4,4,4,2,4,5,2,1,5,1,3,4,1,4,2,1,5,2,3,1,2,5,3,5,4,2,1,4,4,2,1,5,2,1,2,5,1,3,3,3,1,4,1,2,5,2,5,1,1,3,1,2,5,4,5,2,5,5,5,4,3,4,2,5,4,5,3,4,4,2,5,3,3,1,2,1,4,3,1,4,3,5,1,2,3,2,2,3
592,31.369,30.0325,3,1,3,4,5,5,4,4,2,3,4,1,4,1,3,4,1,1,4,5,3,1,3,1,3,4,3,4,3,2,5,4,4,2,2,4,3,4,2,3,1,3,2,1,1,2,4,2,2,1,3,3,1,5,5,2,2,4,4,1,1,3,5,3,1,1,2,3,4,3,3,1,4,2,5,4,1,1,3,1,2,3,5,3,3,3,2,5,1,2,3,1,1,1,2,3,1,5,4,1
593,31.4809,30.1019,3,4,4,3,5,5,1,3,4,3,1,3,5,2,3,5,3,5,2,1,1,2,5,4,5,2,1,1,2,3,1,5,4,4,4,3,3,4,5,5,1,3,5,4,2,5,5,5,2,5,1,2,4,1,3,2,4,2,2,5,4,5,5,3,5,5,1,5,4,3,5,5,2,1,4,3,4,1,4,5,5,3,2,4,4,3,2,4,2,4,3,1,2,2,1,4,4,3,1,3
594,31.4703,30.1328,5,3,5,2,5,2,1,2,1,4,1,3,4,4,4,2,3,3,4,3,4,3,3,5,1,4,5,1,5,4,2,5,5,3,2,3,4,2,1,5,3,4,4,3,5,2,3,5,3,4,4,5,4,2,5,3,5,4,4,2,4,3,3,2,5,5,4,2,2,3,5,1,4,4,5,3,4,2,3,5,3,5,2,1,5,4,1,4,3,1,3,2,5,4,1,2,5,1,3,5
595,31.0451,30.0158,3,3,2,1,5,5,1,5,1,3,4,2,5,3,2,1,1,4,4,4,2,3,2,3,3,1,1,4,1,3,2,3,3,5,2,1,1,5,5,4,3,5,5,2,1,4,1,1,1,1,3,5,1,5,3,1,1,3,3,4,3,1,3,5,5,2,2,2,2,4,1,5,2,5,1,2,3,1,5,1,3,2,4,2,5,4,1,4,1,2,3,1,3,4,5,2,5,5,2,3
596,31.2166,29.9134,3,4,3,3,3,2,5,5,3,5,4,1,1,1,1,2,3,4,4,3,4,3,5,2,1,2,5,3,3,1,5,3,4,1,2,5,3,1,2,2,5,5,4,1,1,1,3,1,5,2,5,1,1,3,1,3,1,2,3,5,1,5,4,1,5,3,3,3,4,3,3,5,5,2,1,4,2,5,2,2,5,5,4,1,1,4,2,1,1,1,2,2,3,5,4,4,2,2,1,3
597,31.1845,29.9027,5,4,4,4,5,3,5,2,5,5,1,1,3,2,3,2,2,5,3,5,2,2,5,5,4,1,2,2,2,4,4,1,1,4,3,3,4,4,5,1,1,3,1,1,5,3,1,3,4,1,1,3,2,5,2,2,5,3,4,5,4,5,4,4,1,2,5,4,3,1,2,1,5,4,4,4,3,4,4,4,5,5,5,4,4,3,5,2,3,4,1,5,2,2,3,4,1,3,5,1
598,31.2594,30.0792,2,1,4,4,2,3,1,5,5,3,1,5,5,3,5,4,3,2,5,2,4,2,3,1,2,5,4,5,1,1,5,1,5,5,2,3,1,2,4,1,2,2,4,1,5,2,2,5,1,1,4,5,1,4,4,2,5,1,3,1,4,5,4,4,2,2,4,3,3,5,2,2,5,3,5,3,4,4,4,5,2,4,4,5,4,5,2,2,3,5,5,2,3,5,2,5,3,2,3,5
599,31.2441,30.1413,3,3,1,3,1,4,5,3,3,5,2,4,3,3,3,1,1,1,5,5,5,2,5,1,3,4,1,1,2,4,1,1,3,3,1,5,5,1,5,2,1,5,3,2,1,4,2,4,1,2,2,1,5,3,4,1,4,2,4,4,3,2,4,1,4,5,5,2,5,5,1,3,4,1,5,4,3,5,3,2,2,4,3,4,3,2,4,5,1,2,5,5,4,1,1,2,3,2,1,3
600,31.3928,29.9272,4,1,1,2,1,1,1,3,1,1,2,5,1,3,2,5,1,1,5,5,3,4,1,3,3,1,5,1,5,4,3,5,2,5,4,5,4,5,2,1,1,4,4,5,5,4,1,1,3,4,1,2,5,2,2,2,2,4,1,4,3,2,4,2,2,5,4,4,1,4,5,3,2,4,5,5,3,4,5,5,2,2,1,1,1,5,3,5,2,4,3,2,4,2,5,5,2,1,3,1
601,31.2821,30.0303,4,5,4,1,3,4,1,4,4,1,2,3,1,5,4,3,5,5,2,2,3,5,4,1,5,4,1,5,1,5,4,1,2,3,5,3,3,3,2,4,3,1,5,3,4,2,4,2,3,4,2,5,5,4,1,4,4,4,5,4,4,2,4,1,4,3,5,4,1,1,3,5,2,3,1,1,1,3,1,2,3,2,1,2,3,4,5,4,5,2,4,2,4,4,2,2,4,1,1,2
602,31.5488,29.9107,3,1,1,3,1,2,2,5,1,3,4,5,5,1,3,3,2,3,5,2,1,1,5,4,4,4,5,5,2,5,1,3,5,3,1,3,2,2,4,2,3,4,4,5,5,2,5,4,5,2,5,3,1,1,3,2,4,2,2,5,3,5,3,2,4,5,4,3,5,2,2,1,1,1,5,2,2,4,2,5,1,2,3,5,2,1,5,1,5,2,1,2,4,4,2,4,3,2,2,4
603,31.4433,30.1301,2,1,4,3,2,2,2,2,3,1,5,3,5,2,3,1,1,5,5,2,3,1,2,4,4,4,4,1,5,4,2,4,4,2,1,3,1,4,5,1,2,2,3,2,4,1,3,2,4,3,3,3,3,4,4,4,4,1,4,2,1,1,2,4,1,1,1,5,5,2,3,3,3,4,3,3,3,3,3,2,3,3,5,5,5,3,1,1,4,2,2,3,3,5,1,2,1,1,5,2
604,31.3803,29.9148,2,2,2,4,4,3,5,4,2,1,4,5,2,5,1,3,5,1,4,4,3,5,3,5,4,2,2,1,1,3,4,5,4,2,2,5,4,5,1,2,1,1,2,2,4,4,5,2,2,5,3,5,4,2,4,2,4,2,2,4,2,1,2,2,5,3,1,3,1,3,2,5,1,2,5,1,1,3,2,4,2,1,1,2,1,1,5,1,3,5,2,3,1,1,5,4,5,2,1,1
605,31.0598,30.0057,1,1,1,2,4,4,3,4,3,2,4,4,4,1,4,5,3,5,5,2,3,1,4,1,1,5,2,1,3,3,5,4,2,2,3,1,4,1,3,4,1,4,1,2,5,5,5,5,5,4,1,4,3,5,4,4,5,5,2,5,1,4,3,4,3,5,4,2,1,5,5,3,2,5,1,4,2,2,4,1,4,2,4,1,3,4,1,5,1,5,2,4,2,4,1,4,4,4,1,4
606,31.5186,29.938,1,1,5,5,4,3,1,4,5,4,5,3,4,2,1,4,4,2,3,2,2,1,5,1,2,3,3,2,3,1,3,4,5,1,1,1,3,2,3,2,3,2,3,5,5,5,3,2,5,3,1,5,1,5,4,5,3,3,4,2,5,5,5,5,4,4,2,3,3,3,1,1,5,5,2,4,3,4,1,5,1,3,5,2,2,5,2,1,5,5,3,1,5,2,1,5,2,2,4,1
607,31.1372,30.1257,4,4,2,4,5,1,1,3,2,2,3,1,5,5,2,4,4,3,3,3,4,4,5,2,5,4,3,3,3,3,5,5,1,1,3,3,5,2,2,2,4,4,5,1,5,1,1,1,4,4,1,4,5,1,1,5,1,5,3,4,5,4,1,3,1,3,1,4,4,3,2,5,5,3,1,4,4,3,3,4,1,5,1,2,5,2,2,4,3,5,2,1,4,5,1,2,3,1,5,2
608,31.3277,30.0192,4,5,5,4,5,2,3,4,3,2,3,1,2,3,3,2,1,3,1,1,4,1,2,5,1,5,2,4,4,5,3,3,5,4,4,2,4,4,4,3,1,4,3,1,3,1,5,1,4,4,2,1,3,1,4,2,4,3,2,2,4,5,2,2,3,2,4,5,3,2,2,2,3,4,2,3,3,2,3,1,5,3,4,4,1,4,5,3,1,5,5,2,1,1,1,5,5,3,4,5
609,31.0579,30.1717,2,3,4,2,3,2,1,4,5,2,1,1,4,1,2,1,3,4,5,1,4,3,3,4,3,4,1,3,5,1,4,5,3,2,2,3,3,1,4,5,1,4,3,5,2,3,2,3,5,4,5,4,2,1,1,3,2,4,5,2,5,5,1,2,3,1,1,3,2,2,2,4,3,3,1,1,5,4,2,5,5,1,3,5,3,2,1,4,5,3,1,5,4,2,4,2,3,4,1,1
610,31.1363,30.0906,1,1,4,2,1,2,2,1,1,4,2,3,5,2,5,1,2,3,5,4,2,3,2,3,2,2,5,5,4,2,1,4,5,3,4,1,5,3,5,1,1,2,2,1,4,2,4,1,2,4,3,5,3,5,1,5,1,2,5,1,3,3,1,3,4,5,1,3,3,3,5,3,3,5,2,2,3,5,2,4,5,4,3,5,2,5,3,4,4,5,4,4,1,1,3,1,4,1,3,2
611,31.1684,30.0078,1,3,5,3,1,4,5,2,5,2,1,3,2,3,3,2,5,5,3,3,1,3,1,1,3,3,1,2,4,4,2,1,1,1,4,2,3,4,2,4,1,1,4,1,1,5,3,1,4,1,4,2,5,2,4,3,5,1,5,1,3,1,4,2,2,3,4,5,5,5,4,2,1,2,2,1,1,5,4,1,1,3,2,3,1,1,2,3,3,4,5,3,1,2,1,1,3,2,4,5
612,31.2076,30.1706,2,4,2,5,1,1,5,1,2,3,4,5,4,4,5,3,1,1,3,3,3,2,2,5,2,1,1,5,1,5,3,4,5,5,5,4,5,1,4,1,5,5,1,3,5,2,1,5,1,5,1,2,5,4,3,2,1,4,5,4,4,1,5,4,4,5,2,3,5,2,2,3,3,2,5,2,5,4,4,5,4,4,2,1,1,4,1,3,3,4,1,1,3,4,4,4,5,1,1,1
613,31.1407,29.9439,4,2,2,5,3,3,3,2,3,5,3,5,3,2,5,2,5,5,1,5,3,3,2,1,5,4,3,1,3,3,5,1,4,5,3,5,5,5,3,2,3,3,2,2,4,2,4,1,5,2,5,1,1,4,3,5,5,4,1,1,2,3,2,4,1,2,5,3,3,5,2,1,2,4,3,2,3,3,5,3,5,5,4,4,3,1,4,4,1,2,5,4,2,1,2,4,3,5,5,2
614,31.4625,30.0787,4,4,4,2,5,3,2,5,2,2,2,4,5,4,5,1,1,3,1,2,2,1,3,1,2,5,4,4,4,4,5,1,4,2,2,5,4,4,1,4,2,1,4,4,5,3,3,4,5,1,2,2,1,4,4,5,5,2,4,5,1,2,3,1,2,4,3,5,1,5,1,3,3,5,5,3,2,5,5,1,5,1,4,4,4,5,3,3,5,3,5,3,5,2,2,4,1,4,4,1
615,31.3725,30.1051,1,3,4,4,4,5,4,3,1,5,2,5,2,2,3,1,5,3,5,5,3,1,2,4,5,1,2,1,5,5,5,4,2,5,4,4,4,3,5,4,2,1,2,4,2,1,1,5,4,5,3,4,5,3,2,1,3,4,4,1,1,5,5,2,1,2,5,1,2,1,1,2,5,3,2,3,5,4,4,1,4,1,2,3,3,5,1,4,5,2,2,3,4,3,3,4,1,1,2,3
616,31.4571,30.1662,3,4,2,2,5,5,2,3,1,3,2,4,4,1,1,2,4,2,3,1,5,3,3,3,3,5,4,5,2,1,4,5,4,1,2,1,2,4,3,2,4,1,3,5,3,5,5,3,3,1,4,5,2,1,4,4,5,4,1,4,2,5,2,3,5,4,1,4,3,1,5,1,1,5,1,1,5,5,4,3,1,5,1,5,1,5,5,5,1,5,4,1,3,2,2,2,1,2,5,4
617,31.2579,29.9653,5,3,1,3,3,3,5,1,3,2,1,4,1,1,5,4,3,3,4,5,5,5,3,2,2,2,5,5,5,2,4,2,2,5,5,5,2,4,5,2,4,1,1,3,4,4,3,2,5,3,1,4,5,2,5,3,2,4,2,2,1,5,5,3,2,3,4,1,1,4,3,3,3,4,4,4,2,5,2,4,2,2,2,1,3,5,3,4,3,1,3,5,4,3,1,3,3,5,2,1
618,31.2943,30.1159,3,1,3,4,2,4,4,5,4,4,1,1,2,3,2,4,3,1,3,1,2,5,3,4,3,4,4,2,3,4,4,5,2,1,3,5,4,3,1,1,3,5,4,3,2,1,5,4,4,2,3,2,5,2,4,1,4,1,5,3,4,5,3,5,3,4,5,2,1,2,4,5,4,3,3,4,5,4,3,4,1,3,2,4,1,3,3,1,4,5,2,1,1,1,1,3,4,2,5,5
619,31.0676,30.1253,1,3,4,3,4,2,1,4,3,5,5,4,3,5,2,1,1,2,3,2,5,4,1,1,1,3,4,5,4,3,2,5,1,1,4,2,5,2,3,3,3,3,3,3,5,3,1,3,5,5,3,3,2,2,3,2,1,3,1,2,4,5,5,5,4,4,3,2,3,1,1,2,3,2,2,2,2,1,3,3,3,3,4,5,3,5,2,5,4,5,5,5,2,2,2,1,2,4,5,2
620,31.1643,30.169,2,3,1,4,5,3,3,4,3,4,4,1,1,5,3,5,1,5,2,5,4,5,2,5,3,5,4,5,3,1,2,1,5,2,1,4,1,2,5,5,2,2,5,1,1,2,2,2,5,5,5,2,1,5,2,5,3,5,1,1,3,2,1,4,3,3,5,4,1,2,3,1,2,1,3,1,1,5,2,5,3,3,1,5,5,3,2,1,3,5,2,5,5,1,2,3,4,3,3,1
621,31.4484,30.1514,3,5,1,4,1,2,4,4,5,5,4,2,1,3,5,1,5,4,3,4,2,3,4,5,4,4,1,5,1,4,5,3,4,5,2,1,5,5,1,4,4,2,3,1,2,5,2,3,2,3,4,4,5,4,2,4,3,3,3,3,2,4,2,5,2,2,5,3,1,3,4,2,5,2,1,5,2,1,2,4,2,5,5,3,2,3,3,2,4,4,1,1,4,3,3,1,4,3,4,1
622,31.301,30.0573,5,5,5,4,2,1,5,2,5,1,5,5,2,2,2,4,1,3,2,4,2,1,1,2,2,2,3,3,1,4,5,2,4,3,3,2,1,3,4,1,5,3,1,4,5,2,2,2,5,5,4,1,1,3,3,4,2,1,3,4,5,1,2,4,4,5,2,5,3,4,3,5,3,2,2,2,3,2,4,3,1,5,1,5,4,4,4,2,1,5,2,2,1,3,4,3,1,2,2,5
623,31.0987,30.0307,2,2,1,2,5,4,5,2,3,3,5,5,1,1,3,2,3,3,4,1,3,2,2,4,5,4,5,3,1,2,4,1,4,2,1,1,1,2,5,1,3,2,3,4,4,1,4,2,3,4,2,5,1,4,3,3,3,4,1,1,1,4,5,4,4,5,3,3,5,5,2,4,2,4,2,5,2,2,2,2,4,3,2,4,3,2,3,3,4,4,5,4,5,4,5,1,3,5,5,3
624,31.5406,29.9277,2,3,1,5,3,5,3,5,3,4,3,4,5,4,3,5,2,1,1,4,1,4,5,1,3,1,1,5,2,1,2,5,2,4,2,2,3,4,1,2,3,3,5,4,2,1,5,4,2,2,5,3,4,2,2,5,5,1,3,3,1,4,4,2,4,4,4,3,4,2,5,4,1,3,3,5,2,2,1,5,1,2,1,1,4,4,4,4,5,2,5,4,1,4,1,1,2,3,3,2
625,31.2646,30.1897,4,3,3,2,1,2,5,4,4,2,4,5,1,2,5,2,4,3,2,4,1,4,2,3,2,4,1,1,3,1,2,4,3,4,5,4,5,3,5,4,2,1,5,3,4,2,5,1,3,5,4,2,5,3,2,3,3,5,2,2,3,5,1,2,5,1,2,1,1,4,2,4,3,4,2,2,5,4,2,1,5,1,1,4,3,2,5,4,2,4,3,5,1,5,2,4,4,1,5,2
626,31.0168,30.0449,3,1,1,1,4,2,3,4,5,4,3,1,3,4,2,4,3,1,5,2,5,5,3,4,3,1,5,4,3,5,1,1,3,1,3,5,2,2,3,3,4,5,5,2,4,5,5,3,3,5,2,5,4,5,4,5,2,5,2,5,4,4,1,1,3,3,5,2,3,4,2,5,3,5,4,4,4,3,5,4,2,2,1,4,5,4,1,1,3,3,2,4,1,3,4,4,4,4,2,4
627,31.2781,29.9098,3,5,2,2,5,5,2,3,1,3,3,3,5,2,4,5,1,4,2,2,5,1,5,3,2,5,3,3,2,1,1,4,2,2,2,1,3,3,5,2,1,4,4,3,5,3,5,3,5,5,4,4,3,3,4,1,2,3,4,3,2,4,2,4,4,1,1,2,3,5,5,2,5,3,3,3,3,3,1,5,4,5,5,3,3,2,4,3,1,3,1,5,1,3,4,3,5,2,1,5
628,31.5325,29.979,2,1,2,5,1,5,2,4,4,5,2,3,4,3,2,1,2,3,3,5,3,2,2,3,4,2,2,3,5,5,2,2,1,3,2,5,5,5,2,5,3,2,5,2,3,3,2,5,2,3,1,3,5,2,2,1,1,3,2,2,1,4,4,4,4,4,2,5,5,4,1,2,3,5,2,3,3,2,1,3,5,3,5,4,3,1,3,5,5,5,3,3,3,4,4,3,1,4,5,2
629,31.0951,30.1598,2,5,1,3,5,5,1,4,4,3,2,1,3,4,2,2,2,4,3,3,3,1,2,4,2,1,1,1,5,1,4,5,4,3,3,3,4,1,3,5,5,1,3,3,2,4,3,2,1,3,2,3,4,1,4,4,4,1,1,2,4,1,4,2,2,2,2,1,1,4,1,2,5,4,1,5,1,3,2,5,3,2,3,3,5,5,5,4,5,2,1,4,5,2,2,3,5,2,1,3
630,31.2698,30.0491,2,4,5,1,5,4,4,4,5,3,3,5,3,5,1,4,1,5,2,2,3,2,2,5,4,5,2,1,2,1,5,4,2,5,2,5,3,5,1,4,5,2,4,4,5,1,3,4,2,3,1,5,2,2,5,3,3,4,4,1,1,3,1,3,4,5,4,1,1,2,1,4,2,3,4,2,3,5,2,2,4,4,3,5,4,5,1,2,5,4,5,4,5,3,5,5,1,3,1,1
631,31.4752,30.004,1,4,1,5,2,5,3,4,2,2,5,3,5,1,1,3,3,2,2,4,2,1,5,2,1,2,2,1,4,1,1,3,3,3,5,5,3,4,4,2,2,5,3,2,3,5,5,5,3,4,2,1,3,3,4,1,1,3,4,1,4,3,1,4,4,1,4,5,3,1,3,1,3,1,5,1,2,3,1,4,5,1,4,1,3,3,3,5,3,1,5,1,4,5,2,2,4,2,2,4
632,31.2947,29.9165,2,3,2,4,4,5,2,1,2,2,4,5,2,4,3,4,1,5,1,1,3,1,5,5,4,5,2,5,2,3,3,3,3,1,3,5,2,2,1,4,5,2,1,3,2,4,5,1,1,2,2,5,5,3,3,4,3,5,4,1,4,5,3,4,2,3,2,4,3,1,4,2,5,2,3,5,3,3,3,2,3,1,3,3,4,4,5,3,3,2,2,1,5,1,5,1,1,1,5,1
633,31.2144,30.1461,2,4,3,1,5,2,3,5,4,5,5,4,2,4,3,5,2,3,5,1,2,1,4,5,5,3,5,2,3,2,3,1,3,1,1,1,4,2,4,4,4,1,5,4,1,3,4,3,1,3,4,1,1,3,2,3,3,1,5,3,2,5,2,2,1,2,5,2,1,1,2,3,2,5,3,5,3,5,2,4,1,4,5,1,4,2,3,3,5,5,5,2,3,1,5,5,4,2,4,5
634,31.5089,30.0704,2,2,4,4,4,4,1,3,1,3,4,3,5,2,2,2,2,4,4,5,3,2,5,1,5,5,4,5,1,5,5,3,5,3,1,3,3,2,5,5,1,4,2,4,5,4,5,2,1,1,4,3,5,1,3,2,1,5,4,1,5,4,3,5,5,4,3,1,3,5,1,4,3,2,4,1,5,4,5,2,4,3,3,2,4,5,1,3,4,4,1,2,3,1,3,3,5,2,5,2
635,31.3529,30.0797,5,4,5,4,5,4,3,2,3,1,5,5,1,5,2,3,4,5,2,5,3,1,1,1,2,5,3,5,1,2,3,1,3,2,3,1,4,4,3,5,4,5,4,4,4,2,4,5,3,4,5,4,4,2,3,4,1,2,3,3,4,5,4,3,2,4,1,2,1,4,1,4,4,1,3,1,1,4,1,1,3,2,4,4,4,2,2,5,4,4,2,3,3,1,3,5,4,5,5,2
636,31.2618,30.1072,3,1,2,3,5,2,2,1,4,1,2,2,4,3,1,5,5,3,1,3,5,2,1,1,1,5,5,1,5,5,4,4,1,3,2,1,3,5,5,5,1,5,5,2,4,4,3,5,4,3,4,3,1,3,2,2,2,4,2,2,1,2,3,5,1,4,1,1,4,4,4,3,5,5,5,4,2,2,5,4,5,4,1,2,5,3,4,2,3,5,1,5,1,1,1,1,2,4,5,4
637,31.2946,30.0119,2,2,1,1,1,2,5,2,4,5,1,1,1,4,4,3,2,2,1,1,5,2,1,4,5,2,4,4,2,3,1,3,5,4,2,2,3,5,3,5,1,1,2,5,4,1,2,1,2,4,3,4,3,3,5,3,5,5,1,5,2,2,2,4,2,5,5,1,3,4,1,1,5,1,4,5,4,3,4,5,4,3,1,5,1,1,4,4,1,5,2,4,4,5,1,1,4,3,1,4
638,31.4032,30.1734,1,2,5,5,5,2,4,1,4,3,4,3,1,1,2,1,1,5,5,3,2,2,4,3,2,5,5,1,2,5,5,4,4,3,5,2,1,2,2,3,3,3,5,4,4,3,5,4,3,4,1,2,4,1,3,3,3,1,5,2,1,1,5,3,4,1,4,3,2,5,5,2,5,1,5,3,1,3,1,2,3,3,1,5,2,3,5,4,5,5,3,5,5,5,5,5,4,1,5,2
639,31.0161,30.1707,2,2,4,3,5,2,5,2,5,2,2,2,1,5,5,3,2,5,5,3,1,3,2,2,5,1,4,2,3,5,1,2,2,1,5,4,5,4,4,1,3,1,5,5,4,4,1,3,3,4,5,4,1,2,5,2,3,2,4,1,5,1,5,3,2,2,5,1,2,2,5,4,5,4,5,2,3,2,3,1,4,1,5,2,4,2,3,4,3,2,1,2,2,3,1,4,4,2,1,1
640,31.5737,30.1336,5,1,1,2,5,1,1,1,5,3,2,1,3,5,1,5,4,1,2,5,1,4,4,2,2,2,5,4,2,1,2,3,5,2,2,4,4,1,2,4,1,2,1,4,1,1,3,5,2,5,4,5,5,1,5,5,5,1,1,1,1,3,4,2,2,5,4,4,2,1,4,3,5,4,4,2,4,1,4,3,5,3,2,1,5,4,1,2,5,3,1,1,4,1,2,5,5,4,1,4
641,31.0817,29.913,1,1,2,2,2,2,1,1,2,3,4,3,4,1,1,1,2,2,5,2,4,5,5,5,2,4,1,4,5,1,3,1,5,3,3,3,2,5,4,5,2,3,4,1,4,3,3,4,1,4,5,4,2,4,4,4,3,3,5,1,2,1,5,5,5,5,4,1,1,2,3,5,4,4,5,5,1,2,2,4,4,5,5,4,5,2,2,2,3,4,1,2,2,2,1,2,1,3,5,4
642,31.1204,30.1008,2,5,3,5,1,5,1,1,1,3,4,3,3,1,3,5,4,1,5,3,3,2,4,4,3,4,2,3,4,5,4,4,5,4,1,2,3,1,4,3,5,4,4,5,3,5,1,5,4,4,2,3,1,2,5,1,3,2,4,4,4,2,2,3,3,3,4,2,1,3,4,3,5,4,4,4,2,3,1,2,3,3,4,4,4,5,1,2,1,3,4,1,4,1,1,3,5,2,1,1
643,31.0794,29.9286,4,4,2,4,4,4,4,4,2,1,2,5,2,5,4,4,4,4,1,1,2,4,4,4,4,4,5,3,3,1,5,2,5,4,2,3,1,1,2,3,5,1,5,4,3,3,2,4,4,1,1,3,1,2,5,5,3,2,1,5,5,3,1,2,4,2,5,4,2,1,1,2,2,1,5,3,5,4,4,3,3,2,4,4,5,4,2,3,4,2,4,1,5,2,1,1,4,3,2,3
644,31.5351,30.0667,2,5,2,2,3,5,4,2,2,4,4,1,4,2,3,1,3,3,3,1,3,2,1,4,5,1,5,5,5,2,5,3,3,2,2,3,1,1,2,3,2,4,4,2,3,5,4,2,5,4,4,5,3,1,5,1,4,1,5,5,4,5,5,5,5,5,5,5,1,3,4,5,3,3,1,4,3,4,5,2,5,1,2,2,1,4,5,2,4,4,1,3,4,5,4,1,3,5,2,3
645,31.5089,29.9331,5,4,1,5,2,5,5,3,2,1,5,2,1,1,1,1,4,5,4,1,3,4,4,4,1,2,4,2,2,1,4,5,1,5,3,5,2,4,1,2,2,5,1,4,3,4,5,5,2,4,2,2,4,2,1,4,2,5,2,5,1,1,5,3,5,4,5,4,5,4,2,3,4,1,4,3,1,1,1,1,4,4,4,5,4,2,1,5,4,1,4,1,2,3,3,1,2,3,3,4
646,31.4364,30.0318,4,5,1,4,3,4,2,5,4,4,4,1,3,2,5,1,5,1,5,3,4,3,4,5,3,2,5,5,5,3,2,3,3,3,4,3,1,1,3,3,2,5,3,3,2,5,1,5,3,4,2,2,2,3,5,1,5,3,2,4,5,2,2,4,3,3,4,3,1,2,4,2,2,5,4,3,3,1,2,2,4,1,3,2,1,4,3,3,5,2,4,1,1,2,2,1,1,1,2,1
647,31.5252,30.0814,2,2,1,4,2,5,4,5,1,2,2,4,1,5,5,4,5,4,3,3,2,4,3,1,3,4,3,4,2,1,2,2,2,3,1,3,1,1,5,4,4,5,3,3,2,3,1,3,2,4,5,3,5,1,4,2,2,1,4,2,2,2,3,1,4,2,4,4,3,5,2,5,2,3,3,3,2,2,4,3,4,2,4,3,2,2,2,3,4,3,2,1,4,4,2,4,3,4,2,1
648,31.0222,29.9442,3,4,5,3,1,3,1,5,2,5,1,5,2,1,5,3,4,4,3,1,3,3,3,5,3,4,1,2,2,2,2,3,4,5,1,3,5,5,3,4,5,5,5,2,2,1,4,5,4,4,2,5,1,1,1,2,4,1,5,2,3,2,5,4,4,4,1,3,4,1,5,4,3,5,5,4,4,4,1,1,2,3,5,2,1,4,5,1,4,5,5,5,2,4,5,1,2,3,1,1
649,31.5715,30.1054,2,5,2,2,2,1,3,5,2,5,3,4,2,3,4,1,3,4,1,3,5,4,5,1,3,2,1,3,5,1,3,5,2,2,2,2,5,5,4,3,3,4,1,1,1,2,1,2,1,2,1,3,5,3,4,2,1,4,3,2,3,2,3,5,1,5,4,2,2,4,5,4,1,1,5,2,1,3,4,3,2,3,5,1,4,5,5,3,4,3,3,4,2,2,3,1,4,3,3,1
650,31.1996,30.0936,4,2,5,3,3,2,3,3,1,3,2,5,4,2,4,2,1,3,2,1,2,1,4,5,3,4,1,2,4,5,1,5,1,3,1,3,2,2,3,3,3,2,5,4,3,2,4,4,1,4,4,5,3,5,4,4,3,2,3,4,2,3,5,3,5,4,2,1,1,3,3,5,3,5,4,1,3,4,2,2,3,3,2,4,4,4,1,3,2,2,2,3,1,1,4,1,5,5,2,2
651,31.4869,29.9324,3,3,3,2,2,5,4,5,3,5,3,2,1,2,1,2,2,2,2,3,3,3,5,3,2,1,2,2,3,1,4,4,1,1,3,5,4,2,5,2,1,5,3,4,1,1,5,3,4,4,4,1,4,2,5,2,2,3,4,4,3,2,5,3,2,5,1,4,2,5,5,3,2,4,1,1,1,4,1,5,1,1,1,3,3,3,3,3,4,1,2,2,2,2,4,5,3,3,2,5
652,31.3178,30.0389,1,5,2,1,2,2,1,2,5,3,5,2,5,5,1,5,4,1,1,1,4,2,1,1,2,1,5,3,2,5,5,5,3,3,5,1,5,5,3,5,4,4,5,5,3,5,2,5,4,2,3,1,3,1,3,4,5,3,3,1,4,2,2,3,3,4,2,5,4,3,3,3,1,4,1,5,4,3,4,1,5,1,3,2,3,1,5,5,4,4,5,3,2,5,1,5,2,3,2,2
653,31.2619,29.984,2,4,3,4,4,1,1,5,1,2,5,1,4,4,2,4,2,2,3,2,4,5,3,1,2,5,4,1,4,4,4,5,5,4,4,5,3,4,2,4,5,1,1,4,1,3,1,2,2,1,1,5,4,1,1,5,2,1,4,2,2,3,5,4,5,5,1,1,2,2,3,1,3,3,5,5,1,5,5,3,1,2,1,1,3,5,1,4,3,3,4,5,1,5,2,5,3,5,5,1
654,31.5855,30.125,1,3,5,4,5,5,2,3,1,4,4,2,3,3,4,2,1,1,5,2,1,2,5,1,4,4,2,2,1,4,2,3,3,1,1,2,4,3,2,2,4,4,3,3,4,1,4,2,3,4,1,2,5,1,3,1,5,5,1,5,5,4,4,2,4,5,2,4,2,1,5,1,4,5,2,4,3,2,1,3,1,5,4,1,1,3,1,2,5,4,5,2,1,5,2,4,1,2,5,4
655,31.5647,30.0974,3,4,5,4,4,3,4,4,4,1,2,3,1,3,5,5,5,3,4,4,5,5,1,2,1,3,3,1,4,1,3,3,1,3,3,2,1,3,1,2,2,3,1,2,5,2,3,2,2,1,3,3,5,3,3,2,1,3,2,4,2,3,3,1,1,5,5,1,2,2,4,1,1,5,1,3,5,3,2,4,2,5,2,4,3,2,1,4,3,1,3,3,4,5,3,3,1,4,2,2
656,31.3459,29.9923,2,2,3,3,2,2,1,3,2,2,2,3,3,5,1,3,2,4,3,3,1,2,1,4,3,5,5,3,1,4,2,4,5,1,2,1,4,5,1,2,3,5,2,5,5,4,1,2,2,4,3,1,1,5,3,1,5,4,5,4,2,5,3,5,1,5,5,3,4,5,5,2,5,1,4,1,3,4,2,5,3,1,5,3,4,2,1,3,3,2,3,4,5,3,2,3,1,3,5,5
657,31.1049,30.1656,2,1,1,3,5,1,5,5,5,4,2,4,3,5,1,2,2,1,1,4,4,3,5,1,1,5,2,1,1,4,5,5,5,4,4,5,1,2,5,4,4,2,1,4,2,4,4,5,1,1,4,2,4,4,3,2,5,5,1,1,2,3,4,4,1,2,2,5,1,1,5,3,5,5,3,1,3,4,2,5,2,5,4,1,4,4,5,3,2,2,2,4,2,1,3,5,1,4,1,4
658,31.3977,29.923,3,3,1,3,2,2,3,4,4,5,2,1,4,3,3,2,4,4,4,1,4,1,2,4,3,4,1,1,4,4,3,2,1,1,5,1,1,2,4,2,2,1,2,3,1,4,5,3,1,4,5,1,3,4,5,1,4,2,5,4,1,3,4,4,2,3,3,3,2,1,1,4,5,3,4,1,1,2,5,3,3,2,5,4,2,5,4,5,1,2,5,4,5,1,4,3,1,5,3,1
659,31.0132,30.1265,1,4,5,4,1,4,4,4,1,3,3,4,3,3,4,1,2,4,4,1,5,1,4,1,5,4,2,2,5,2,4,5,3,3,3,2,3,3,4,4,5,3,3,1,4,1,4,4,1,3,2,5,1,1,5,4,1,4,3,4,1,4,4,3,3,1,2,1,2,1,1,2,3,1,3,5,3,2,2,5,3,4,5,2,5,2,2,5,3,3,1,1,5,2,3,1,1,5,1,5
660,31.5746,30.1255,2,5,1,4,4,2,3,2,3,1,5,3,2,1,4,4,2,5,4,1,3,1,5,3,5,4,2,1,5,4,4,3,2,5,3,5,5,2,2,5,2,2,3,1,5,2,5,5,5,5,2,5,3,4,1,2,5,3,2,2,2,5,1,4,1,1,3,4,2,4,2,3,3,4,5,3,5,4,2,2,1,2,4,4,3,1,5,1,2,4,2,5,3,5,2,3,5,1,1,3
661,31.139,29.9222,3,4,4,4,5,4,4,1,4,1,2,2,3,1,1,3,5,1,2,2,3,5,5,3,2,2,4,1,4,4,4,1,5,4,4,2,5,3,3,4,2,1,3,5,5,2,3,3,4,3,5,3,3,5,3,3,4,5,4,1,2,4,5,4,5,3,2,1,2,4,4,2,5,4,2,5,2,5,1,5,1,3,4,2,5,4,4,2,5,3,3,5,3,2,5,2,2,2,3,3
662,31.0804,30.1167,2,1,5,1,5,4,3,4,2,1,4,2,5,2,5,1,2,1,1,3,4,3,2,3,5,5,4,2,5,5,3,4,2,4,4,1,5,5,1,3,5,2,1,4,2,1,2,4,2,5,5,5,3,4,1,1,1,2,1,1,2,2,2,2,5,2,3,1,2,2,5,3,1,2,2,5,3,4,2,1,2,4,1,4,5,5,5,5,4,1,1,5,2,2,5,3,1,1,4,5
663,31.5142,29.9375,5,5,1,3,2,4,4,2,3,2,3,5,2,3,4,4,1,1,1,2,2,2,1,2,3,5,1,1,1,1,1,3,4,4,2,1,3,1,2,1,3,1,4,1,3,4,1,2,3,3,2,5,3,4,5,5,2,4,4,3,3,1,3,4,1,3,5,3,3,3,2,3,1,3,4,5,5,5,2,5,1,2,3,5,3,3,5,3,5,3,3,5,1,1,3,5,1,4,4,3
664,31.3996,30.1291,1,1,5,1,2,5,1,4,2,2,5,3,4,4,5,5,3,1,2,3,5,1,2,1,4,1,2,4,1,1,2,4,5,3,4,5,5,2,5,2,5,3,4,3,1,2,2,5,4,5,5,4,5,1,1,3,2,3,2,5,1,2,5,5,2,1,2,3,1,5,3,3,2,4,1,5,5,3,1,3,1,5,5,4,4,5,2,2,4,4,1,2,2,3,2,1,4,5,2,4
665,31.0658,29.9013,2,4,2,5,1,2,1,1,3,4,5,3,2,5,4,1,2,5,4,5,2,5,4,5,3,1,3,3,1,5,4,5,5,4,1,3,4,1,5,2,5,3,4,5,2,2,2,3,5,4,1,4,1,1,4,4,5,5,3,4,1,2,3,3,3,3,3,1,4,2,4,4,3,1,1,1,1,1,5,2,2,5,3,2,4,4,3,2,3,4,2,3,2,3,3,4,5,5,3,3
666,31.0366,29.9736,4,4,2,3,2,3,2,3,1,3,5,5,4,5,3,3,4,2,5,2,1,3,1,2,4,4,3,4,1,1,2,4,2,4,1,1,4,2,2,5,4,5,3,4,3,2,2,2,5,5,3,5,4,3,1,2,5,2,3,1,2,3,2,3,4,2,5,5,3,5,1,1,4,5,5,2,5,1,2,4,4,3,5,4,3,1,2,1,1,5,2,4,4,4,5,5,4,3,4,2
667,31.385,29.9095,2,5,2,1,4,2,5,3,2,3,5,1,2,3,5,4,4,4,2,3,5,2,2,2,2,1,5,5,3,5,5,3,2,1,4,5,4,4,2,4,4,4,5,4,5,5,3,3,5,5,1,2,2,4,3,2,2,2,5,3,4,5,1,3,2,5,3,1,5,2,3,4,5,5,3,3,5,2,2,3,5,4,5,3,2,5,2,3,2,2,3,1,4,2,4,5,2,3,3,3
668,31.0338,30.0996,5,1,1,3,2,3,5,3,5,1,4,1,4,4,4,4,3,1,4,4,1,2,4,5,4,1,4,3,2,5,4,5,2,1,2,5,3,4,4,5,5,2,1,5,2,3,5,4,5,1,2,4,4,5,3,1,5,2,2,1,4,4,4,3,5,2,3,2,4,1,3,3,1,4,1,2,5,2,1,5,5,3,4,1,3,3,5,5,2,1,3,1,4,3,1,1,2,2,2,5
669,31.01,30.1277,4,3,5,3,2,1,5,3,4,3,3,1,2,2,4,2,4,1,4,5,4,2,4,4,3,5,4,1,3,3,5,1,2,3,3,4,2,2,2,2,5,4,4,3,4,5,3,2,5,1,1,2,5,1,2,5,5,1,2,2,1,3,3,4,5,4,5,1,5,3,1,4,3,5,5,5,1,5,3,5,1,4,2,2,2,3,4,1,4,4,3,3,3,4,4,2,4,5,5,3
670,31.1661,30.0949,2,3,4,1,5,2,5,4,1,3,5,3,5,4,4,2,3,5,5,5,5,5,4,4,2,4,3,5,1,3,4,3,4,2,4,2,1,4,3,3,5,5,2,3,3,5,4,3,4,1,1,3,3,3,3,2,4,3,2,1,2,3,1,2,4,1,3,2,2,3,5,2,5,4,4,4,4,2,4,2,1,1,5,2,2,4,4,5,4,5,3,5,5,2,3,4,3,1,4,2
671,31.3561,29.917,3,2,4,2,4,4,1,4,5,3,5,5,2,3,2,4,3,1,1,4,3,4,4,1,5,2,1,2,4,4,2,5,1,1,4,1,1,5,2,3,2,5,2,4,1,3,4,4,5,1,1,1,2,5,4,4,2,1,1,2,2,4,5,4,2,1,3,2,5,5,3,3,3,2,4,1,2,4,1,3,1,5,3,5,4,1,2,3,3,3,5,4,1,4,3,1,3,2,2,4
672,31.083,29.9759,4,5,4,4,2,1,3,5,1,4,3,2,3,1,5,1,2,1,4,5,4,1,4,3,5,2,2,4,5,2,1,5,4,3,2,2,1,3,1,3,3,4,2,1,4,4,1,5,5,2,4,2,3,5,4,3,5,2,3,2,1,2,1,2,4,4,4,1,3,2,5,1,5,1,1,5,3,3,3,2,3,4,3,2,1,2,1,1,3,4,1,1,3,3,2,3,2,5,4,2
673,31.1593,30.0923,1,1,2,1,5,5,1,3,3,1,3,2,2,3,5,2,1,1,1,5,1,1,2,1,1,2,1,2,5,3,3,2,4,2,3,5,3,4,2,4,5,2,2,3,5,3,3,5,2,3,3,5,1,5,3,2,2,3,4,2,1,4,1,1,4,3,4,1,3,5,4,2,2,5,3,3,3,5,3,5,1,3,1,5,4,2,5,5,3,2,5,5,1,5,1,5,2,5,3,5
674,31.5026,30.103,1,5,5,5,3,1,4,5,2,4,1,5,4,3,5,5,3,2,3,1,3,2,4,2,4,3,1,4,2,5,5,4,1,5,2,3,1,2,4,3,4,3,3,3,5,1,1,4,1,5,4,2,3,4,2,3,4,1,2,3,3,1,1,1,3,1,3,1,2,4,5,5,3,5,5,5,3,2,1,3,1,3,5,1,5,4,4,2,5,2,5,4,3,5,3,2,4,2,4,4
675,31.2916,30.0239,2,4,2,1,5,5,3,4,4,4,4,1,2,5,4,2,1,2,4,5,1,4,2,1,1,3,3,5,3,5,4,2,4,1,2,3,3,5,3,5,5,5,2,2,4,1,3,5,5,5,5,4,3,4,5,3,5,4,2,2,5,2,4,5,5,5,3,5,2,4,5,1,4,5,2,2,3,2,5,1,2,1,1,3,2,1,3,3,2,4,3,1,2,1,5,3,3,4,3,1
676,31.3895,29.9735,1,1,4,4,5,5,1,4,4,2,3,3,1,1,3,3,1,5,4,5,3,4,4,5,3,1,4,4,2,5,4,1,4,2,1,5,1,1,5,4,1,1,3,3,3,3,4,4,4,3,3,5,1,1,4,3,4,4,4,5,2,1,1,3,2,5,4,5,5,5,4,3,2,1,2,1,4,2,1,2,4,2,4,2,1,4,5,1,1,5,1,5,3,3,3,1,4,5,3,4
677,31.4908,29.9356,3,1,4,5,3,1,1,5,1,1,5,3,4,4,2,1,1,1,3,1,3,1,1,1,2,3,2,5,3,3,1,3,1,5,5,3,2,1,4,4,3,5,2,1,5,2,5,2,5,4,4,5,2,5,1,4,4,5,4,3,2,3,2,1,1,2,3,5,1,1,3,3,2,1,3,5,3,1,4,3,1,2,2,3,2,4,2,1,3,3,5,4,1,5,1,4,5,3,3,1
678,31.0156,29.925,3,5,5,4,3,1,2,4,2,1,2,5,1,1,2,4,5,2,3,5,3,3,3,5,4,3,1,5,2,3,1,5,2,5,2,4,3,1,4,4,3,1,3,2,1,5,2,1,2,1,1,1,3,2,2,5,4,4,3,3,2,2,1,2,3,2,5,2,5,4,5,2,5,2,2,4,4,2,4,3,2,3,2,2,1,3,4,5,3,3,5,3,2,3,5,5,3,4,4,2
679,31.1211,30.0151,1,1,3,1,3,5,1,2,4,3,1,3,5,2,3,1,3,1,2,5,2,3,3,4,5,3,4,4,2,5,3,3,3,2,2,2,2,3,4,5,5,2,3,1,1,4,4,3,2,5,4,4,3,4,5,2,4,5,5,4,4,1,4,3,2,4,4,5,3,5,2,4,5,2,5,4,3,1,1,3,3,4,3,2,4,2,4,1,5,4,2,4,2,2,3,4,4,5,4,1
680,31.2328,29.9845,1,5,2,2,5,4,3,5,1,5,2,5,5,3,5,2,5,4,3,3,3,2,5,1,1,1,3,3,5,2,5,2,2,2,5,2,5,4,5,1,3,3,1,5,4,3,5,4,1,2,2,2,1,4,2,2,4,4,5,4,5,3,4,2,5,1,1,2,3,4,4,5,1,2,5,3,1,2,4,2,4,4,5,3,1,3,2,5,5,2,3,3,3,3,4,3,3,1,5,3
681,31.4974,29.977,2,1,2,3,3,4,4,2,3,2,4,3,4,3,1,4,1,3,5,1,3,5,4,2,1,5,1,1,1,4,4,2,1,4,2,5,2,4,3,4,1,1,4,5,2,4,4,5,4,3,1,2,3,5,2,3,4,2,4,1,4,3,4,2,5,3,3,1,4,2,5,5,2,2,3,3,1,5,2,1,3,3,3,2,3,3,3,2,5,3,1,1,2,5,1,4,4,2,4,1
682,31.2211,29.95,4,2,1,3,1,4,2,5,3,3,2,4,5,3,5,4,4,4,2,4,4,3,1,2,2,3,3,3,2,1,3,4,4,3,1,3,2,2,1,3,4,2,2,2,5,1,4,2,5,5,5,3,5,2,2,5,5,5,1,2,5,1,2,3,3,1,2,4,3,3,2,1,1,1,4,4,5,2,1,1,5,2,3,4,2,3,2,1,5,2,5,2,1,2,2,5,1,5,5,5
683,31.3213,29.9472,4,3,1,1,1,1,3,2,2,1,1,3,5,3,1,4,2,2,4,3,4,5,2,4,4,5,5,1,1,3,4,1,1,4,1,1,1,1,4,3,3,2,1,3,1,5,3,2,4,3,3,3,2,4,4,3,1,5,2,2,5,4,1,2,3,3,1,5,5,5,4,1,3,3,4,1,1,2,5,5,2,2,4,2,4,1,5,5,4,4,2,1,5,3,5,3,3,2,4,5
684,31.2688,30.0197,1,2,5,1,2,5,2,2,2,3,5,4,2,1,4,3,2,4,2,4,2,1,1,5,5,3,1,4,2,5,4,5,1,3,1,3,3,3,2,1,1,4,5,2,3,3,3,4,5,1,5,1,1,4,4,4,2,1,4,4,1,1,1,1,3,1,3,4,4,3,3,4,2,2,4,3,1,4,1,4,5,5,5,2,4,1,4,1,4,3,2,4,4,4,5,1,2,3,4,5
685,31.0704,30.0507,1,4,2,1,4,1,1,2,5,4,2,4,1,5,4,5,4,5,2,3,5,4,2,5,5,1,3,2,5,2,1,2,3,4,5,3,5,5,1,5,2,1,2,5,1,2,3,5,4,4,2,5,2,1,3,4,1,5,2,3,4,1,5,2,2,2,1,3,1,3,2,2,2,2,3,3,2,4,3,5,5,5,4,2,5,4,2,1,3,5,5,2,1,4,1,4,2,4,4,1
686,31.4427,29.9463,3,5,2,3,3,1,4,3,4,1,3,2,1,5,5,4,1,4,1,5,1,3,5,3,2,2,1,5,2,1,2,3,5,3,2,1,1,1,2,5,1,5,3,1,1,2,3,1,4,4,4,3,4,1,1,1,4,1,3,4,3,1,5,1,2,5,3,4,1,1,5,4,5,2,5,3,2,4,3,3,3,5,2,4,4,4,1,4,2,2,2,4,1,3,4,2,5,5,3,2
687,31.402,29.9931,2,1,2,5,5,2,2,2,5,2,1,2,3,2,1,1,2,1,1,2,3,5,4,5,5,1,1,3,1,2,1,3,1,1,3,1,1,3,5,5,5,4,3,1,2,5,1,5,3,2,3,2,5,1,4,1,5,4,3,5,1,4,4,4,1,2,4,4,3,2,1,4,5,2,2,2,5,4,4,5,1,5,1,3,1,5,4,1,4,2,5,4,5,5,2,3,2,4,2,5
688,31.2231,30.0818,2,1,2,3,4,2,1,1,1,3,2,4,4,5,3,4,1,1,3,4,1,4,2,1,3,4,4,4,1,1,5,4,4,1,2,2,3,5,5,4,5,4,4,5,2,3,3,5,2,5,3,4,4,5,1,2,3,3,5,3,2,2,1,2,3,4,2,3,2,1,4,2,2,3,4,4,2,5,4,5,4,4,4,3,3,5,1,3,5,3,5,1,1,5,2,2,3,1,4,1
689,31.4908,29.9615,4,1,3,4,5,4,2,1,1,4,1,1,4,5,1,3,5,1,4,4,2,3,4,3,5,4,5,5,1,4,5,3,5,5,1,5,3,4,2,1,2,2,3,5,1,3,3,1,1,2,5,1,2,2,1,5,3,3,4,2,1,1,1,2,5,3,1,2,2,4,2,4,4,3,4,5,5,2,2,4,3,5,2,2,4,4,3,3,2,1,5,3,3,3,1,1,3,4,3,4
690,31.0114,29.9764,1,2,5,5,2,4,1,1,2,4,2,5,5,5,3,5,1,4,4,2,4,5,1,4,5,5,4,5,4,1,4,1,2,3,2,4,3,2,1,3,2,5,2,5,1,3,3,3,5,3,4,1,1,5,1,4,4,1,2,4,2,2,3,3,2,5,3,1,5,4,3,5,1,5,2,1,3,4,2,2,5,5,2,4,1,2,4,2,5,2,4,3,1,4,4,1,4,2,3,2
691,31.5208,30.1495,2,1,4,1,1,2,1,5,3,4,2,3,3,3,5,1,2,3,5,3,4,3,5,5,2,2,3,1,5,2,4,1,2,5,1,4,4,5,1,5,4,4,4,3,4,5,5,4,2,1,1,2,1,3,2,5,5,5,2,4,3,2,1,5,3,5,3,1,5,5,3,5,2,3,2,3,4,2,4,2,3,5,3,3,5,4,1,4,3,3,5,1,1,1,2,4,2,1,1,5
692,31.2603,30.162,1,3,4,1,3,5,1,3,5,3,4,5,1,1,4,1,2,3,4,5,1,4,5,1,3,4,5,2,3,1,1,3,3,3,5,1,3,1,1,4,3,1,4,4,3,4,2,4,1,4,4,1,5,3,4,1,3,3,5,2,4,1,5,1,3,2,2,5,4,1,4,3,3,1,3,5,5,3,3,3,1,3,5,5,2,5,2,4,1,4,1,2,3,4,4,3,2,2,4,4
693,31.5427,30.0831,3,3,1,4,2,4,2,3,2,5,2,3,1,2,1,2,3,1,3,5,1,4,3,3,2,1,2,3,3,3,2,2,4,4,3,1,5,1,1,3,4,3,5,2,3,4,5,5,1,2,3,2,4,4,2,5,4,2,2,1,1,3,4,1,4,3,1,5,4,1,1,5,4,2,3,4,4,3,3,5,2,2,1,2,2,2,5,4,2,3,1,2,3,2,3,4,3,4,3,4
694,31.1137,29.9954,3,4,5,4,1,4,3,1,2,4,4,3,3,5,2,3,1,2,1,5,4,4,3,1,5,3,2,5,1,1,5,2,2,1,3,3,2,3,3,2,3,2,5,1,2,5,1,2,5,3,5,4,4,1,4,2,5,3,1,1,4,2,5,3,1,5,2,3,1,1,1,4,2,3,1,5,4,5,4,2,5,5,5,3,4,5,1,1,2,4,5,4,4,5,2,3,4,5,5,5
695,31.362,30.0268,1,5,5,5,1,4,1,2,3,3,1,1,5,2,3,4,5,5,2,2,2,2,4,4,5,4,3,2,3,4,1,2,2,1,4,3,2,1,2,1,1,4,4,3,4,4,1,1,2,1,1,1,2,2,1,1,3,5,2,1,5,2,5,4,2,3,5,4,4,1,4,2,4,2,2,3,2,1,2,3,2,4,3,1,5,5,3,1,1,1,2,3,2,4,1,1,1,2,3,1
696,31.5505,30.0513,5,3,3,4,1,3,1,3,2,1,1,3,1,4,2,2,1,4,5,3,1,2,4,4,5,4,1,3,2,3,2,1,3,3,5,1,1,4,2,2,5,5,2,3,2,3,4,4,3,5,1,1,1,1,5,5,3,3,4,3,3,2,3,4,3,2,1,3,5,1,5,4,2,3,3,1,3,5,4,4,4,5,4,5,3,4,1,1,4,2,3,2,3,5,1,5,5,3,2,2
697,31.1464,30.0742,1,1,2,3,5,1,2,2,2,4,2,3,3,3,3,1,5,5,4,2,4,3,2,3,2,5,2,4,2,2,5,3,1,1,1,4,1,1,5,5,1,4,2,5,2,4,3,2,1,3,2,5,2,2,3,4,3,1,4,4,1,4,4,5,3,2,5,2,4,2,2,1,4,5,2,1,2,5,4,3,1,5,4,2,5,5,5,5,2,2,3,3,5,2,1,2,5,3,5,2
698,31.2909,29.9682,4,3,3,4,5,1,3,3,4,4,2,1,3,5,2,3,1,2,5,5,3,4,5,3,5,4,4,3,3,5,3,3,4,5,1,3,2,1,3,1,3,3,4,2,5,3,1,1,4,4,1,1,4,4,1,3,5,1,5,1,4,3,3,5,1,5,2,5,5,5,4,1,3,2,3,3,3,3,4,5,2,2,3,4,1,5,1,3,1,5,5,1,4,3,3,4,2,2,4,4
699,31.1417,30.1995,1,5,1,4,1,3,1,2,3,4,4,3,5,4,4,3,2,4,4,3,4,3,1,1,1,2,4,3,5,4,1,4,5,4,5,2,4,4,2,2,2,3,1,3,2,3,5,4,1,5,3,5,1,4,4,3,1,3,2,1,2,5,4,1,2,5,3,5,4,4,3,4,4,5,1,4,3,5,1,2,4,2,4,2,2,1,3,4,4,1,5,2,4,4,2,4,3,1,3,3
700,31.3507,29.9537,4,1,2,2,1,2,2,3,4,4,3,3,5,3,4,1,4,1,4,1,2,3,2,4,2,2,2,2,4,1,4,3,4,2,1,4,4,2,3,5,1,2,1,4,5,4,1,1,5,4,3,1,2,5,5,4,2,1,1,5,4,2,5,3,5,3,4,2,2,1,3,1,3,4,2,1,2,1,3,3,5,1,5,4,5,2,2,2,3,5,1,5,2,5,3,4,4,5,5,1
701,31.3295,30.141,1,3,5,2,2,3,1,5,3,5,1,1,4,5,3,3,1,5,4,5,2,4,2,3,2,2,3,2,4,1,5,2,3,5,3,1,5,4,4,3,1,2,2,2,1,3,3,3,5,1,4,4,5,2,1,3,3,4,1,3,1,2,3,5,2,3,5,2,5,1,3,1,4,5,5,4,3,2,1,2,3,2,3,4,1,2,1,3,1,3,5,3,5,4,4,5,4,4,5,1
702,31.4976,29.9734,4,1,2,4,4,4,2,5,5,1,4,5,1,4,3,3,2,1,4,4,5,4,4,2,1,4,2,5,2,4,1,2,2,1,4,2,3,3,1,2,1,3,3,1,2,3,4,3,2,2,3,3,3,4,1,3,5,1,5,1,1,1,1,4,2,3,2,1,2,1,2,4,2,5,3,1,2,2,2,3,2,5,5,1,3,3,4,4,2,3,1,1,5,5,1,2,5,4,5,3
703,31.4718,30.1534,5,3,3,3,2,5,2,5,5,5,3,1,2,5,2,2,3,4,4,1,3,4,3,3,1,2,1,4,1,2,5,1,3,5,5,2,3,3,3,1,5,1,4,5,3,5,4,2,4,1,2,3,4,2,5,3,1,5,2,1,4,5,1,2,4,4,5,3,5,2,4,1,3,2,3,5,5,1,3,4,3,2,4,1,2,1,2,3,3,2,4,4,1,3,2,4,2,4,4,1
704,31.4792,29.9965,1,4,2,4,2,4,1,5,3,3,3,5,1,5,2,5,2,3,4,4,2,3,1,3,2,2,1,1,2,4,4,2,3,3,5,2,5,2,5,2,2,5,5,4,5,5,3,1,3,4,3,1,2,5,5,5,3,2,5,4,2,3,5,2,2,3,4,5,2,3,2,4,4,1,3,2,5,5,3,1,3,5,2,4,1,1,2,1,5,5,3,1,5,1,1,2,3,5,1,1
705,31.3158,30.0473,1,2,5,2,4,5,4,2,1,1,4,4,2,4,1,3,3,1,3,2,4,1,1,5,2,4,5,3,3,4,2,5,3,5,2,3,3,5,5,1,3,3,1,4,1,4,1,5,2,5,3,5,2,1,5,1,3,5,2,3,1,3,2,5,1,3,4,1,3,5,1,2,1,4,2,5,3,3,4,3,1,4,4,2,1,5,3,5,3,2,2,5,2,2,4,2,4,5,3,5
706,31.1449,30.0656,1,2,5,1,3,4,2,4,4,4,3,1,5,2,3,5,4,5,2,3,1,4,5,2,1,1,4,2,2,2,2,3,1,4,4,3,5,4,3,2,4,4,5,5,3,4,1,5,1,4,4,1,1,3,3,2,1,5,4,2,2,5,5,2,1,1,3,1,1,3,3,4,1,4,1,4,3,3,5,5,5,1,5,3,4,1,4,2,3,1,1,5,4,2,2,2,4,3,5,4
707,31.4261,29.92,1,5,4,1,3,3,1,1,4,1,3,4,4,1,2,1,3,1,3,5,3,3,3,3,1,4,1,1,2,1,2,4,1,2,5,5,4,3,4,5,5,5,1,5,2,1,2,1,4,5,1,1,3,4,1,1,2,3,5,2,3,1,1,2,4,1,1,2,1,5,1,1,4,3,3,4,1,3,4,3,2,3,2,3,3,4,1,2,1,3,2,1,1,1,2,2,2,5,2,1
708,31.0218,29.9177,4,3,5,4,3,2,2,1,5,4,5,5,5,5,1,2,4,2,5,5,5,3,3,2,5,5,2,1,3,2,1,5,3,3,4,5,5,2,5,2,4,3,4,5,5,3,5,5,5,5,2,2,2,3,3,4,4,1,4,5,2,3,5,4,2,2,2,4,4,4,1,3,2,4,5,5,5,5,5,1,3,5,2,3,3,3,4,2,5,5,2,1,4,3,2,1,4,2,1,2
709,31.3742,30.077,5,2,3,3,1,4,3,4,5,4,1,2,4,1,4,5,4,1,2,4,2,5,2,3,1,2,3,3,1,3,4,5,4,5,5,4,1,1,3,5,3,1,3,1,1,4,1,4,2,1,1,4,3,5,4,3,1,2,4,4,4,4,2,1,4,4,5,1,3,1,5,5,1,5,1,5,1,1,4,4,5,3,4,4,5,4,5,4,3,1,5,4,5,3,3,1,4,2,5,5
710,31.3459,30.1719,3,2,3,3,4,1,5,5,1,4,2,5,1,2,5,4,5,5,4,2,3,3,5,4,5,1,5,1,3,3,5,4,1,1,4,4,4,5,2,2,2,4,3,1,3,2,4,2,5,2,3,2,5,4,2,5,2,3,3,2,2,2,4,1,1,2,4,2,5,2,1,3,5,2,4,3,1,5,1,1,2,4,3,4,3,2,3,4,4,4,2,4,3,2,5,5,4,1,5,2
711,31.3736,30.1842,1,2,5,1,4,2,3,2,5,5,3,4,5,4,3,3,4,4,1,5,3,3,2,2,2,2,1,5,1,3,1,5,3,2,5,3,3,5,3,1,2,3,2,4,4,3,3,3,1,5,2,2,2,3,1,4,1,1,2,2,1,3,3,3,3,3,1,1,1,3,5,2,4,4,1,2,5,4,5,5,1,1,1,2,1,5,4,2,4,5,5,1,1,4,4,5,1,5,3,3
712,31.2918,30.0357,2,3,5,2,5,1,4,1,1,1,2,4,3,3,2,2,1,1,4,5,2,1,5,2,4,3,5,5,1,3,1,4,5,2,3,3,3,5,3,4,4,2,1,3,3,2,4,2,3,2,1,3,3,4,3,3,1,5,5,5,5,2,1,4,1,3,2,4,3,4,3,1,2,2,3,4,4,2,5,5,4,5,1,3,2,4,3,1,4,1,4,3,3,2,4,4,3,2,1,5
713,31.186,29.9968,2,4,1,1,1,5,1,4,2,1,1,4,4,3,2,4,5,1,3,4,4,4,4,4,4,4,5,4,2,1,1,3,5,4,1,1,2,2,4,4,1,4,1,3,2,3,5,1,2,1,4,4,5,1,5,5,2,4,4,1,1,2,2,4,4,5,3,2,4,2,4,4,1,2,5,4,3,1,4,4,3,4,2,4,5,3,2,5,4,4,4,1,5,2,2,3,3,5,5,1
714,31.2041,30.1218,3,4,4,5,2,5,5,3,2,1,4,4,2,2,3,3,4,3,5,4,3,5,2,4,3,3,2,1,3,4,2,1,1,1,4,3,3,3,1,3,3,3,1,3,4,3,4,3,5,3,3,5,1,4,1,1,3,5,1,5,2,1,3,3,5,4,2,1,4,2,4,2,4,5,5,1,1,3,4,2,2,1,1,2,2,1,2,1,1,1,3,1,1,5,3,3,5,2,1,1
715,31.2503,30.1789,4,5,1,3,5,1,5,3,2,2,2,4,3,3,3,2,5,3,1,1,4,1,1,3,2,4,2,2,3,3,2,1,2,2,5,2,2,1,3,3,1,5,2,4,4,5,4,4,3,5,4,5,4,1,1,5,3,2,5,5,2,1,3,3,3,2,4,5,4,2,5,5,4,2,4,5,2,2,3,2,4,2,4,2,2,4,3,1,3,3,1,1,2,1,3,3,1,5,2,1
716,31.5501,30.0222,2,1,2,3,2,5,5,1,1,1,4,3,4,2,5,5,4,3,3,2,4,1,2,5,4,1,4,2,1,4,4,1,5,2,5,5,4,5,3,3,1,3,5,5,3,1,4,1,5,5,2,4,3,4,3,1,4,4,4,3,3,3,2,2,1,2,2,3,1,4,4,4,4,1,1,4,3,3,4,4,2,4,4,5,2,4,2,3,2,1,1,2,2,4,3,2,2,5,4,3
717,31.115,29.9671,5,2,2,1,3,5,3,5,5,1,1,4,5,1,4,3,5,5,4,2,3,3,1,3,2,3,1,3,5,4,5,2,2,1,1,1,3,2,4,2,2,2,3,4,5,4,3,2,2,5,1,4,4,1,2,4,4,2,1,5,5,5,4,1,2,5,2,2,3,4,2,5,3,2,3,1,1,5,5,3,1,4,2,3,5,5,1,3,3,5,5,1,5,3,2,4,2,2,4,1
718,31.4216,30.0628,1,2,5,2,5,2,2,3,3,2,1,5,1,1,4,3,5,5,1,3,3,5,1,3,2,2,4,2,4,5,5,4,5,5,3,4,4,2,4,4,5,1,1,1,4,1,4,2,2,4,3,2,4,1,3,5,2,3,3,1,2,2,2,5,2,2,4,2,3,2,4,1,3,4,2,4,5,4,5,3,3,4,2,2,5,1,5,5,2,4,5,1,3,3,2,1,2,3,4,4
719,31.4581,30.0078,5,1,5,3,5,1,5,5,2,5,1,3,3,1,1,3,3,1,4,3,2,1,4,2,5,2,1,5,4,1,4,4,4,3,1,3,4,1,1,5,5,5,1,4,4,4,4,5,5,3,3,4,5,4,4,3,3,1,3,5,2,5,3,1,3,1,5,3,2,1,2,5,1,5,5,1,4,5,3,5,3,5,1,5,5,3,5,1,2,2,1,4,5,2,5,2,3,2,3,2
720,31.5591,29.998,2,4,1,2,5,4,3,3,2,2,3,1,1,1,1,4,2,1,2,5,3,4,5,4,3,2,4,5,1,1,2,3,5,1,5,2,5,4,2,3,1,5,5,4,2,2,4,3,4,2,3,2,2,4,1,2,2,3,5,2,3,2,4,2,3,1,3,4,2,5,2,2,3,5,4,1,3,3,4,3,1,2,3,4,2,5,2,4,3,1,3,2,4,4,1,4,2,1,4,5
721,31.5765,29.9542,5,2,2,5,2,3,2,1,5,5,1,2,1,3,3,2,1,4,2,3,2,3,3,1,5,4,3,5,2,3,4,5,3,1,3,3,4,4,1,1,5,1,5,4,2,2,5,4,1,2,5,1,5,2,4,4,4,1,4,2,3,5,5,3,5,5,3,1,4,5,3,5,4,4,2,3,4,4,2,3,3,4,1,5,4,2,2,4,4,5,2,5,4,4,3,1,1,4,5,2
722,31.5192,29.9689,2,1,5,4,2,4,3,5,2,2,4,2,5,5,3,2,4,1,4,5,1,1,1,2,3,5,3,4,1,1,4,1,3,3,5,2,2,4,1,5,4,1,2,2,3,1,1,1,5,2,1,5,3,3,4,1,2,3,1,1,4,1,2,1,5,4,4,1,3,5,1,1,2,3,4,1,4,2,5,5,3,4,4,2,3,5,2,5,5,5,4,4,1,5,3,2,3,3,5,1
723,31.2495,30.0532,1,3,1,4,3,2,5,4,2,1,1,2,5,5,5,4,5,1,4,3,5,3,3,2,3,2,5,4,5,5,4,2,1,5,1,4,2,1,5,4,1,5,4,5,2,4,1,1,1,3,1,5,1,3,3,3,4,2,5,2,3,4,2,5,5,1,4,3,3,1,2,2,4,2,2,4,3,2,4,3,1,4,4,3,5,3,3,3,5,1,3,5,5,5,5,2,1,2,5,3
724,31.2666,29.9394,1,4,2,1,1,4,4,4,5,4,5,1,1,3,1,4,2,2,1,2,5,4,5,3,1,1,4,3,2,4,5,2,2,3,1,2,2,1,5,5,5,3,2,4,1,5,4,1,3,1,5,1,4,5,1,3,5,2,4,3,1,1,2,5,5,3,1,1,1,3,1,5,1,5,5,1,1,5,5,3,4,5,5,1,4,5,1,1,5,5,2,1,1,1,5,2,5,4,5,4
725,31.5556,29.9455,4,5,1,1,3,2,2,2,2,3,1,3,3,3,3,2,1,3,4,1,2,4,4,3,4,2,1,4,5,3,3,3,1,2,2,2,2,4,5,3,4,3,5,2,3,5,5,3,3,2,5,3,1,5,3,1,3,2,5,1,5,4,4,5,2,3,4,5,2,1,1,1,1,1,5,4,2,2,2,2,2,1,2,1,1,2,3,1,1,1,2,1,1,2,3,5,2,4,2,4
726,31.5891,29.9604,3,4,4,2,2,5,1,2,4,1,3,1,1,4,3,1,1,5,3,2,5,1,4,1,2,5,5,3,3,3,2,5,3,3,1,4,1,5,1,2,3,3,1,1,3,3,2,2,1,5,1,2,1,4,4,3,2,1,4,2,1,5,5,5,5,5,3,5,5,2,3,5,5,2,3,5,4,1,3,4,4,5,4,4,3,1,1,4,1,4,2,3,1,4,3,3,3,3,5,1
727,31.0573,29.9368,1,5,4,1,3,2,4,1,5,4,1,3,1,1,4,3,2,4,3,1,2,4,2,1,3,2,1,5,2,3,4,4,4,5,4,4,3,3,3,5,3,3,2,2,2,2,1,4,1,1,5,3,3,4,1,4,3,3,4,1,3,3,5,5,1,2,5,2,3,3,3,4,5,5,3,1,3,4,2,1,5,3,1,2,2,2,1,3,3,1,3,4,4,4,5,3,4,5,1,2
728,31.0616,30.1223,3,4,1,3,1,4,1,4,5,3,1,5,2,5,1,3,1,1,5,4,1,5,1,3,3,5,4,2,3,1,2,3,1,4,3,3,1,1,5,3,1,2,2,3,3,3,4,4,4,2,4,2,2,2,5,3,3,4,3,1,4,5,3,3,1,5,4,1,3,3,4,1,5,5,1,4,2,4,2,4,5,1,1,1,5,4,4,5,4,3,5,2,2,1,1,3,4,4,2,5
729,31.0209,30.0133,2,4,3,1,1,4,2,2,2,2,5,1,5,1,5,3,5,2,5,4,4,5,5,5,4,5,3,5,5,5,1,2,4,5,3,5,5,3,1,3,5,4,3,2,5,3,5,2,3,3,3,5,3,2,1,5,1,2,3,2,3,3,4,4,3,2,4,3,1,2,3,5,4,4,4,5,3,2,5,5,5,2,3,1,4,1,4,5,5,4,1,1,1,3,2,3,1,1,4,2
730,31.5014,29.993,5,5,3,2,4,1,3,4,3,4,5,2,3,1,1,2,2,4,2,4,1,4,4,4,5,4,2,2,2,1,1,2,5,1,5,3,3,2,5,4,5,1,2,4,5,4,2,3,1,3,5,2,3,3,4,5,4,2,1,2,4,1,5,1,4,4,5,1,3,3,2,3,2,3,3,4,5,3,5,1,4,2,2,2,1,3,4,2,2,2,2,4,3,1,2,3,5,3,4,5
731,31.5767,30.164,3,5,2,2,1,4,3,4,2,5,1,3,2,1,3,5,4,1,3,1,3,4,1,1,4,5,2,5,5,5,4,4,3,3,4,2,2,4,1,4,3,4,5,3,5,3,5,4,1,3,2,2,4,3,3,2,3,3,4,5,4,1,5,5,2,2,4,5,4,1,5,4,2,3,2,3,4,1,3,3,3,1,4,5,2,2,2,1,1,4,1,1,2,4,2,3,2,3,1,4
732,31.2158,30.1933,5,4,4,2,4,5,1,1,5,1,3,3,4,4,3,5,5,2,3,3,3,1,2,5,5,1,3,2,3,5,1,3,5,5,5,4,1,2,2,4,4,5,2,5,5,3,5,1,3,1,4,3,4,1,4,5,1,3,2,4,3,1,2,5,1,2,1,2,1,4,5,2,2,2,2,4,5,2,4,4,4,1,3,2,5,4,5,4,3,4,1,3,1,3,1,5,5,5,1,4
733,31.4882,30.0346,5,2,5,3,2,5,1,2,3,3,2,2,4,5,1,5,1,5,3,1,5,2,5,5,3,1,2,2,2,1,2,1,2,1,2,2,5,2,2,4,1,1,2,3,5,2,2,2,4,2,1,4,3,1,3,3,4,3,2,4,2,3,4,5,2,5,1,1,1,5,1,1,3,3,4,1,3,2,2,4,4,4,1,5,2,2,2,5,5,1,1,4,2,4,5,4,3,2,5,5
734,31.1518,30.0712,4,2,2,4,4,3,3,5,4,5,2,3,4,5,3,1,5,4,1,4,2,4,4,2,4,2,1,1,1,1,3,5,3,1,2,2,2,3,3,3,1,4,3,5,3,1,5,4,5,5,3,1,1,4,5,3,4,5,3,1,5,2,5,2,1,1,1,4,1,1,3,5,4,5,5,1,3,4,1,4,1,2,1,3,4,3,5,1,4,1,2,2,4,4,2,3,2,3,1,3
735,31.386,30.1363,3,4,3,3,1,4,1,4,4,5,2,1,5,3,2,3,2,1,3,2,5,3,2,1,1,5,3,1,1,1,3,4,5,4,4,3,5,5,5,1,2,4,1,5,5,5,1,2,3,3,2,4,4,4,2,4,4,2,2,3,3,2,1,1,2,3,5,5,4,1,3,4,4,4,4,1,4,1,5,2,2,3,2,3,2,5,1,3,4,4,3,2,4,5,5,1,4,1,1,1
736,31.5594,29.9121,4,3,3,5,3,1,1,1,3,2,5,4,5,1,1,5,5,5,2,5,3,2,3,3,5,3,5,2,4,2,3,1,2,2,2,5,4,1,2,5,4,1,1,5,2,1,3,3,4,2,5,4,5,1,2,4,1,1,5,2,4,5,2,1,1,5,2,1,3,4,1,4,2,1,1,3,1,5,5,4,1,2,3,2,4,5,3,4,2,2,2,5,5,3,4,5,2,5,5,2
737,31.4491,29.9101,2,5,3,5,2,4,3,5,1,4,3,1,1,4,3,4,5,5,1,3,5,5,4,4,4,4,1,5,5,1,5,2,4,2,2,5,2,3,1,4,5,2,3,3,5,3,1,3,3,4,5,5,3,1,3,4,5,3,1,1,5,2,2,4,5,1,3,1,1,4,3,4,3,1,4,4,1,1,2,3,5,2,5,4,3,2,4,4,3,2,1,2,1,4,3,4,4,4,4,4
738,31.1488,30.0792,3,5,4,4,1,1,4,2,3,5,4,2,2,5,5,5,5,3,5,2,1,5,3,2,2,5,2,3,4,1,2,3,4,5,5,2,2,3,1,3,3,2,1,2,4,2,1,2,4,3,4,5,5,1,3,5,2,2,4,3,4,2,2,2,4,5,5,1,2,2,4,5,5,2,5,4,5,4,2,5,5,4,3,5,3,1,4,5,5,5,1,3,5,2,1,2,5,4,2,5
739,31.2383,30.1298,1,1,1,3,5,4,1,5,2,1,2,3,3,2,2,2,4,2,2,2,2,3,2,3,5,2,3,5,1,4,3,1,5,2,3,4,1,5,1,3,2,4,1,1,3,4,3,2,1,5,1,4,2,2,4,1,4,4,1,4,4,3,4,3,4,2,3,5,1,4,2,3,4,2,4,5,2,5,3,4,3,2,2,2,3,3,2,2,3,5,2,4,4,2,4,4,5,3,5,3
740,31.298,30.1519,5,4,5,4,1,1,1,4,1,5,3,5,5,4,4,4,2,5,3,3,3,3,1,2,2,2,5,1,5,2,5,3,5,5,3,1,2,5,5,4,4,4,3,2,2,4,3,3,4,5,4,2,4,4,5,1,1,2,4,2,2,4,3,1,3,2,4,2,3,4,1,2,5,1,5,5,2,2,2,3,3,2,2,1,4,3,4,2,1,1,4,2,2,4,2,3,4,3,5,1
741,31.282,29.9564,4,3,4,3,3,4,3,2,2,3,2,2,5,2,1,1,2,1,3,5,3,1,4,4,2,2,4,2,5,5,4,5,5,1,4,1,3,4,4,3,5,2,2,3,1,1,2,5,5,2,1,3,2,4,5,4,5,1,4,2,4,5,1,3,5,4,3,5,3,5,5,2,2,5,5,5,3,4,2,1,2,1,4,3,4,4,5,4,3,1,1,5,3,4,2,1,1,2,4,2
742,31.2941,30.107,2,2,5,3,1,1,5,5,4,2,5,3,5,5,5,5,1,4,4,5,2,2,2,3,4,3,3,1,5,5,3,2,5,3,4,4,1,3,3,5,2,3,4,1,1,2,5,1,5,2,5,2,3,2,1,4,5,2,2,2,5,5,3,2,3,3,2,5,3,3,2,5,3,5,3,4,1,3,5,3,2,4,1,4,3,3,2,3,1,3,3,2,2,3,4,3,1,4,5,3
743,31.5395,29.9665,2,5,1,3,5,1,2,3,4,2,4,5,1,2,2,2,5,2,4,4,3,4,3,3,4,3,3,2,2,3,2,5,3,2,1,3,4,4,3,4,2,1,2,4,2,3,2,1,2,3,1,5,4,4,2,2,3,1,5,4,1,5,3,1,1,4,5,1,1,5,3,2,2,5,2,2,1,2,5,5,3,4,4,4,5,2,1,3,1,1,5,3,1,2,4,3,1,1,5,5
744,31.1062,29.9535,4,1,5,2,2,5,1,5,5,2,2,4,2,3,1,1,4,1,1,2,3,5,5,2,5,2,2,1,2,4,1,5,3,2,5,2,2,2,3,3,5,4,3,5,4,1,4,2,5,4,4,3,5,1,3,2,2,2,2,4,2,4,5,1,1,4,2,3,3,2,3,5,3,3,1,3,2,3,5,2,4,2,4,3,5,4,4,5,5,4,1,3,3,1,3,4,5,1,1,4
745,31.4882,30.1133,5,5,3,3,3,4,4,1,3,3,5,2,4,4,5,1,4,1,1,4,3,3,5,1,4,5,1,1,4,3,1,5,5,1,4,4,5,2,4,5,5,1,2,2,5,1,2,1,2,1,2,3,5,4,1,2,5,1,5,3,1,4,2,5,1,4,4,4,2,1,4,4,1,1,1,2,2,4,5,4,2,2,2,3,3,1,4,1,5,3,4,4,2,3,4,1,4,1,3,1
746,31.5685,30.0386,1,1,5,3,3,2,4,5,5,3,1,4,1,4,5,5,5,4,1,1,3,5,3,5,4,5,5,3,5,4,2,5,5,1,2,3,2,1,5,2,3,4,4,4,4,1,5,1,3,1,4,3,4,2,3,3,2,2,2,1,5,2,3,4,3,1,1,5,3,3,5,4,5,5,4,4,4,5,2,3,3,4,2,3,2,4,4,1,1,4,1,3,3,4,4,3,3,1,2,2
747,31.0466,30.1274,3,3,3,1,3,4,2,2,3,1,2,5,5,4,3,4,4,2,1,1,5,2,1,3,5,1,2,5,2,1,2,2,1,4,1,4,5,1,5,2,4,3,2,3,2,3,3,5,3,2,1,4,4,4,2,4,2,5,1,1,5,4,3,2,4,1,1,5,4,4,2,4,5,5,4,5,5,2,3,4,4,2,1,3,4,1,5,2,3,1,5,1,1,4,2,3,1,1,4,4
748,31.4077,30.0549,1,4,5,1,1,5,3,1,4,4,5,5,1,3,1,4,3,4,3,1,3,1,3,5,4,4,5,4,5,4,1,3,4,1,1,5,2,2,3,5,2,4,2,1,3,3,3,1,5,5,3,5,5,1,4,2,3,3,5,1,3,4,5,4,1,3,5,1,5,2,2,2,2,5,5,1,5,2,3,5,2,4,2,5,2,4,3,2,5,4,2,2,3,1,1,4,5,1,5,5
749,31.4918,30.1885,5,1,1,2,1,3,1,5,2,5,2,3,4,2,2,5,4,3,2,5,3,1,1,3,2,5,4,3,2,5,3,5,2,5,5,5,4,2,1,2,1,1,1,3,1,5,5,4,4,2,4,1,2,5,5,3,2,5,4,3,5,4,1,5,2,2,2,2,4,2,4,4,2,3,4,5,1,5,5,2,4,5,4,5,1,1,2,3,4,5,2,2,2,1,2,1,2,3,1,1
750,31.3937,30.1007,2,5,2,3,5,3,4,2,1,2,3,5,3,3,4,1,5,1,4,3,2,2,4,3,2,4,4,3,3,5,4,4,4,1,4,3,2,4,2,3,5,2,4,1,2,4,2,1,2,5,5,3,3,1,1,5,4,2,1,3,4,5,3,1,4,3,3,4,2,4,5,3,1,5,1,3,2,2,1,2,4,1,4,5,3,1,4,1,5,5,1,1,3,3,4,5,2,4,1,4
751,31.586,30.0815,5,3,5,4,3,4,3,2,5,2,2,3,5,4,3,2,2,3,4,4,5,1,5,2,5,3,5,4,2,1,3,2,2,4,5,4,1,2,5,2,2,3,4,3,4,3,2,3,1,5,1,2,3,3,5,3,3,1,5,2,2,4,2,1,5,5,1,1,3,1,5,5,1,3,1,1,1,2,5,5,1,1,3,5,4,5,1,5,1,1,4,4,4,2,1,4,4,5,2,1
752,31.1043,30.0431,2,1,4,3,2,2,5,3,4,3,2,2,2,5,2,2,4,3,5,5,3,5,1,5,1,4,2,3,3,2,2,4,2,2,1,3,2,5,5,1,1,2,2,5,2,2,4,4,5,5,1,3,2,2,1,5,1,4,3,2,4,1,2,1,3,2,2,1,5,1,5,5,1,4,4,3,1,2,5,4,1,2,1,4,5,3,5,4,5,3,2,4,4,2,4,4,3,3,5,2
753,31.0613,30.1725,5,1,3,3,4,5,5,4,3,5,1,4,1,4,5,5,5,1,4,2,4,3,3,4,1,3,5,2,5,1,5,5,4,3,4,2,5,2,2,3,5,5,1,4,3,5,2,2,2,5,4,5,5,5,4,5,5,1,5,4,2,5,4,3,5,2,1,3,4,5,4,1,4,2,3,2,3,4,2,5,1,1,4,4,4,3,4,5,3,1,1,2,5,2,2,1,2,4,2,5
754,31.5921,30.0786,2,1,5,4,4,3,3,2,5,3,3,5,5,3,3,5,3,3,5,3,4,1,2,5,2,3,2,2,3,4,2,1,2,2,5,2,1,2,1,1,4,1,2,4,3,5,4,1,4,5,5,3,2,3,4,5,2,5,4,4,1,5,2,2,2,1,5,3,3,2,2,4,1,5,1,5,3,4,3,4,5,3,5,3,2,1,1,4,3,2,2,5,2,3,1,4,2,5,1,1
755,31.1993,30.0855,3,2,1,5,2,2,1,1,3,5,2,1,5,2,2,2,5,1,5,4,2,4,3,3,2,1,1,4,2,4,1,3,4,4,5,3,4,4,1,1,3,4,3,1,2,3,1,3,2,1,1,3,4,4,5,3,5,2,3,2,5,2,5,2,3,1,1,1,4,3,3,5,3,4,4,4,1,2,3,3,2,3,2,2,3,1,3,3,5,1,5,2,1,3,2,1,5,1,4,1
756,31.259,29.9798,1,1,2,5,3,5,1,2,2,4,2,2,1,5,2,5,1,3,5,1,4,4,2,2,5,2,2,5,3,2,2,4,5,1,2,3,3,2,5,3,5,1,1,1,2,2,1,1,3,1,3,3,3,2,5,4,5,2,3,5,2,1,1,2,3,2,2,1,1,1,3,2,2,1,2,4,5,1,3,5,3,4,4,5,3,5,1,3,3,5,4,3,2,2,4,3,3,3,1,2
757,31.0812,29.9482,3,3,2,3,3,3,1,4,4,4,2,5,2,2,3,4,1,4,5,3,1,1,5,3,4,3,4,5,5,3,5,3,1,5,2,1,4,2,3,5,5,2,4,3,1,4,3,1,5,1,3,1,5,2,5,3,2,4,3,2,3,4,3,3,3,2,1,4,1,3,1,1,5,1,2,1,3,4,2,5,1,1,5,2,3,4,1,4,1,4,2,2,5,4,2,4,2,3,5,4
758,31.4073,30.0225,2,3,1,3,1,3,1,1,5,2,2,4,3,1,3,2,5,5,3,1,2,2,1,3,4,4,3,4,3,1,5,3,1,2,1,2,1,3,1,4,5,2,3,1,4,4,4,1,5,2,3,5,3,5,2,2,1,2,2,3,2,4,5,2,5,1,2,2,2,4,5,2,4,1,3,1,2,2,4,1,1,2,1,4,3,1,4,4,2,5,2,2,3,3,5,4,1,4,4,2
759,31.2129,30.0923,5,2,4,3,5,4,4,3,2,4,3,3,3,2,4,1,3,4,1,3,1,1,3,5,1,2,2,2,4,3,4,4,4,3,1,1,3,1,3,5,4,4,3,3,4,3,3,4,3,2,3,1,3,2,2,2,2,5,4,5,4,3,3,5,5,5,2,1,5,1,1,3,5,3,2,2,1,1,2,1,1,3,2,5,3,5,5,4,5,4,2,2,5,2,5,3,4,2,5,4
760,31.0617,29.9261,2,1,5,4,4,1,2,1,4,5,2,2,1,3,1,1,4,1,3,3,3,4,4,4,1,5,1,3,2,3,2,4,3,2,2,2,2,2,1,3,2,3,4,3,2,2,3,1,4,1,2,2,1,1,5,1,5,3,3,3,1,2,2,2,3,1,4,3,4,1,2,2,2,2,4,2,2,3,2,4,5,3,1,3,3,2,5,5,3,5,4,5,3,1,5,2,3,2,2,2
761,31.2401,30.0801,3,1,1,2,1,4,2,2,1,4,2,5,4,3,3,1,2,4,2,2,3,3,4,4,3,2,1,4,4,5,4,4,1,3,1,5,5,4,2,3,1,1,3,3,1,5,3,5,5,2,1,3,3,4,4,5,2,5,2,1,1,5,3,1,5,4,4,4,3,1,5,2,3,1,3,4,2,2,4,3,5,5,4,4,4,3,3,5,4,1,3,2,3,1,1,3,4,2,5,5
762,31.05,29.9837,3,4,1,3,3,1,5,5,2,1,1,3,4,2,1,1,1,2,1,3,4,1,5,2,4,5,2,2,5,5,3,1,5,4,5,3,3,2,5,3,5,2,4,5,4,1,5,1,5,1,4,2,5,2,1,3,4,1,2,3,3,5,3,5,5,4,1,5,1,2,4,1,1,2,3,1,5,3,5,3,3,5,3,1,4,1,4,5,3,4,5,2,3,2,4,4,5,5,1,3
763,31.5344,30.0902,1,1,5,3,4,2,1,2,5,3,3,1,3,3,1,2,5,4,3,5,5,3,5,2,5,5,2,5,2,3,2,2,3,2,4,1,1,2,3,3,2,1,2,5,3,3,3,2,5,4,1,5,5,2,1,4,5,3,1,2,4,4,4,4,4,3,4,1,2,3,5,5,4,1,1,4,1,2,1,2,4,1,3,4,3,2,1,4,4,2,4,5,2,1,3,1,1,4,4,5
764,31.0152,30.1052,5,4,1,5,2,1,4,3,3,5,3,3,3,2,5,2,3,1,1,1,2,1,1,2,3,1,5,2,4,5,3,5,3,5,1,4,1,4,1,3,4,5,2,3,2,5,3,2,1,5,5,1,1,2,3,2,3,5,5,5,4,4,4,5,2,4,4,2,2,3,2,5,1,4,3,1,2,4,2,1,5,5,2,2,4,4,2,5,5,2,4,1,5,1,5,2,2,4,4,4
765,31.2351,30.1706,3,1,4,2,2,2,3,1,3,1,3,2,1,4,4,3,4,2,2,2,4,5,3,1,3,1,4,2,3,2,2,4,2,4,1,1,1,2,4,1,5,2,3,1,3,1,4,2,5,1,5,3,2,5,1,5,1,2,1,1,5,5,1,5,3,1,2,2,1,4,2,2,4,2,5,3,3,3,1,1,3,4,3,2,3,2,2,5,1,2,1,4,3,2,2,2,1,4,1,5
766,31.4698,30.1241,4,5,3,1,5,4,5,5,3,3,4,2,5,3,4,5,2,3,3,1,1,3,5,5,1,3,1,3,1,1,5,4,3,3,4,2,1,2,2,2,1,3,2,5,5,2,5,1,5,3,4,5,1,3,1,2,1,5,3,2,2,3,2,2,3,4,2,2,2,3,2,4,3,1,3,3,3,4,3,1,3,2,3,1,3,3,4,4,5,4,2,1,4,5,1,5,1,2,2,2
767,31.0933,30.1313,4,3,4,1,1,3,1,4,5,5,5,5,5,5,2,2,1,3,1,4,3,1,4,5,1,1,3,3,4,3,5,2,2,5,2,5,1,1,1,5,1,2,2,2,5,4,2,1,5,4,4,5,1,3,5,2,5,3,4,1,3,5,4,5,1,4,4,3,1,2,4,1,3,1,1,1,5,4,5,4,3,3,4,2,5,5,5,5,5,5,3,4,1,1,4,1,3,5,3,4
768,31.5206,29.9065,4,1,4,3,4,5,4,5,2,2,2,2,1,3,1,3,5,1,2,5,1,5,3,5,2,4,3,4,2,5,5,5,4,4,5,4,4,2,5,4,5,5,1,4,1,5,1,5,3,5,3,5,1,1,4,2,5,5,3,3,4,1,5,3,5,2,5,5,1,1,1,3,5,4,5,5,5,3,2,2,3,3,5,1,2,3,3,5,2,1,2,1,2,3,3,1,5,3,5,3
769,31.0591,30.0624,5,1,3,4,5,4,4,3,2,1,5,4,2,3,1,3,2,2,5,5,5,1,1,5,5,3,1,3,1,3,1,3,2,5,5,2,5,1,5,1,5,1,4,4,2,2,3,3,4,3,3,3,2,5,4,2,5,2,1,5,5,2,2,1,2,5,3,1,3,1,4,2,2,2,2,3,4,4,5,5,4,3,1,1,4,5,1,3,4,4,3,2,1,1,5,1,3,5,3,1
770,31.517,30.1751,5,1,5,5,1,4,2,2,5,2,5,2,3,4,2,4,2,4,4,5,2,5,2,2,5,5,2,2,3,2,3,4,5,3,4,4,1,2,1,1,3,2,1,5,2,5,1,5,4,4,1,1,2,2,2,4,1,4,4,2,3,4,4,4,4,3,4,1,4,3,1,4,2,2,3,2,5,2,2,1,2,5,2,5,5,1,4,2,1,1,1,4,1,5,1,3,3,1,1,3
771,31.5607,30.1487,3,2,3,4,1,1,1,1,1,5,4,1,4,1,1,3,4,2,2,2,3,4,1,3,3,3,2,3,3,5,5,3,4,2,5,5,3,3,1,4,1,2,1,2,3,2,5,4,5,5,1,3,5,4,4,1,2,3,3,3,3,4,2,1,1,3,5,2,3,1,5,2,1,1,5,4,5,5,3,2,2,4,2,2,4,5,5,2,2,3,4,4,2,5,3,1,1,2,1,4
772,31.2075,30.1713,1,1,5,1,3,5,2,3,5,3,3,3,5,4,3,2,2,3,5,4,5,4,1,5,2,3,1,5,2,5,2,4,4,2,4,5,5,4,5,3,2,2,3,4,2,1,4,1,3,1,4,1,1,3,2,3,1,4,5,1,3,4,4,5,2,4,1,3,4,2,4,1,2,3,2,1,5,1,5,1,5,1,5,5,1,1,2,5,2,5,3,3,2,5,4,3,5,5,5,1
773,31.5345,30.1099,1,4,2,3,2,5,4,4,4,4,5,5,5,3,1,3,4,4,5,4,3,5,5,4,1,5,3,4,2,2,1,2,1,5,5,1,1,1,3,4,3,3,2,2,2,4,4,4,4,1,4,2,1,4,3,4,1,2,2,1,2,2,4,4,2,3,4,5,2,3,3,2,1,5,4,3,1,2,5,5,1,3,2,3,2,2,4,3,4,1,1,4,4,3,5,1,4,1,4,5
774,31.1152,29.9046,1,3,3,1,3,3,2,5,5,1,3,3,4,1,3,3,5,5,3,5,2,2,3,4,2,4,2,4,4,5,2,1,4,4,1,5,4,4,3,5,5,2,3,1,3,4,2,3,4,2,4,2,4,5,1,4,4,4,5,3,1,5,4,3,4,4,3,1,2,5,2,4,1,2,1,2,2,2,3,3,5,5,5,4,3,5,2,1,2,3,2,4,1,4,1,3,3,2,2,4
775,31.5297,30.0621,1,5,4,1,5,1,5,5,2,4,3,5,5,3,1,4,4,2,5,5,4,3,2,5,1,1,5,1,2,3,2,1,1,5,1,1,5,4,5,4,4,3,1,3,1,1,5,4,3,3,1,3,2,2,2,4,4,3,3,4,3,2,3,3,1,2,3,2,5,2,5,1,4,1,2,5,2,4,3,1,5,4,1,2,1,2,4,3,5,1,5,2,1,4,1,2,1,2,5,2
776,31.2034,30.1655,1,3,4,1,1,2,5,1,1,5,1,3,5,3,2,1,1,2,3,5,3,3,1,3,1,5,5,1,2,2,4,5,4,4,5,4,2,4,3,3,3,4,2,4,4,4,2,1,1,2,4,5,4,2,2,1,4,4,3,4,3,3,3,5,4,2,3,3,2,2,5,2,5,3,1,3,4,5,1,3,1,2,2,3,3,4,3,1,2,4,4,4,2,1,1,1,2,4,2,4
777,31.5171,30.1056,3,5,1,5,4,2,4,4,4,4,4,5,1,2,5,2,4,3,3,1,2,5,5,4,2,4,5,2,3,5,1,3,2,1,5,5,3,1,2,2,3,2,3,2,5,4,1,2,2,4,3,3,2,2,3,5,3,1,1,4,4,5,4,2,5,4,4,2,4,2,5,5,2,1,3,5,5,4,5,1,4,2,3,5,3,3,1,1,4,3,5,5,2,1,1,4,4,2,5,1
778,31.4798,29.9236,5,3,5,4,4,4,1,1,4,2,1,5,3,2,4,4,5,2,5,1,5,1,4,4,3,5,4,5,4,2,4,4,4,3,1,4,3,5,5,4,4,4,5,4,5,1,2,5,2,4,4,4,2,5,2,1,2,5,5,3,4,2,1,2,5,2,5,5,5,5,4,5,2,1,1,2,3,3,2,3,1,4,4,5,1,1,2,3,5,4,5,2,5,5,3,2,2,3,3,3
779,31.2848,30.0837,3,1,1,1,5,4,2,3,1,3,1,3,2,4,2,1,5,4,2,1,2,2,3,1,2,2,2,1,4,2,5,4,3,1,2,1,2,3,5,1,3,2,3,2,2,1,2,5,2,5,4,5,1,4,1,4,5,1,4,2,5,2,4,3,1,1,1,4,3,5,1,2,2,5,2,2,1,1,5,1,3,3,3,3,1,4,4,5,4,4,4,3,2,1,2,5,3,1,3,2
780,31.0776,30.1338,3,1,2,1,4,2,4,1,2,2,5,2,2,5,2,3,5,4,5,5,3,5,1,4,3,5,4,1,1,1,5,3,5,3,2,1,5,4,4,3,4,1,2,3,5,4,5,5,1,3,4,3,5,1,2,1,5,2,1,4,5,5,4,5,2,3,3,3,5,2,2,1,2,5,4,4,5,4,4,3,5,4,2,2,5,2,1,3,5,5,2,3,3,2,3,5,5,4,3,3
781,31.1636,29.9373,5,3,4,1,2,1,4,4,2,5,4,3,4,3,2,2,1,4,3,1,4,4,2,1,1,5,5,5,3,5,3,1,3,5,3,5,2,3,3,4,3,1,3,4,1,2,5,5,5,1,3,3,1,1,1,2,1,3,2,1,5,1,5,3,1,4,5,5,4,4,1,4,5,2,4,3,2,4,2,2,3,2,5,3,5,5,5,2,1,2,4,5,4,3,3,3,1,4,3,1
782,31.0718,30.102,1,1,2,5,2,4,5,5,2,3,1,5,1,2,3,3,4,5,2,3,1,2,4,4,2,1,1,1,1,4,3,4,3,4,3,5,4,5,4,4,1,5,2,2,2,1,5,1,2,4,4,5,3,2,1,1,1,5,4,4,3,4,4,4,2,5,1,5,5,5,5,1,4,4,1,1,3,5,5,2,1,3,1,5,1,2,3,4,5,4,5,1,1,1,5,2,3,2,1,1
783,31.0723,30.1242,3,2,2,4,5,2,1,3,2,1,4,4,3,5,1,4,2,5,1,4,2,3,1,3,1,5,1,4,1,2,4,5,4,2,4,3,4,5,5,1,5,3,1,3,1,5,3,4,2,1,2,5,2,4,2,1,5,3,4,2,2,4,5,1,3,1,1,2,5,2,5,3,2,3,1,4,4,2,5,3,5,5,5,2,3,5,3,3,5,4,2,1,4,3,1,5,4,3,2,2
784,31.3395,30.1617,2,2,1,5,4,5,2,3,2,5,1,5,5,5,1,4,2,2,1,1,2,1,4,5,2,4,5,1,5,4,4,1,2,2,4,5,3,5,1,5,3,3,3,3,5,1,2,2,2,1,5,3,4,4,3,5,3,2,2,5,4,1,4,3,1,2,4,4,2,5,1,2,3,5,3,2,2,2,5,3,1,3,1,4,5,5,4,5,3,3,4,4,4,5,5,4,3,4,1,2
785,31.3281,30.1506,2,2,2,2,5,3,4,5,2,2,1,5,1,3,5,3,2,5,5,4,1,5,2,3,1,1,1,3,2,1,2,3,4,2,5,4,1,1,4,5,5,1,1,5,5,2,4,1,1,4,2,3,3,5,1,3,5,2,3,3,3,4,3,4,4,4,1,2,3,1,4,1,4,4,3,5,2,3,3,3,1,1,3,3,5,1,1,1,2,4,5,5,1,3,2,1,2,3,4,1
786,31.449,29.9327,2,3,4,2,2,4,4,3,2,1,5,1,5,4,2,5,1,2,4,3,4,4,4,2,2,1,1,4,1,1,1,4,5,5,3,2,5,2,5,4,3,3,5,1,4,4,5,4,5,2,2,3,2,5,4,4,2,5,5,3,5,5,4,2,5,3,5,2,3,4,5,5,3,3,5,1,2,1,1,1,4,1,2,2,4,1,3,4,1,2,2,4,2,2,2,2,4,4,3,3
787,31.182,30.0322,4,2,3,5,3,3,1,1,1,1,2,1,1,4,3,4,1,5,2,1,5,3,5,1,3,2,4,2,3,5,2,3,2,5,5,4,4,2,4,4,4,1,5,2,1,3,2,2,3,3,1,4,1,2,5,1,2,5,2,1,3,3,2,4,1,1,3,5,4,5,3,1,1,5,1,4,2,3,5,2,1,1,3,5,5,4,1,2,4,2,4,5,3,5,4,4,4,3,4,4
788,31.3124,29.9894,4,2,4,5,3,4,5,5,3,5,4,1,4,3,4,4,3,3,5,5,1,2,2,4,2,3,4,2,5,2,5,2,5,4,3,1,1,4,5,5,3,2,3,5,4,1,5,5,5,3,3,4,4,4,5,2,5,4,4,2,5,3,3,4,3,2,4,2,5,3,5,3,4,5,4,5,2,2,5,5,3,4,1,5,1,2,2,2,3,4,5,3,1,2,3,5,2,4,1,3
789,31.1341,30.0358,3,5,1,1,1,4,5,4,5,5,3,3,4,5,1,5,1,3,1,3,4,4,2,5,5,2,5,2,3,5,2,5,1,4,3,1,2,1,5,3,3,3,1,2,3,1,1,4,1,4,1,4,5,4,1,1,4,5,1,2,4,1,4,4,1,4,5,1,3,5,2,1,2,3,3,3,3,3,2,2,3,3,3,2,2,1,4,1,2,4,4,3,5,3,1,4,4,5,2,5
790,31.4196,30.0758,2,5,1,2,1,5,3,3,1,3,5,5,2,2,3,5,2,2,5,5,5,5,5,2,1,4,4,3,4,5,2,4,5,3,1,2,3,1,5,2,3,2,2,3,5,2,5,2,4,3,4,5,1,2,5,5,4,3,1,1,3,5,1,1,2,3,1,3,5,5,3,5,2,1,3,2,3,1,2,3,4,2,4,4,3,2,2,2,5,3,3,1,3,2,5,1,1,5,5,5
791,31.5149,29.9827,2,3,3,4,1,5,3,2,1,3,2,2,1,3,4,4,3,4,1,4,1,2,3,5,1,2,1,5,4,2,5,5,5,3,4,4,5,1,3,1,5,1,3,4,2,3,4,3,3,2,3,3,4,3,4,2,3,1,2,3,5,2,2,5,3,2,3,4,4,2,1,2,4,5,1,2,4,5,3,2,1,3,1,2,2,2,2,1,5,1,1,3,1,1,5,1,5,1,4,5
792,31.5453,29.973,4,4,3,1,1,5,2,1,1,5,5,4,3,2,1,3,4,2,3,2,1,2,2,3,2,5,1,3,4,2,3,5,1,1,1,3,1,1,4,2,3,4,4,2,1,1,5,4,2,2,1,3,2,1,2,1,2,2,2,3,3,1,3,4,3,2,4,4,5,5,5,1,1,1,2,5,4,5,2,2,4,5,2,5,4,4,1,5,4,5,4,3,5,5,3,3,1,2,3,3
793,31.4471,30.14,4,1,5,5,3,4,1,4,5,3,1,4,3,4,3,4,2,5,5,5,1,5,5,5,3,3,1,1,5,4,4,1,4,1,1,3,4,1,5,1,5,3,3,2,4,3,5,1,1,4,4,1,1,1,4,5,3,5,1,5,5,5,4,1,5,2,3,1,1,5,3,1,3,5,2,3,1,5,4,1,1,3,2,3,2,2,3,1,5,1,3,2,2,3,4,2,1,1,5,2
794,31.4225,30.1333,5,5,1,4,3,4,1,5,3,3,2,5,2,2,4,1,1,4,4,4,4,3,2,4,1,4,2,5,4,2,5,2,1,2,2,4,2,4,1,4,2,2,3,2,3,5,5,2,1,4,5,2,1,1,2,4,1,1,1,1,2,3,5,2,4,3,1,2,2,4,5,5,3,3,2,4,5,5,4,1,3,3,3,3,2,5,4,3,3,4,3,1,5,3,5,3,4,3,4,1
795,31.4331,30.0174,5,5,2,1,5,1,3,5,5,2,5,4,4,2,3,2,2,2,5,3,2,1,5,3,2,1,3,2,2,3,4,4,1,2,4,4,2,3,2,4,3,5,1,5,3,1,3,1,5,4,5,3,3,1,5,5,4,3,2,3,1,4,5,1,3,1,4,2,1,2,4,1,2,3,1,3,3,1,1,5,2,3,5,2,4,2,2,3,3,5,1,1,3,4,3,3,4,1,2,1
796,31.0149,30.1521,4,4,1,4,2,2,3,4,1,1,4,2,1,3,3,5,5,3,4,2,3,3,5,1,3,4,1,4,1,3,5,2,4,1,5,4,3,5,1,1,5,4,5,4,2,3,3,2,2,2,5,3,2,5,1,3,5,5,5,3,5,4,4,1,4,2,5,2,2,1,3,4,3,2,1,5,5,3,5,2,5,3,1,1,4,3,4,5,2,1,4,2,4,2,2,5,5,5,2,2
797,31.1468,30.0913,5,3,1,1,2,2,5,1,1,4,1,5,4,2,5,2,5,2,3,4,5,3,5,4,5,5,1,5,3,4,1,5,5,1,1,1,4,1,3,2,3,3,4,5,3,5,3,4,5,5,2,2,5,1,3,3,5,3,2,5,2,4,3,4,5,4,4,5,2,1,5,5,2,1,3,1,1,4,4,4,2,5,5,4,3,1,1,4,5,5,3,2,2,2,4,4,3,5,4,4
798,31.2788,30.1353,4,4,2,5,3,2,4,1,4,1,3,2,1,1,2,4,5,3,2,4,2,2,3,3,4,3,2,1,4,5,4,5,1,2,5,5,4,2,5,3,2,5,4,1,5,4,2,3,4,3,2,3,4,2,4,2,5,3,2,1,2,1,5,3,2,2,1,3,4,2,5,3,2,4,3,2,3,3,3,5,1,5,4,5,5,3,1,2,3,4,3,5,4,2,3,1,3,5,5,3
799,31.0098,29.9888,5,2,3,3,2,3,2,5,3,2,4,1,4,1,5,4,3,2,3,4,3,1,2,3,2,3,2,4,2,2,5,5,4,2,4,4,4,5,5,2,1,2,2,2,1,2,2,5,4,3,4,5,4,3,3,4,4,3,5,1,3,4,1,5,4,1,4,3,5,5,3,2,3,5,1,1,1,3,3,5,3,3,3,1,5,2,4,4,1,1,4,2,1,2,5,2,3,5,4,5
800,31.449,30.0669,2,4,2,1,1,2,5,5,2,5,4,5,5,5,1,5,2,5,4,3,4,3,2,4,5,2,5,4,5,1,4,2,2,5,4,1,2,2,2,1,3,3,1,2,3,1,1,4,1,1,5,5,1,4,2,1,1,1,3,2,3,4,2,5,1,4,2,2,2,5,3,5,5,5,2,3,3,1,3,3,5,5,3,2,5,4,2,1,1,1,5,2,2,1,2,1,4,1,3,3
801,31.4028,30.0381,1,4,1,1,2,1,4,5,1,1,4,2,4,2,4,4,5,3,4,1,5,4,2,4,2,5,5,3,5,1,3,4,2,1,5,3,5,3,2,2,4,2,4,4,3,2,3,1,4,4,1,2,5,3,5,5,4,3,1,1,3,4,5,3,1,2,5,2,5,3,4,4,3,3,3,3,5,1,1,5,3,3,4,4,4,1,1,2,5,1,2,4,1,1,5,4,2,4,2,2
802,31.5925,30.1708,4,2,4,5,2,3,3,5,4,3,4,1,5,4,3,3,1,4,3,4,2,2,3,1,5,5,3,3,5,1,2,5,2,5,5,1,3,1,1,2,4,2,1,3,4,1,4,1,5,4,1,2,3,4,3,2,3,2,1,1,4,2,5,4,1,4,3,2,4,1,3,1,1,4,5,3,3,4,1,1,2,3,1,2,2,3,5,4,5,5,5,2,3,2,1,3,2,1,4,4
803,31.4366,30.0918,2,1,3,1,3,1,4,2,2,3,1,5,1,4,3,2,5,3,1,2,4,3,4,5,5,1,5,5,1,5,5,1,1,4,1,1,4,2,2,4,1,5,5,5,1,1,1,5,2,5,4,4,5,2,3,3,5,2,3,2,5,1,2,1,4,3,4,1,5,2,1,5,3,3,2,3,4,1,4,1,1,4,3,1,3,3,1,2,2,4,3,5,4,3,4,3,4,4,2,1
804,31.0829,30.0195,1,4,1,3,5,1,3,4,4,3,2,2,3,5,1,3,1,4,2,3,4,1,4,5,5,2,2,3,2,4,5,2,1,1,4,3,5,2,2,2,5,2,2,2,5,5,1,5,4,4,3,1,1,4,5,3,1,5,4,3,1,2,2,2,5,4,4,3,5,3,3,5,1,4,3,5,3,4,5,2,4,5,3,3,3,1,4,5,2,1,4,3,3,2,4,2,3,3,2,5
805,31.4738,30.0317,2,1,2,5,2,1,3,1,1,1,4,4,4,4,5,4,1,3,2,5,5,1,4,5,1,2,2,1,5,4,5,5,4,5,4,1,5,4,1,4,1,2,4,2,4,1,4,2,4,3,5,5,3,1,4,1,1,4,1,3,5,1,2,1,2,4,4,2,5,4,2,2,5,5,2,4,3,3,3,5,3,2,2,3,3,5,3,5,1,4,2,3,1,3,2,3,1,3,5,1
806,31.1541,30.0227,5,4,3,5,5,2,4,4,2,3,3,3,3,2,2,5,3,2,4,5,1,5,4,4,5,2,2,5,1,1,5,2,1,2,2,2,5,4,4,2,1,1,5,2,3,4,5,2,4,3,5,1,3,5,1,4,4,3,3,1,5,3,5,2,5,1,2,4,1,5,3,3,3,3,2,4,4,2,5,2,2,5,4,2,5,5,5,2,4,1,1,1,5,4,1,5,1,2,3,3
807,31.4554,30.1562,2,3,3,2,4,1,1,3,1,4,3,3,5,2,1,1,2,2,4,2,2,1,4,5,2,3,3,2,3,5,4,1,5,2,5,4,4,3,1,4,2,4,5,4,5,2,2,2,4,4,4,4,3,3,5,5,4,3,2,2,2,2,3,1,2,2,5,4,3,4,5,4,4,1,2,1,5,4,1,2,3,3,1,4,5,5,1,5,4,2,1,5,3,2,3,5,2,5,5,4
808,31.3031,29.9582,1,2,3,1,4,5,4,1,2,1,2,5,4,4,4,3,2,3,1,3,4,1,5,2,1,1,1,1,1,4,1,2,3,4,4,4,4,2,5,4,3,2,5,1,2,3,1,1,1,2,3,5,3,1,1,1,3,3,3,5,5,5,5,3,4,1,4,4,2,4,2,5,5,2,5,3,2,2,2,4,1,5,5,4,4,4,5,5,4,1,3,2,1,2,2,4,3,4,2,5
809,31.3117,30.1072,4,1,3,2,5,4,4,1,4,1,2,5,1,2,3,4,3,5,3,2,2,5,1,5,2,4,1,5,1,1,5,1,3,4,1,2,5,4,3,2,5,2,5,3,5,5,5,2,5,1,5,1,5,5,4,4,4,1,5,5,5,3,2,4,3,5,2,2,5,3,2,2,5,4,1,3,3,4,5,4,4,4,1,5,3,1,5,1,5,2,2,5,4,2,3,5,2,1,3,3
810,31.4473,30.1905,2,5,3,5,5,2,3,1,2,4,2,3,1,5,4,4,2,1,1,1,1,1,3,4,1,3,2,5,5,4,1,2,5,3,1,3,5,5,1,2,3,1,4,4,1,3,1,5,5,5,2,5,1,5,2,2,2,4,2,5,5,5,5,2,4,5,4,5,1,2,5,5,3,2,2,3,4,3,1,2,5,2,5,5,2,1,5,1,2,5,5,3,2,4,1,4,4,4,3,4
811,31.134,29.9204,1,3,5,4,5,4,1,1,4,4,2,3,3,5,2,4,4,3,2,4,2,5,4,4,1,2,3,1,2,4,4,2,4,4,5,3,4,5,5,5,2,4,2,2,1,4,2,3,3,1,2,4,1,2,1,1,5,3,1,2,4,3,4,4,2,4,3,2,4,5,5,1,1,5,3,1,3,3,2,2,3,5,4,3,5,3,4,2,4,3,5,1,3,4,4,1,1,4,3,3
812,31.4162,30.0975,1,3,2,1,5,4,5,4,5,2,3,1,4,4,4,1,4,3,5,1,3,4,2,2,1,1,3,1,3,3,3,1,1,5,2,2,4,3,2,5,4,4,1,1,3,3,3,3,1,4,4,1,3,4,5,4,5,3,3,2,2,3,1,5,1,3,2,3,3,1,3,1,1,5,2,4,5,4,1,4,4,2,2,1,2,1,3,3,4,3,1,5,5,3,4,4,5,1,2,4
813,31.5725,30.0193,1,5,4,4,2,3,5,5,4,2,2,5,2,4,2,3,5,5,1,3,1,5,5,2,5,4,5,2,3,1,3,3,4,5,4,2,3,3,3,3,2,3,5,2,4,1,1,3,3,2,3,4,2,5,1,4,3,1,1,5,3,3,5,3,2,1,2,4,1,5,1,2,4,5,2,1,4,2,1,5,2,5,2,4,2,3,2,1,3,1,1,5,3,2,3,2,1,2,2,2
814,31.5301,30.0177,4,2,1,3,2,4,5,4,5,4,2,1,1,1,3,1,5,4,2,1,3,4,2,2,4,2,4,5,2,1,1,1,3,4,4,3,3,5,5,1,2,5,3,3,1,2,5,1,3,1,5,2,5,4,1,5,4,3,4,3,3,1,2,1,1,3,2,2,2,3,4,5,1,5,2,5,4,5,4,1,1,2,5,4,1,2,4,4,2,2,2,2,3,1,3,3,1,3,4,1
815,31.0759,30.0091,3,1,1,2,1,3,5,2,5,5,4,3,1,3,2,3,1,4,4,1,3,3,5,4,5,3,3,1,5,2,2,4,2,2,1,2,3,1,4,5,1,5,4,5,4,5,2,5,1,1,1,3,2,1,1,5,2,4,2,2,2,4,3,5,1,1,3,4,1,1,4,4,1,2,2,1,4,4,2,5,3,1,1,4,2,4,5,5,2,4,4,1,4,5,2,2,3,3,2,5
816,31.0074,29.944,2,1,2,1,4,5,4,4,2,5,2,1,2,4,4,2,5,1,4,4,2,1,4,2,1,3,3,3,4,4,3,3,3,1,4,1,1,2,3,2,4,5,3,4,3,1,2,5,2,4,2,1,2,3,3,2,5,4,5,1,3,3,4,5,3,3,5,5,1,5,5,1,4,4,5,3,4,1,2,2,5,4,3,2,4,2,5,4,1,1,3,1,5,3,5,2,5,4,5,2
817,31.1547,30.1552,5,2,3,4,2,2,1,3,2,2,2,4,2,2,1,3,3,3,5,1,1,5,4,4,4,4,2,3,3,5,5,2,1,2,4,3,5,4,4,1,2,1,1,2,4,3,1,4,3,3,1,5,4,1,3,2,2,5,2,4,2,5,3,2,2,4,1,1,1,3,5,1,2,4,2,5,3,5,5,2,4,1,5,4,4,2,3,3,3,2,1,2,3,5,5,1,5,1,3,5
818,31.5264,30.1041,5,1,1,3,1,1,4,4,5,3,5,5,1,5,3,1,3,2,4,1,1,4,5,1,1,4,4,4,1,1,1,2,4,1,5,5,3,3,2,2,2,3,1,2,4,5,5,3,4,3,4,3,1,1,1,1,4,2,4,3,1,3,4,1,4,2,4,4,5,2,4,1,5,2,4,2,4,5,3,5,4,2,4,4,5,1,5,5,3,3,4,3,4,5,4,4,5,1,5,4
819,31.581,30.0768,2,2,2,4,1,2,4,4,5,3,1,1,2,1,3,3,4,4,5,1,4,3,5,4,4,2,4,2,3,3,2,5,2,2,5,5,1,1,1,3,2,2,3,5,2,2,1,1,2,4,5,1,3,5,2,4,1,5,4,5,1,5,3,1,5,3,1,3,4,5,5,2,5,1,3,2,2,2,1,1,4,2,1,3,5,2,5,5,2,3,4,4,4,1,5,3,3,4,3,5
820,31.0292,30.1297,5,3,2,3,1,2,4,5,5,1,1,5,4,3,4,1,5,4,3,3,5,4,5,4,3,2,3,3,5,5,4,3,2,1,3,1,2,2,2,1,2,1,5,3,1,4,1,2,5,1,3,5,5,4,5,1,1,5,1,3,2,2,1,2,4,4,5,3,1,3,4,1,2,2,5,5,1,5,4,1,3,1,5,4,3,5,1,4,1,5,3,2,2,2,5,3,4,4,3,3
821,31.165,30.1427,3,1,2,3,5,2,2,3,3,5,4,3,2,4,2,3,5,5,1,4,3,2,5,4,3,5,3,5,3,4,5,5,5,4,1,3,5,2,2,4,1,4,2,5,3,3,3,4,1,4,2,2,2,1,5,3,2,4,3,2,1,5,1,1,3,5,1,1,3,3,1,4,5,2,1,2,1,4,5,2,2,1,5,4,4,2,2,2,5,3,3,2,4,1,2,2,2,2,1,1
822,31.0696,29.9903,3,2,2,5,2,2,4,5,1,4,3,3,3,4,2,5,1,3,5,1,2,3,5,4,5,1,1,1,1,1,5,4,1,4,1,1,2,4,5,5,3,2,2,1,1,2,3,3,2,4,2,2,2,1,5,3,3,2,5,2,3,1,2,5,1,5,1,2,5,4,3,1,2,2,3,4,1,2,3,3,1,1,2,4,1,1,2,5,4,1,4,1,2,1,5,3,2,1,5,5
823,31.4047,30.1114,3,1,5,2,3,4,4,2,1,4,1,3,3,3,3,1,4,1,3,1,1,5,4,3,1,4,1,3,3,2,3,2,4,1,3,4,3,4,4,1,2,3,1,1,4,5,3,5,4,5,1,3,5,3,1,2,5,3,3,1,4,2,3,2,4,4,3,1,1,1,2,1,2,2,4,2,2,3,3,3,4,4,3,1,4,5,3,4,5,1,5,5,5,4,4,3,1,5,3,5
824,31.0415,30.077,4,5,4,2,1,4,2,3,3,3,3,2,5,2,5,4,1,2,1,4,4,3,1,3,2,2,5,2,1,4,4,1,5,4,3,4,3,5,2,2,3,2,3,3,2,2,1,3,2,3,3,2,3,5,3,5,1,3,2,4,4,4,2,2,2,4,2,5,2,2,2,1,2,4,5,1,2,1,5,3,4,2,3,4,4,4,3,5,5,2,5,1,5,5,4,2,1,1,1,3
825,31.2563,30.0159,3,1,5,2,4,4,1,5,1,2,1,1,3,4,5,5,5,2,2,1,5,4,5,1,3,3,1,2,2,4,4,1,2,1,1,4,5,4,5,3,3,2,3,3,2,3,4,1,2,1,3,1,5,4,5,1,5,5,3,3,2,5,1,2,1,1,5,2,2,4,4,4,1,1,2,1,2,1,2,4,3,1,3,2,2,2,1,5,5,2,5,5,3,5,2,1,1,4,3,4
826,31.2974,29.9958,1,3,5,2,3,5,1,3,5,3,1,4,4,2,1,5,2,4,1,5,4,5,1,2,1,2,3,2,3,1,1,1,4,4,2,1,4,4,2,5,5,1,2,1,3,5,5,3,3,5,1,4,1,3,5,3,4,4,3,3,1,2,5,1,2,3,3,3,1,5,2,1,5,4,3,5,1,1,3,3,5,4,5,1,5,2,1,5,2,3,4,4,4,5,3,5,1,5,1,1
827,31.0202,29.9214,5,4,2,3,1,4,1,3,1,4,3,2,2,2,2,1,2,2,4,3,3,2,5,4,1,3,3,4,3,3,5,3,1,5,3,2,3,1,1,3,5,1,4,5,1,5,4,2,3,3,1,1,4,5,5,4,3,5,3,2,5,4,1,2,4,5,3,2,2,3,2,1,4,5,3,2,1,1,4,2,4,2,2,5,1,1,3,1,3,2,2,5,4,2,4,3,2,4,4,3
828,31.0499,30.0283,4,1,1,2,2,4,2,1,2,2,4,2,5,4,2,5,4,3,1,1,5,2,3,1,4,3,1,4,5,4,1,1,4,3,5,4,1,3,5,3,2,3,3,5,4,1,2,1,3,5,5,1,5,3,2,3,5,5,3,4,3,2,5,2,5,1,5,4,1,3,4,2,4,1,4,4,3,1,2,3,5,4,1,1,2,3,1,2,4,1,2,2,1,2,1,1,2,1,5,1
829,31.211,29.926,1,1,4,3,4,5,5,3,3,5,4,1,5,2,1,3,2,2,2,1,3,1,5,2,2,4,3,1,4,4,1,4,4,2,3,3,2,2,3,1,2,4,4,3,4,2,5,2,5,5,2,5,3,5,3,3,3,4,1,2,3,3,2,5,4,4,5,1,1,2,1,1,5,5,3,1,3,3,2,4,5,5,5,3,3,2,4,5,1,3,1,5,1,5,2,2,1,5,2,1
830,31.0475,30.1865,4,1,2,4,5,5,5,4,5,3,4,4,1,2,1,3,2,5,5,1,5,2,2,4,2,4,4,2,3,4,2,4,2,4,4,2,3,5,3,5,5,5,2,5,4,5,5,1,2,1,5,4,2,2,5,3,5,5,2,1,4,5,2,5,1,5,3,3,5,5,2,4,1,5,5,3,4,5,4,1,1,5,1,4,4,5,1,4,2,5,5,1,1,3,4,2,1,3,3,2
831,31.2149,30.1347,4,3,4,1,1,4,1,4,1,2,2,4,5,1,3,4,5,3,4,3,3,4,1,1,4,4,2,3,1,2,2,5,4,5,5,2,3,5,3,3,4,5,4,1,3,1,4,1,3,4,1,4,2,4,1,2,5,2,1,5,5,2,1,3,3,5,1,3,4,2,3,4,3,5,2,1,5,1,5,4,2,4,4,5,3,5,2,3,1,1,4,5,2,1,1,4,5,3,3,5
832,31.4282,29.9212,3,4,3,4,2,5,1,5,5,3,5,3,4,1,5,4,2,4,5,3,4,5,3,4,4,5,2,2,3,5,3,3,3,2,2,1,2,1,5,4,3,3,5,2,4,1,3,1,2,4,2,1,5,5,3,4,3,2,2,2,2,1,2,4,5,4,3,4,4,4,4,3,5,2,1,2,2,5,4,3,2,4,2,3,2,5,4,5,1,5,3,1,4,1,4,4,1,4,1,2
833,31.2595,29.9026,2,4,5,2,2,3,5,1,2,5,3,2,1,3,3,2,2,1,1,4,4,3,5,4,4,3,3,5,4,2,2,2,2,4,1,3,1,5,5,5,1,1,4,2,2,1,2,4,1,5,5,3,3,2,5,4,2,2,1,3,1,1,1,5,1,1,2,3,5,2,1,2,5,5,3,2,2,3,5,2,2,4,1,1,2,5,1,4,3,5,2,1,4,5,2,3,1,5,1,1
834,31.2721,29.9907,5,5,3,2,3,3,2,4,2,3,2,4,4,4,1,3,2,3,5,5,4,3,2,2,2,2,3,2,5,5,3,5,4,1,4,3,2,3,2,3,4,1,1,1,5,5,5,3,5,1,2,1,1,5,4,5,4,5,5,3,5,3,2,5,1,5,4,5,2,4,4,5,3,2,3,1,1,1,4,4,5,4,5,3,2,4,5,1,1,2,1,2,2,4,3,4,3,4,2,5
835,31.0399,30.079,4,1,3,2,1,2,4,5,4,5,5,3,3,1,1,5,1,4,4,2,2,1,3,2,1,5,2,2,4,2,4,2,4,4,5,1,1,2,1,3,2,2,3,3,3,2,4,2,3,3,4,1,1,3,5,3,5,4,2,3,3,4,4,3,5,1,5,1,1,3,2,2,3,2,1,3,4,1,5,2,3,5,5,4,5,1,1,5,2,1,4,2,5,1,2,1,1,1,2,1
836,31.5582,29.9715,5,5,2,3,1,2,3,2,5,5,4,5,1,4,3,5,3,2,5,4,3,2,4,5,2,1,3,5,1,5,3,1,2,1,3,2,1,2,4,2,1,3,5,2,5,3,2,4,4,5,2,5,1,2,3,4,1,4,5,2,3,1,1,4,3,3,2,4,5,3,3,1,3,5,4,3,1,1,5,4,3,4,5,3,3,1,5,2,1,3,2,4,2,1,2,3,1,2,1,2
837,31.4877,30.1359,5,1,5,2,4,4,4,3,4,5,4,5,3,5,5,1,3,3,3,5,2,5,3,2,3,4,5,3,3,3,1,3,2,5,2,5,3,5,5,1,4,2,5,1,1,1,4,2,5,5,5,2,1,2,1,4,5,5,5,4,2,5,5,4,4,3,2,1,4,3,3,5,4,3,3,2,1,2,2,4,2,3,2,4,5,1,2,4,4,4,2,4,1,4,4,2,2,1,5,1
838,31.5047,29.9032,3,1,4,3,4,2,5,3,2,5,4,4,5,4,5,4,2,2,2,5,1,5,4,3,3,3,1,1,4,2,5,2,2,4,5,3,3,3,2,4,3,1,3,1,3,5,5,1,1,4,2,5,4,4,2,2,3,1,5,1,3,5,3,1,5,4,3,1,4,2,3,1,1,3,2,2,4,2,1,2,3,5,4,4,3,5,3,5,2,5,1,3,3,3,1,5,3,1,4,4
839,31.046,29.9313,4,2,4,5,4,3,2,2,4,2,3,3,3,5,4,3,1,4,3,2,5,1,4,3,2,2,1,3,3,4,2,3,2,3,2,3,4,2,2,5,4,2,3,5,4,2,5,1,2,1,1,5,2,4,3,4,5,1,3,3,4,4,1,3,5,4,2,4,4,4,5,3,4,1,1,3,4,3,2,1,1,4,1,4,3,2,5,5,4,2,3,3,3,1,2,2,1,5,3,5
840,31.499,30.0117,4,3,1,3,4,1,5,3,2,3,3,2,5,1,3,4,5,1,3,1,1,5,1,2,2,4,2,5,4,3,1,3,2,1,4,2,4,2,5,3,4,5,4,2,2,2,2,4,3,2,3,3,4,2,1,5,3,3,4,2,3,2,4,1,5,2,4,5,1,1,1,3,1,5,1,1,5,3,1,2,3,4,4,1,5,3,2,2,3,1,3,3,3,2,3,4,4,3,3,1
841,31.5644,30.0597,5,1,2,5,5,1,3,2,3,2,2,2,3,5,4,2,2,1,4,2,3,3,1,2,2,4,4,3,4,5,5,2,5,4,1,3,1,4,2,2,2,3,5,2,2,3,5,4,4,1,2,3,4,5,3,3,3,1,1,3,1,4,5,4,3,5,4,5,1,2,5,1,1,4,3,4,2,2,3,3,4,1,3,2,3,2,5,3,5,4,1,4,1,5,3,1,1,1,4,2
842,31.023,30.1911,5,4,1,1,4,1,4,4,2,5,4,4,4,1,1,3,2,3,2,4,1,2,2,4,2,3,4,4,4,5,2,4,1,2,1,2,5,2,2,5,5,2,2,2,3,1,3,4,3,1,4,5,3,1,4,4,5,1,5,4,1,2,1,1,4,5,1,2,3,3,3,3,2,3,5,4,5,3,1,1,3,1,2,4,4,2,2,1,4,2,2,3,5,1,3,5,5,1,1,5
843,31.5259,30.1742,2,1,2,1,1,1,4,2,5,4,5,1,3,2,5,5,3,1,2,5,5,2,4,2,3,2,5,1,4,3,1,4,3,4,3,2,3,4,1,4,5,3,5,1,4,4,2,2,4,5,1,4,1,1,3,3,5,5,5,5,1,3,1,1,2,2,5,4,4,1,3,5,4,4,5,4,2,1,1,2,3,5,4,2,3,4,1,5,3,2,5,3,5,3,1,1,3,1,1,4
844,31.4785,30.0328,1,3,4,4,3,1,2,4,3,3,4,1,5,2,1,4,2,4,2,4,1,1,4,1,5,1,4,1,3,2,1,1,2,5,2,5,5,4,1,3,5,1,1,4,4,4,3,2,1,3,2,3,5,3,4,3,5,5,3,5,3,3,4,2,4,2,2,2,4,4,4,3,3,5,4,4,2,2,5,3,3,5,2,1,1,4,5,1,1,3,1,5,4,5,4,1,1,3,5,4
845,31.1503,30.0962,3,3,5,4,4,4,5,1,5,3,4,3,1,3,5,4,1,5,3,5,1,1,1,1,5,3,1,3,5,4,2,1,1,5,5,4,1,2,3,3,1,1,2,5,2,2,1,5,5,1,1,4,2,5,2,2,1,4,1,4,5,2,3,2,3,1,4,5,5,3,5,1,1,3,1,4,3,3,3,2,1,3,1,1,2,4,2,1,3,4,5,3,3,5,2,3,3,2,5,4
846,31.098,30.196,5,1,4,2,2,3,5,3,2,2,3,3,1,5,1,2,1,3,1,1,4,5,4,3,3,3,3,4,4,5,2,2,5,3,3,2,3,3,1,5,2,3,4,2,4,5,2,5,4,2,5,4,4,5,5,3,4,5,3,3,5,4,4,1,3,2,3,2,4,4,5,3,1,5,4,1,3,2,1,5,1,5,5,1,3,4,4,5,2,1,4,4,5,5,1,5,5,5,2,1
847,31.471,30.1993,3,3,1,4,1,1,2,4,3,4,4,1,2,2,3,3,3,1,5,4,2,2,3,2,4,5,5,5,3,5,4,4,5,4,3,1,1,3,1,5,3,3,3,3,5,4,1,1,5,2,2,5,2,3,2,4,4,1,1,1,3,2,2,4,2,5,3,5,3,2,5,4,5,2,2,1,4,1,3,4,2,3,2,2,4,4,5,2,1,3,2,1,1,2,3,3,2,5,4,1
848,31.0848,29.9348,4,5,5,3,2,4,1,2,2,1,4,1,5,2,1,4,2,5,3,1,5,1,3,3,2,4,5,4,2,2,1,4,2,3,3,4,5,2,3,5,1,2,1,2,3,5,5,4,2,2,3,5,3,5,1,2,2,1,2,5,3,2,1,4,3,5,4,2,4,3,3,4,5,4,1,3,5,5,5,1,2,3,2,5,2,1,2,4,4,1,3,4,2,1,1,5,5,2,3,3
849,31.0627,30.1594,3,4,2,1,3,2,2,3,3,4,4,4,5,3,3,2,2,3,2,2,2,2,2,2,3,2,1,5,4,3,3,4,2,5,2,2,5,3,3,3,4,1,3,1,4,4,4,1,4,2,4,4,3,3,1,5,5,2,4,2,3,1,5,3,5,2,1,5,4,2,3,4,1,5,5,4,3,1,5,1,1,4,5,4,1,3,1,5,3,2,1,3,4,2,4,1,5,5,1,3
850,31.4543,29.9715,3,2,5,4,5,2,5,2,3,4,3,3,3,3,1,2,2,1,3,2,1,3,2,5,5,4,4,5,4,3,3,5,4,5,4,3,4,1,1,3,2,4,5,3,3,3,3,2,3,4,5,1,2,2,5,2,1,5,3,5,3,4,5,3,2,2,3,4,2,5,4,1,3,1,1,5,5,2,1,2,2,3,4,2,2,2,5,5,3,2,2,4,5,2,2,3,4,1,5,2
851,31.4804,29.9614,4,1,4,4,1,1,2,4,3,4,3,1,5,4,2,4,4,1,3,3,3,3,5,3,4,3,5,1,3,5,1,4,4,1,5,1,1,3,3,3,1,4,3,1,2,1,4,1,4,3,2,3,4,5,5,3,2,4,4,2,3,5,2,3,1,2,2,1,4,3,2,1,1,4,5,5,1,2,4,4,5,5,3,1,3,5,1,2,3,2,1,2,2,2,2,3,3,5,1,3
852,31.4848,30.1229,3,5,4,5,4,4,3,1,5,1,5,3,3,5,2,5,5,5,1,3,4,3,2,1,2,2,1,5,1,3,3,3,5,2,3,3,3,3,5,3,1,2,1,2,4,4,5,3,5,3,1,2,5,2,3,3,2,2,1,5,4,2,4,2,2,4,2,1,3,5,1,5,5,4,2,5,2,3,2,4,5,1,4,5,1,3,2,5,5,1,5,3,4,4,1,3,5,2,2,3
853,31.1585,30.178,1,4,5,3,2,2,2,2,3,3,2,1,1,3,2,3,3,5,2,4,1,5,3,3,1,5,2,2,3,1,4,5,3,4,4,3,3,1,3,1,4,4,2,3,1,2,4,4,2,5,1,3,5,4,3,1,2,4,1,4,2,2,2,5,5,5,4,3,4,1,1,2,1,3,4,5,4,3,4,5,2,4,4,2,2,4,4,1,1,3,4,1,5,2,4,5,1,1,3,4
854,31.5414,30.0238,5,2,5,5,1,5,4,5,5,3,5,4,1,5,3,2,4,3,5,4,4,3,2,4,4,5,4,5,5,2,4,2,3,3,1,1,4,3,2,1,1,3,5,4,4,1,1,2,5,1,2,3,1,5,1,3,1,1,4,3,2,5,5,2,4,2,3,4,1,2,2,3,3,3,1,2,1,5,4,5,5,5,4,2,2,5,4,1,4,4,4,2,4,2,4,5,1,2,1,1
855,31.1918,30.062,5,3,1,5,4,2,3,5,5,5,5,3,1,4,2,3,2,2,4,3,2,3,1,1,3,3,2,3,1,4,5,1,1,5,1,4,1,3,1,3,5,4,1,4,4,4,3,3,1,1,5,2,5,2,4,1,2,5,4,2,4,1,2,3,3,5,2,1,5,1,3,2,1,1,5,1,3,4,5,4,1,1,3,2,1,2,5,2,3,2,5,1,3,1,3,1,2,4,2,1
856,31.4704,29.9051,1,1,3,4,3,2,5,3,3,5,3,2,4,2,1,3,3,5,3,4,3,2,2,1,2,3,1,3,1,3,4,2,2,1,4,1,3,3,5,4,5,1,1,2,3,4,4,1,2,3,2,4,2,2,3,1,2,2,2,5,4,5,3,1,1,3,3,4,5,5,2,3,4,4,4,1,2,2,1,4,4,4,3,1,1,4,3,4,4,4,1,1,5,2,5,3,1,1,1,2
857,31.5406,29.9364,5,5,4,2,2,3,5,5,4,3,4,2,4,3,1,5,2,1,2,2,2,4,1,5,4,4,2,4,2,1,5,1,4,1,1,1,4,5,3,1,2,3,3,1,1,5,2,1,2,3,4,5,3,4,3,1,3,4,3,3,4,5,3,2,3,4,5,3,5,2,5,1,4,2,3,1,2,4,2,3,4,3,3,2,1,3,5,5,5,2,5,5,3,1,5,3,4,5,3,2
858,31.1597,30.0195,5,5,2,5,1,4,2,4,2,1,5,4,2,4,3,5,2,4,5,5,2,1,4,5,5,5,1,5,4,1,3,2,1,1,5,3,5,2,3,5,5,2,5,5,1,4,5,3,1,2,5,3,3,5,2,1,1,5,5,5,1,4,4,1,3,5,3,4,4,1,2,5,1,4,4,3,4,4,3,3,3,2,4,1,1,1,1,2,5,2,1,4,3,5,5,2,4,3,4,1
859,31.487,30.131,1,2,4,5,4,1,4,4,2,3,1,3,4,3,3,5,2,1,3,5,5,5,5,3,4,5,5,1,1,5,5,2,2,1,3,1,2,3,3,4,4,5,2,2,1,1,2,4,5,2,4,2,2,5,4,2,2,4,3,1,4,2,5,1,1,1,2,3,1,4,5,5,2,1,3,2,3,2,1,1,2,1,3,4,3,3,3,2,5,2,4,5,5,1,2,4,5,3,4,4
860,31.3326,30.1911,3,2,1,3,2,1,1,2,3,4,2,3,5,3,4,3,4,2,4,5,1,4,2,4,1,2,3,5,1,2,4,4,5,2,4,1,1,5,2,5,3,1,1,2,5,4,4,2,3,3,4,4,5,2,4,4,3,4,3,5,4,5,5,4,3,3,3,3,4,4,3,5,5,4,4,2,5,2,3,2,4,1,4,5,5,4,3,2,4,1,5,2,3,5,2,2,3,5,5,5
861,31.118,30.0606,4,3,3,2,5,1,2,1,3,5,4,2,1,1,5,3,4,2,5,1,1,1,2,3,4,4,2,2,4,2,3,3,4,5,1,5,5,5,5,1,1,3,3,3,3,5,1,5,1,4,3,4,1,4,1,5,1,2,4,5,5,4,2,5,1,5,3,4,5,2,5,2,1,4,5,1,5,1,5,5,5,1,1,5,3,1,2,2,1,4,5,3,2,4,5,2,5,4,5,1
862,31.4641,30.0099,5,5,5,4,3,1,2,5,4,1,5,3,1,1,3,4,1,1,4,3,2,5,2,2,2,5,1,5,2,5,4,3,2,5,1,4,2,1,3,1,5,3,4,1,1,1,3,1,3,1,5,4,4,5,3,3,3,1,5,1,3,1,3,3,1,2,1,4,1,1,5,5,2,3,3,1,5,5,5,5,5,4,3,4,5,3,3,4,4,3,4,1,2,3,3,3,3,5,4,2
863,31.2577,30.1591,5,3,1,1,4,4,2,1,5,1,3,2,5,4,2,4,1,5,5,1,2,1,2,2,3,3,3,3,2,5,5,3,3,4,5,2,2,4,1,4,3,2,1,3,5,4,3,1,5,2,5,1,3,5,3,3,5,1,4,4,2,2,2,2,5,1,4,4,4,5,3,4,4,1,1,1,5,3,5,1,5,3,4,2,5,3,5,1,2,2,1,4,5,2,1,3,4,1,3,1
864,31.5384,29.951,4,2,3,5,4,3,3,5,5,2,2,3,2,5,4,4,4,1,2,2,4,5,3,5,5,1,4,4,5,3,3,1,2,4,3,2,3,2,4,2,2,4,1,3,5,5,2,2,5,5,5,1,3,5,3,3,2,3,1,1,3,2,4,2,2,5,1,3,2,2,1,4,2,1,4,1,2,2,5,4,5,4,2,3,4,3,4,3,4,5,1,2,5,2,2,4,5,1,1,2
865,31.1047,29.9337,1,4,5,2,3,2,4,1,3,3,1,3,4,1,3,2,1,5,1,3,3,2,2,2,3,2,2,3,1,4,5,2,1,3,5,2,2,1,5,3,4,2,5,1,3,2,3,4,5,5,4,2,3,3,2,1,5,5,2,3,3,4,2,4,5,2,2,1,5,4,3,2,1,3,1,5,3,1,1,3,1,3,4,1,2,3,5,2,1,5,1,3,2,1,1,3,3,3,1,3
866,31.0708,30.1756,5,3,2,1,1,2,3,4,3,1,4,4,5,1,2,1,1,5,2,3,2,5,2,5,3,2,5,5,3,2,2,3,4,1,4,1,5,1,2,2,2,2,5,4,1,1,1,1,4,5,2,2,4,1,1,1,1,4,2,5,5,4,2,4,3,4,5,1,4,1,4,1,4,5,2,5,5,2,1,2,3,3,1,5,5,5,4,4,3,4,1,1,1,4,1,4,2,3,5,3
867,31.4143,30.0025,3,2,4,5,5,1,2,1,2,1,4,2,1,2,3,3,4,1,4,1,2,4,4,2,2,2,2,3,3,3,4,5,4,5,4,4,1,1,5,4,2,3,1,5,3,1,5,2,5,5,2,3,5,5,5,4,5,3,1,4,3,1,4,4,3,3,2,1,2,1,3,5,4,5,2,5,1,4,4,2,3,2,1,2,1,5,2,4,4,3,1,2,3,3,4,1,2,5,4,2
868,31.2288,29.919,2,2,1,2,4,1,3,5,3,4,1,1,2,4,5,1,4,2,4,3,3,5,5,5,2,4,3,5,4,2,5,4,2,1,1,3,2,4,3,2,5,3,5,1,1,5,1,3,2,3,4,5,3,1,2,2,5,5,1,5,4,3,1,4,2,1,4,5,5,3,4,2,1,1,5,2,5,3,2,5,1,4,5,1,5,4,3,2,2,3,1,2,4,1,4,4,1,2,1,5
869,31.0922,29.9446,5,1,2,4,3,2,4,2,5,4,4,4,1,5,5,3,5,2,1,1,5,2,1,2,3,2,4,2,1,1,5,2,5,2,5,5,2,2,5,2,1,3,3,4,4,2,4,4,1,1,2,2,3,4,5,1,5,1,3,1,2,3,1,1,4,2,5,5,2,1,1,3,4,5,4,1,2,4,3,5,1,1,3,2,2,3,2,5,5,2,2,4,5,2,1,3,1,2,5,5
870,31.1017,30.1195,2,2,3,1,3,2,1,5,4,4,2,3,2,4,4,4,3,4,2,1,4,4,3,3,4,5,5,4,4,2,2,4,4,4,5,3,3,2,2,2,2,4,4,2,4,3,5,3,2,3,4,5,3,3,5,1,4,1,3,3,1,3,4,5,3,3,1,3,4,4,4,4,1,1,3,1,2,1,2,5,5,4,3,4,2,2,4,5,2,4,5,5,4,5,1,1,4,3,5,2
871,31.3207,30.039,4,2,1,2,4,1,5,2,4,5,3,1,4,4,4,3,5,2,5,1,4,5,1,4,1,4,2,4,3,2,2,2,2,2,2,3,5,2,4,1,1,1,5,4,1,3,1,5,1,3,4,4,4,4,4,5,2,4,5,3,5,2,5,4,5,1,5,4,4,1,2,5,3,1,3,1,2,2,1,5,5,4,5,2,2,4,3,3,1,1,1,1,5,1,1,4,2,4,3,1
872,31.5857,30.0583,5,2,5,1,2,5,4,4,2,1,5,5,5,2,5,4,2,2,2,1,4,4,4,5,3,2,3,4,1,5,5,1,1,1,1,1,3,4,5,2,4,4,2,1,1,2,2,2,4,2,3,3,5,1,5,4,2,5,3,5,2,1,3,1,2,1,2,5,4,4,5,2,1,1,2,5,2,5,3,2,1,1,1,2,3,4,2,2,5,2,3,3,1,1,3,4,5,4,2,3
873,31.0737,29.937,4,2,4,2,5,2,5,5,4,2,1,3,1,2,3,2,3,1,2,4,1,4,3,4,2,2,4,1,4,5,5,2,2,3,3,2,4,3,5,2,4,2,1,3,4,5,5,4,5,4,4,1,5,5,3,3,5,5,4,2,1,2,5,2,2,5,5,3,5,1,2,5,5,5,1,2,1,1,3,2,5,1,2,1,1,2,2,2,4,5,1,3,1,4,5,3,4,1,4,4
874,31.1173,30.1525,1,4,3,3,4,1,4,3,1,1,3,1,5,5,5,4,2,5,1,5,1,1,5,4,2,5,3,3,1,3,4,2,3,3,4,4,4,1,2,5,4,4,5,1,5,1,2,2,1,1,4,3,2,2,2,2,5,2,4,5,5,2,3,2,2,2,4,4,5,2,1,1,2,2,5,5,5,2,5,4,2,2,2,2,5,4,4,3,1,4,3,4,3,3,4,5,2,3,3,3
875,31.2993,30.0399,5,2,3,3,4,1,3,4,4,5,2,5,1,2,1,4,3,4,4,3,5,3,3,5,2,3,4,5,2,5,5,4,3,2,2,1,2,1,4,3,1,2,5,2,3,2,2,5,2,1,5,5,4,5,5,1,2,3,3,2,4,4,4,5,5,2,2,1,2,1,4,5,2,5,5,3,1,1,1,4,3,5,5,1,4,2,5,2,1,1,5,2,5,2,3,5,3,4,5,3
876,31.4379,30.0183,3,3,5,4,4,1,1,1,2,1,1,5,2,2,2,5,2,4,4,2,5,2,1,5,3,1,4,3,1,1,2,5,4,5,5,3,1,4,4,1,5,2,3,3,4,1,5,2,1,1,3,3,1,4,4,4,4,2,2,4,3,3,4,4,5,1,4,2,2,4,2,5,4,1,3,4,4,2,5,4,5,3,3,2,4,1,1,3,4,1,3,4,3,2,5,4,1,5,2,4
877,31.2631,30.0179,1,4,2,1,1,5,2,4,2,1,4,1,5,3,2,5,2,1,1,2,2,5,5,4,1,3,5,4,1,5,1,4,4,2,4,2,3,3,2,3,3,3,4,4,3,2,1,1,3,2,4,5,1,2,1,4,3,4,3,2,3,2,4,2,4,4,4,2,4,5,3,3,5,4,2,2,2,4,4,1,5,1,5,3,2,1,2,5,1,3,5,1,4,2,1,3,4,2,2,4
878,31.3277,30.0535,1,1,2,3,3,1,2,4,1,5,2,3,2,2,2,4,2,3,1,1,5,2,3,5,3,1,4,4,5,2,5,5,5,2,2,4,4,5,5,5,5,4,1,5,5,1,1,5,1,5,4,1,2,2,1,2,2,4,2,1,3,5,2,5,4,3,4,3,2,1,2,4,3,4,3,5,3,4,1,3,4,3,3,4,1,2,3,5,4,4,3,2,2,5,4,3,3,2,1,5
879,31.538,30.1613,3,3,4,5,5,5,3,5,3,5,3,3,3,1,3,3,5,4,3,2,4,2,4,5,3,3,1,4,5,5,2,1,3,2,1,1,1,3,5,1,4,5,4,3,4,1,3,5,2,3,5,5,3,1,1,2,4,4,2,3,4,4,2,2,5,1,2,4,1,1,1,2,5,5,5,3,4,2,2,3,1,1,5,3,1,1,2,1,3,3,1,3,1,1,3,1,4,3,1,4
880,31.2422,29.9089,3,5,3,3,1,5,1,2,1,5,4,2,1,1,4,2,1,2,3,4,5,2,5,5,1,1,5,4,2,5,3,4,4,1,2,4,3,1,3,5,1,5,5,2,4,5,4,1,2,3,2,3,3,1,5,5,2,3,5,2,1,2,1,1,4,2,1,2,1,5,1,5,4,2,1,5,4,5,2,4,5,2,1,2,4,4,1,1,3,2,5,2,4,3,2,1,2,1,2,5
881,31.3198,30.1784,2,3,1,2,3,3,1,3,5,5,1,5,3,5,1,3,2,3,2,2,1,5,1,1,1,4,3,5,1,4,5,5,3,2,1,3,2,3,3,3,1,3,4,4,2,3,2,3,2,2,1,2,5,3,3,5,2,4,1,5,4,1,4,3,4,1,2,5,3,1,3,2,4,4,5,5,4,5,2,5,4,2,1,3,4,3,5,5,3,3,1,3,2,3,1,4,5,3,1,2
882,31.3516,29.9965,1,1,4,3,4,2,3,1,2,2,3,1,4,2,5,2,5,3,3,4,2,5,4,3,1,3,2,5,5,5,4,5,5,5,5,4,2,3,1,1,2,3,3,1,1,2,3,5,5,3,1,2,4,3,1,3,1,2,5,2,5,3,5,4,4,3,3,2,3,2,3,3,3,5,2,5,4,2,5,5,1,4,1,4,1,3,4,3,3,1,1,5,5,3,4,5,3,3,2,2
883,31.5599,30.0996,1,4,3,1,2,5,5,2,3,5,5,3,4,3,5,1,4,2,5,1,3,1,5,1,3,3,1,2,1,1,4,4,5,4,1,2,1,4,4,3,2,4,2,4,3,1,2,5,1,2,1,5,2,1,5,4,3,2,1,5,2,1,5,5,4,1,3,5,1,1,1,3,3,3,5,3,4,5,1,5,2,2,5,3,2,1,2,2,5,5,2,5,3,1,3,1,3,4,4,1
884,31.0577,29.9302,3,4,2,3,1,3,5,3,2,5,1,1,5,3,4,5,1,4,1,3,5,4,1,5,1,5,3,2,3,2,4,5,3,1,5,3,3,5,3,4,2,5,4,5,5,2,1,3,2,4,3,3,5,5,5,3,5,4,3,4,2,2,5,3,5,2,2,5,5,3,3,1,4,2,2,2,5,4,4,5,3,5,1,3,1,3,4,3,4,3,1,3,1,5,3,5,4,5,4,3
885,31.3615,30.0304,5,4,4,1,1,1,3,1,4,5,1,4,5,1,3,2,4,2,2,2,4,1,2,5,5,4,5,5,4,2,3,4,5,3,3,2,4,2,2,1,5,1,5,2,5,3,1,5,1,4,4,1,1,2,3,4,1,1,1,3,3,2,4,2,5,4,2,5,1,5,3,4,3,3,3,4,2,3,4,2,1,4,4,4,2,4,4,1,1,5,3,3,1,4,4,2,1,4,4,4
886,31.3201,29.9718,3,3,2,5,5,2,1,1,5,4,2,2,1,2,5,5,5,1,1,3,1,3,1,4,2,3,1,2,3,4,3,4,4,1,1,3,4,3,2,1,1,3,5,2,4,1,2,2,1,3,4,4,5,1,4,3,2,4,4,1,2,2,1,4,3,5,2,4,5,5,4,4,5,3,5,3,2,1,3,3,5,5,3,1,5,4,2,5,5,3,4,4,2,5,3,1,5,4,1,2
887,31.1277,30.0144,3,5,1,5,3,2,3,4,3,4,1,1,4,5,2,2,4,5,4,4,4,4,1,4,5,5,4,4,2,5,3,4,2,4,1,2,2,2,4,1,4,4,2,1,2,2,4,3,3,4,2,1,2,5,3,1,5,5,1,1,5,3,1,1,3,5,5,2,3,1,5,1,3,4,4,4,5,5,4,5,1,2,1,3,5,3,3,5,3,3,3,5,3,5,3,5,5,2,4,2
888,31.1949,30.0645,3,4,5,1,3,2,3,5,5,5,5,5,3,5,1,4,1,1,2,5,5,4,5,5,1,2,5,4,2,3,2,2,4,5,2,3,5,2,5,5,4,3,2,1,5,5,3,5,3,1,3,2,3,3,3,1,1,5,4,2,3,5,2,5,2,4,5,2,1,4,4,2,1,2,1,1,3,2,5,5,4,3,3,1,5,5,4,4,2,2,1,2,5,4,5,2,2,4,2,2
889,31.3911,30.0499,3,3,1,4,5,5,1,3,2,1,5,2,2,3,5,3,2,1,3,2,4,4,1,5,4,4,4,1,4,1,4,2,1,4,5,1,1,5,2,4,3,2,4,4,1,4,3,1,4,2,4,3,5,3,4,2,1,1,4,5,3,2,2,3,2,5,3,4,1,3,2,5,1,2,4,4,1,3,5,4,1,4,1,1,2,2,5,1,2,2,4,2,3,1,3,3,1,2,2,2
890,31.2023,30.0976,4,3,2,4,2,5,5,4,2,2,5,5,3,4,4,4,4,1,5,1,1,1,3,4,4,3,3,1,2,2,1,4,2,2,1,3,5,3,2,4,5,1,4,5,3,5,2,2,2,4,4,2,4,5,4,1,1,2,4,1,4,4,2,1,2,2,1,3,2,2,3,5,3,2,3,4,4,5,3,4,1,4,3,3,2,4,3,5,1,2,4,2,1,3,2,4,1,1,3,1
891,31.4292,29.91,2,3,4,4,3,4,3,3,4,1,4,5,3,4,3,3,2,2,2,2,5,3,2,3,4,1,5,2,1,3,3,2,5,3,2,4,3,1,3,1,5,4,5,2,1,4,5,4,2,2,3,2,3,4,5,4,5,5,4,5,3,3,5,3,4,1,4,3,4,1,1,1,4,2,4,1,3,4,3,5,5,5,1,1,2,4,4,3,3,3,2,1,1,2,1,3,2,3,4,1
892,31.5567,29.9195,3,1,1,4,4,5,2,3,1,1,5,4,2,3,3,1,5,3,2,5,1,5,5,5,5,3,5,1,2,1,1,5,5,2,5,4,2,4,4,2,3,3,4,1,2,3,5,1,5,1,3,2,2,1,3,2,2,5,5,5,5,2,1,3,5,2,3,1,4,3,4,3,5,5,1,5,4,4,4,4,4,5,5,1,2,4,4,5,5,5,4,4,3,4,1,3,1,4,4,4
893,31.21,30.0029,4,1,5,1,4,1,1,1,4,3,5,4,2,3,2,3,1,3,1,4,1,2,4,4,2,3,5,2,3,1,2,2,1,4,2,3,3,4,5,1,3,4,4,2,2,5,3,1,1,2,1,5,4,3,5,5,2,5,3,2,5,5,5,3,2,5,4,5,3,4,1,1,2,5,2,5,3,2,5,4,2,1,2,4,5,2,2,5,5,1,1,5,3,2,4,5,3,4,4,1
894,31.391,30.1033,5,2,4,4,1,1,3,2,5,2,4,2,4,4,2,4,1,2,5,3,4,3,3,4,1,1,3,2,1,1,2,3,1,5,5,3,1,2,4,1,3,5,2,4,2,5,5,5,5,4,5,3,4,1,2,2,1,1,3,5,5,3,4,4,4,1,2,5,2,4,3,1,3,1,2,5,2,3,2,4,2,4,3,2,3,1,3,2,2,4,1,1,3,5,1,1,4,4,2,2
895,31.4773,29.9496,3,3,3,5,4,5,3,3,1,3,4,5,4,3,1,4,4,2,4,3,5,4,2,4,2,3,3,2,2,5,2,5,1,3,5,4,3,5,5,3,5,1,3,1,1,1,4,5,2,2,2,5,4,3,4,5,3,2,1,2,4,1,1,3,5,2,3,1,4,3,2,3,1,1,1,4,5,1,4,3,4,1,5,2,5,1,2,5,2,1,4,3,5,1,1,4,2,1,5,1
896,31.1279,30.1492,5,4,5,1,3,3,1,5,1,1,5,3,3,2,4,5,1,5,4,5,2,1,5,5,1,2,1,2,4,4,1,2,2,4,3,2,5,1,2,1,5,1,2,2,2,1,1,4,1,1,4,1,4,1,5,2,3,1,1,5,5,1,1,3,5,5,1,2,3,4,1,3,4,2,3,4,4,1,3,2,1,3,5,3,4,3,5,1,4,3,4,1,5,3,1,5,2,1,3,4
897,31.1285,30.0113,5,3,1,4,5,4,5,5,4,4,1,1,1,4,4,3,1,4,5,2,1,2,5,1,5,2,1,3,3,5,2,4,5,5,5,4,1,3,1,2,4,5,2,2,3,3,5,5,1,2,5,3,5,2,1,1,1,5,1,4,5,2,4,5,1,2,3,5,3,5,3,5,2,5,2,4,4,5,1,2,2,4,1,1,4,5,4,2,5,1,2,5,2,3,4,2,2,4,5,3
898,31.5844,30.0562,3,2,3,3,2,5,4,3,5,3,3,3,5,5,3,1,3,2,4,5,3,5,4,5,2,1,4,5,5,2,1,1,3,5,1,1,4,3,1,2,1,4,3,4,4,2,4,1,3,2,2,5,5,3,2,1,5,3,5,4,3,3,1,5,5,4,1,5,3,3,1,2,4,4,5,3,2,1,1,3,2,3,4,4,1,1,4,5,5,5,1,5,5,1,5,5,1,5,5,4
899,31.0899,30.1677,2,3,4,4,1,2,3,3,5,1,1,3,5,3,4,4,5,4,3,4,4,4,3,3,2,1,5,5,3,4,2,2,2,1,1,5,2,2,1,2,1,4,2,2,5,3,3,3,1,1,2,5,3,1,1,2,5,1,4,3,4,2,5,5,1,4,1,2,2,4,2,3,5,1,5,4,5,1,3,4,1,2,1,4,2,3,5,3,2,3,5,2,5,5,2,4,5,3,1,5
900,31.4373,30.1228,2,2,2,4,4,2,1,5,2,5,1,3,1,1,4,1,5,1,5,1,4,1,2,4,3,3,2,1,3,1,4,5,2,4,1,4,5,1,5,2,2,5,4,1,3,3,5,1,5,2,1,1,2,4,5,1,5,1,1,3,3,5,4,3,3,4,4,2,4,5,3,4,4,3,2,4,2,3,3,3,2,4,2,5,3,3,5,3,2,1,4,5,5,1,2,3,5,1,2,1
901,31.1908,29.9225,3,2,5,4,4,5,1,3,5,4,3,1,1,2,5,5,3,2,5,5,4,2,1,5,1,5,5,5,3,3,5,5,4,5,3,5,2,4,5,2,4,4,1,5,3,4,2,2,4,3,5,4,3,4,1,3,2,3,5,5,2,1,4,1,4,2,4,4,4,2,3,1,1,4,5,4,2,1,3,1,5,1,5,5,1,5,4,1,5,4,3,1,1,1,1,2,2,5,5,4
902,31.1111,30.0871,5,2,2,5,1,5,1,4,5,3,2,2,4,2,2,5,2,1,2,3,2,4,4,4,4,5,1,2,3,2,2,2,5,1,2,3,4,4,1,4,4,3,1,2,1,1,2,5,1,1,1,5,1,2,1,3,2,3,5,3,5,4,2,4,2,3,5,1,4,3,5,2,3,4,1,4,1,4,2,5,5,3,5,4,5,4,2,1,3,4,1,4,1,1,5,2,3,4,5,3
903,31.5419,29.9048,2,2,4,5,1,1,5,5,4,5,2,1,1,4,5,1,3,1,1,4,3,1,2,3,3,1,2,4,3,5,1,3,5,3,2,5,4,5,1,1,2,5,2,2,4,1,2,2,4,2,5,5,1,5,2,1,3,5,2,1,5,4,2,4,4,5,1,5,4,1,1,1,5,1,3,1,1,2,4,5,1,1,5,3,2,3,2,1,4,3,5,3,2,2,1,2,3,5,1,5
904,31.0678,30.104,2,5,3,4,5,4,4,3,4,3,4,2,3,5,2,4,1,1,4,3,5,5,2,1,1,2,3,2,1,3,3,3,3,2,1,3,4,2,4,1,4,3,1,2,1,1,3,2,2,3,5,1,1,4,2,5,1,2,1,5,5,4,3,4,5,1,3,3,3,1,4,1,1,1,1,2,1,5,1,2,3,5,1,4,5,5,2,2,3,2,2,4,4,1,5,5,4,2,1,3
905,31.0164,30.0871,1,2,5,1,2,1,3,5,1,4,5,2,3,3,4,2,1,1,2,4,4,4,3,2,2,5,4,1,1,4,3,2,5,3,4,5,2,2,3,4,1,2,1,5,5,3,4,2,3,5,1,3,3,3,3,2,1,3,3,2,2,1,4,1,1,5,3,5,5,3,2,3,1,1,2,3,3,5,2,5,2,3,4,3,2,2,4,1,3,5,1,1,5,4,1,4,5,1,5,2
906,31.5675,30.0329,2,4,1,1,1,4,4,2,1,2,2,2,3,3,2,2,3,2,5,5,1,2,4,2,2,4,5,4,2,3,5,4,5,5,5,5,4,5,5,3,5,5,4,5,5,2,2,3,2,5,5,3,1,4,3,5,4,4,1,3,5,4,4,5,2,4,5,5,4,2,5,4,3,5,4,1,3,2,4,5,2,4,2,4,5,2,4,1,3,2,2,4,5,4,1,3,5,1,4,2
907,31.5716,29.9957,4,2,3,1,2,5,2,3,1,4,2,2,1,5,5,3,4,1,1,1,5,2,3,5,5,1,3,4,2,1,3,1,2,3,3,3,4,5,2,3,1,5,5,5,3,2,1,5,2,4,2,1,4,5,1,1,5,4,1,3,3,1,2,3,3,1,1,5,1,4,4,5,1,5,1,4,4,3,2,5,3,3,5,2,4,5,2,3,2,5,2,5,4,2,5,3,3,4,4,4
908,31.3552,30.0166,3,5,4,3,2,5,4,1,4,3,2,1,3,3,2,4,4,5,4,2,4,4,5,3,1,5,2,3,3,3,1,4,2,5,4,3,1,2,5,2,5,4,3,4,1,2,2,1,4,3,4,5,2,5,1,3,5,2,3,5,4,1,3,3,1,2,1,1,5,5,2,5,2,2,3,4,2,4,5,5,2,3,5,1,5,5,4,2,1,5,3,1,3,5,1,3,1,4,1,2
909,31.3268,30.1767,5,5,1,2,4,1,1,1,1,2,2,2,4,4,3,4,5,3,4,1,4,2,2,2,1,2,5,2,2,5,3,1,1,1,5,3,5,3,1,3,5,4,4,1,3,4,4,3,2,1,4,5,3,4,1,3,4,5,3,2,2,3,4,4,2,1,1,3,4,2,5,3,5,5,3,5,1,1,4,2,2,4,1,4,2,1,4,2,4,1,4,3,5,5,2,4,3,3,4,5
910,31.2197,29.9604,3,5,3,1,2,2,5,1,2,5,1,1,1,5,3,5,4,1,1,3,1,1,3,4,4,2,5,4,3,1,1,2,1,4,5,3,2,2,5,5,2,5,2,3,1,4,4,1,2,1,3,2,2,3,3,2,1,4,1,1,4,5,1,5,3,4,1,4,1,5,5,3,1,2,3,3,4,4,4,3,5,4,3,3,3,1,2,3,3,5,1,5,1,2,3,4,3,5,4,2
911,31.1959,30.0042,3,3,2,5,4,2,2,3,1,5,1,3,3,4,5,1,1,5,5,2,3,5,2,2,3,5,4,4,5,5,1,4,2,1,3,4,3,4,4,5,2,4,3,4,1,4,5,1,3,2,1,3,2,4,5,3,2,2,2,5,3,5,1,2,4,5,3,1,2,3,3,5,4,2,4,3,3,5,3,4,5,1,1,1,5,4,2,4,5,2,2,2,5,2,1,3,3,4,5,1
912,31.4319,30.0067,5,3,4,4,3,2,3,3,1,1,2,3,3,5,2,3,4,2,4,4,5,3,1,3,3,5,2,3,3,5,3,5,2,1,3,5,2,2,3,5,5,2,4,2,1,3,2,2,1,5,5,5,5,4,1,2,4,5,2,3,1,1,1,2,3,3,5,3,2,2,4,4,1,1,3,5,3,3,4,3,4,1,1,5,5,3,3,3,1,2,1,3,4,3,3,1,1,2,4,2
913,31.1699,29.9231,1,4,3,1,4,1,5,3,1,4,2,3,1,2,1,2,3,3,4,3,1,2,1,4,1,2,3,2,5,1,3,3,3,4,3,4,1,1,4,5,3,1,3,5,1,4,5,2,1,2,1,2,4,2,4,3,1,3,4,2,2,1,1,4,1,3,4,1,4,3,5,2,3,2,2,5,1,2,1,1,2,1,3,1,2,4,3,1,3,2,4,1,1,2,2,5,2,1,1,3
914,31.0178,30.0535,4,5,1,3,1,2,1,3,2,2,4,3,1,5,4,2,5,3,5,3,5,2,5,1,2,4,4,1,2,1,2,5,5,4,2,3,5,2,4,1,2,4,2,3,1,3,3,5,3,3,2,1,4,5,3,2,1,2,1,2,3,3,1,4,5,4,4,1,2,2,5,3,1,3,4,3,4,4,4,2,2,3,2,3,4,3,3,5,4,3,3,2,1,3,1,3,4,3,5,3
915,31.4942,29.9653,4,2,5,3,1,1,2,1,4,5,5,2,2,4,3,1,2,2,2,1,1,5,5,5,5,2,5,2,2,5,2,4,4,1,2,1,1,1,2,2,4,4,2,1,4,1,2,2,2,5,1,3,5,4,5,3,5,5,5,3,3,5,5,5,4,3,2,5,5,4,5,1,4,5,5,1,3,3,1,3,5,3,3,5,1,5,2,3,3,1,2,2,2,5,5,3,5,2,4,4
916,31.0898,29.9112,4,3,4,1,5,2,1,1,3,3,4,4,4,4,1,5,2,3,1,4,4,5,1,3,5,1,2,4,4,3,4,2,3,3,3,4,2,4,2,3,4,3,2,5,5,1,3,3,4,1,3,4,4,2,4,2,4,4,2,3,3,2,5,1,2,1,4,2,5,2,2,1,3,3,3,2,2,4,1,1,5,5,4,3,4,4,4,2,5,3,4,4,2,1,3,1,2,3,2,2
917,31.2053,29.9718,1,3,2,3,3,3,1,2,2,4,3,3,1,1,3,1,4,3,5,3,3,3,2,5,3,2,5,3,4,5,5,3,4,3,5,4,4,4,5,4,2,1,5,4,3,2,4,3,4,5,4,3,2,5,3,3,3,1,4,4,5,3,2,5,3,2,5,1,4,2,3,5,4,5,4,5,2,3,1,3,3,2,3,4,5,5,3,3,3,2,2,4,3,4,5,5,1,3,2,3
918,31.5934,30.1165,2,4,4,4,3,2,5,5,1,1,4,4,4,3,1,4,3,4,3,5,1,5,5,3,2,3,4,2,5,4,5,4,2,1,1,5,3,2,4,2,4,5,2,5,4,3,4,1,5,4,2,3,2,5,2,2,4,1,3,2,2,2,1,1,5,4,3,1,2,2,4,1,5,2,2,1,2,4,2,4,3,1,5,2,4,1,4,4,3,3,3,3,5,5,1,2,2,2,2,1
919,31.421,30.073,1,2,2,1,4,5,2,3,3,1,1,3,3,3,4,1,3,1,1,5,1,2,1,5,5,3,5,5,4,3,1,4,5,2,2,4,5,3,5,4,1,3,3,1,1,4,5,5,1,1,2,5,3,4,4,1,1,5,2,1,5,5,5,1,2,5,4,2,3,5,5,3,1,3,3,3,2,4,3,4,1,3,2,1,1,5,2,4,1,2,4,2,2,4,5,4,4,1,2,5
920,31.0579,29.964,3,1,5,3,1,3,2,5,2,3,3,3,3,1,1,2,3,5,3,2,1,4,4,3,4,1,4,4,5,1,4,2,4,3,3,2,4,5,3,4,2,5,2,5,4,1,2,2,2,3,2,5,3,3,5,2,2,3,5,3,1,4,2,4,4,1,4,1,1,5,5,3,2,4,3,1,3,4,5,1,3,5,1,1,3,1,3,4,1,3,5,5,3,4,1,4,1,4,1,5
921,31.4203,30.0759,4,1,4,3,1,1,5,2,2,1,4,1,3,1,3,1,2,4,1,5,3,1,5,3,5,4,3,1,5,2,1,4,2,5,4,1,5,5,5,3,1,2,3,2,4,2,4,3,3,1,3,5,1,5,5,3,3,4,4,2,5,1,2,5,4,5,1,1,2,1,5,1,1,3,2,4,2,4,5,3,5,2,1,1,5,4,2,2,2,5,2,2,1,3,2,5,5,3,5,1
922,31.5806,29.9803,5,2,4,2,5,5,2,2,2,2,1,4,5,3,5,4,5,5,5,5,3,3,3,3,5,5,5,1,2,4,1,5,3,1,4,4,2,1,2,4,3,4,4,1,1,4,2,1,5,3,2,2,5,3,3,1,5,5,2,5,2,5,2,5,1,3,5,2,2,1,1,1,4,5,5,5,5,4,2,4,5,3,1,1,1,4,3,1,5,2,2,3,2,2,2,4,3,2,5,3
923,31.3527,30.0715,1,5,2,2,2,2,3,2,2,4,2,2,1,3,5,1,2,2,1,3,4,3,5,5,3,3,5,1,5,3,2,3,2,3,4,2,3,1,3,1,2,1,1,1,2,3,4,1,3,3,2,3,1,3,1,3,4,4,3,1,3,2,2,4,2,3,3,5,3,2,2,1,2,2,1,4,5,2,1,2,2,1,5,1,5,2,3,4,5,2,4,3,2,3,5,2,5,4,3,4
924,31.4942,29.9986,5,2,1,2,2,2,5,3,1,5,4,4,5,1,3,1,4,5,4,3,2,1,2,5,1,4,4,1,5,5,3,5,3,2,3,2,4,3,5,3,1,3,1,2,1,4,3,1,4,1,1,1,3,4,3,2,2,5,2,3,1,3,2,4,1,3,4,2,1,5,1,5,2,4,2,5,4,4,4,5,3,3,4,4,2,5,5,5,4,4,3,1,2,3,2,5,4,5,5,5
925,31.0149,30.1341,4,2,1,4,1,2,4,4,3,1,2,5,3,5,1,1,4,4,1,3,4,2,3,1,2,5,3,3,1,1,2,2,1,2,3,3,4,2,3,2,5,3,1,4,4,3,4,2,4,1,2,2,5,3,3,5,5,3,2,1,2,5,1,5,3,2,2,1,3,5,5,4,4,3,4,1,4,2,2,2,2,3,2,3,4,3,3,5,5,4,2,5,1,3,4,4,5,4,2,5
926,31.4661,30.0685,4,5,2,5,1,1,2,3,4,3,3,3,5,1,3,2,5,4,5,4,4,1,1,1,4,2,1,2,5,2,5,1,5,3,4,5,2,5,2,1,1,4,5,5,5,4,3,2,4,2,5,4,3,2,2,2,1,5,3,5,1,5,1,5,5,5,2,1,5,4,4,2,2,1,4,3,2,4,1,4,4,3,4,2,2,1,4,2,4,2,4,4,3,4,2,5,5,1,1,3
927,31.1337,29.9037,1,3,2,3,5,1,5,5,1,4,3,2,4,4,2,1,5,2,2,2,4,3,2,1,4,1,4,3,3,1,3,3,5,1,4,4,3,2,5,4,3,1,2,1,2,3,1,2,5,1,3,3,5,2,5,1,4,2,2,5,3,4,2,3,4,5,3,4,1,1,5,3,3,2,2,4,5,5,2,2,3,3,1,4,4,4,5,1,5,4,2,2,5,3,2,3,5,2,4,1
928,31.0941,29.9237,5,1,2,4,3,2,2,1,3,1,1,4,5,5,2,3,3,1,5,4,4,2,5,5,3,2,1,2,2,5,2,3,4,1,3,4,4,2,2,1,2,4,2,4,2,3,2,5,5,3,1,4,2,2,1,3,2,5,5,5,1,5,2,4,4,5,5,3,1,5,2,2,2,1,2,4,2,5,1,5,3,3,4,4,3,1,3,4,2,3,5,3,5,2,2,4,1,1,1,1
929,31.3591,30.1324,3,4,4,5,2,1,4,2,1,2,2,5,3,5,4,1,2,2,4,4,1,2,1,5,3,2,4,3,1,2,5,5,2,2,3,3,2,4,1,3,5,4,2,4,2,5,1,5,2,5,2,3,2,3,1,5,1,5,2,2,2,2,1,3,1,5,5,1,4,2,4,3,4,4,1,4,4,2,2,5,2,4,3,4,4,3,5,1,1,2,1,4,5,5,4,5,3,2,5,1
930,31.0827,30.1078,5,2,4,3,4,4,4,4,4,2,4,5,2,1,5,4,3,4,3,3,1,1,1,5,1,3,3,5,5,4,2,5,2,2,2,2,4,3,3,5,1,2,2,3,4,4,2,3,4,5,5,2,2,4,1,1,5,4,2,3,2,1,4,3,2,1,3,5,2,2,3,3,2,4,4,3,1,4,5,5,5,2,4,3,2,1,3,2,4,2,5,5,5,5,1,2,1,1,1,1
931,31.5605,29.9783,5,5,1,1,5,5,2,4,1,4,2,4,4,5,3,1,2,4,3,4,5,1,4,2,4,4,5,1,4,4,3,5,3,2,1,4,2,2,4,3,3,5,3,5,3,1,1,5,4,1,1,1,5,3,4,1,1,4,1,3,4,2,4,3,2,5,4,2,2,4,1,2,2,1,4,1,2,5,2,5,4,5,1,2,2,5,4,1,1,1,5,5,3,4,4,3,4,1,5,5
932,31.2941,29.9173,1,3,5,4,3,2,3,1,5,2,2,4,1,4,5,5,4,3,4,1,4,1,2,3,3,3,3,4,4,5,2,1,5,4,1,2,4,1,3,2,1,4,4,2,3,4,3,3,1,4,4,3,2,2,2,1,4,1,2,5,5,4,3,4,1,1,5,4,4,2,2,3,1,1,1,2,5,1,3,5,2,1,1,2,5,4,5,2,5,3,3,5,2,4,2,3,2,2,3,5
933,31.5622,29.9771,2,3,1,1,1,3,2,5,5,4,4,3,4,1,3,3,2,1,1,5,2,5,5,3,1,3,1,5,4,2,3,5,1,2,4,3,2,1,4,5,3,4,1,2,3,5,4,2,4,1,1,5,4,2,4,3,5,3,5,4,1,2,4,5,2,2,5,5,4,3,1,4,3,4,4,4,1,1,4,1,2,2,1,1,4,5,3,2,4,3,3,1,5,3,4,2,1,5,2,5
934,31.5334,30.0115,1,5,5,5,2,5,1,5,3,1,4,4,1,5,4,4,3,5,4,1,3,3,1,1,3,3,3,3,5,4,3,3,2,2,3,4,3,2,1,5,4,1,4,5,5,2,5,5,2,1,4,2,1,1,4,4,5,3,1,5,2,5,3,5,3,4,5,2,2,3,3,1,4,1,4,1,1,2,1,3,3,4,1,4,5,1,4,4,1,2,1,1,3,1,1,5,2,3,2,1
935,31.3928,30.1631,1,4,2,3,5,4,3,2,4,3,1,4,1,5,3,5,1,5,3,5,1,4,5,2,5,5,1,1,3,1,1,5,1,1,4,5,1,3,5,2,4,5,2,1,1,5,4,4,5,3,3,1,3,4,4,4,4,3,5,3,4,1,2,1,1,3,1,4,2,1,4,3,3,2,1,1,4,2,2,1,1,4,5,2,1,5,1,4,4,3,2,3,4,5,2,1,3,2,3,4
936,31.0365,30.1055,4,5,4,5,2,5,5,3,4,3,4,4,4,1,5,4,4,4,5,5,3,3,3,4,4,4,2,3,1,1,2,3,4,3,1,2,1,1,2,3,2,1,2,4,3,3,2,1,2,4,3,2,5,1,1,2,2,4,5,1,2,5,1,2,5,4,1,5,3,1,2,3,2,1,3,5,2,3,3,3,2,4,3,5,2,5,4,1,3,5,4,4,5,3,4,3,3,1,5,4
937,31.5087,29.9843,4,2,4,2,1,5,1,1,3,1,1,1,3,4,3,2,2,5,2,4,5,3,1,1,3,5,2,3,2,2,5,2,2,1,5,4,3,4,3,2,3,5,3,2,5,3,4,3,3,4,4,5,4,4,3,2,2,5,4,3,2,4,4,3,3,5,5,4,2,3,5,5,1,3,2,4,2,1,5,3,1,4,1,4,1,1,3,3,4,4,1,2,3,1,3,5,4,2,5,2
938,31.2858,30.1743,1,4,2,1,5,2,5,4,4,3,4,3,4,3,5,3,2,1,1,2,5,3,5,3,1,2,5,4,4,5,5,4,4,1,4,2,1,3,5,1,2,5,1,4,4,4,2,4,1,3,2,1,4,2,4,4,5,1,1,1,3,2,3,3,2,5,1,3,4,5,1,2,3,3,4,1,1,1,5,2,3,1,4,1,3,5,3,5,5,2,2,4,1,2,3,4,5,1,2,1
939,31.1713,30.1604,3,1,2,4,3,3,4,2,5,3,3,3,1,5,4,4,4,1,3,4,1,3,3,3,2,2,1,1,1,5,4,3,1,5,2,2,4,3,3,1,4,5,5,4,1,2,3,4,3,2,3,1,5,4,2,2,3,5,4,4,3,1,3,1,3,1,2,5,1,1,5,5,5,4,4,5,1,3,1,5,1,5,1,1,3,1,3,5,1,5,4,4,4,1,4,4,5,1,3,3
940,31.5078,30.0916,3,1,4,5,3,2,3,3,5,5,5,5,2,3,5,4,4,3,4,5,1,3,2,5,1,5,2,4,4,4,5,4,4,2,5,2,5,3,2,1,3,2,3,2,1,5,4,1,4,3,4,3,5,5,2,5,3,2,2,4,2,3,2,5,5,4,3,5,1,5,2,4,5,1,2,5,4,1,2,4,3,1,5,3,4,5,5,4,2,2,3,2,3,1,1,4,5,3,3,4
941,31.5504,30.0208,3,4,4,4,1,1,2,3,1,1,5,2,2,1,1,2,4,3,4,2,4,2,2,2,5,4,2,1,5,5,5,5,4,1,5,2,1,5,2,3,3,3,4,3,5,3,1,3,1,5,3,1,3,1,5,1,2,5,2,2,5,2,4,3,4,4,2,1,2,1,3,2,1,5,5,5,2,4,3,2,5,5,2,2,5,5,4,4,5,2,5,5,1,1,4,1,3,1,1,1
942,31.2975,29.9547,3,3,3,2,1,1,4,5,5,2,3,1,1,5,5,1,4,1,2,1,3,5,3,4,3,1,3,1,4,4,4,3,3,4,5,5,2,5,4,4,1,3,1,1,3,1,3,1,4,1,3,1,1,5,5,5,4,3,5,3,2,2,5,5,3,3,1,5,1,4,4,2,1,3,4,5,4,3,5,3,1,1,1,5,4,1,3,3,5,3,1,5,5,2,4,3,5,2,4,3
943,31.1427,29.9648,2,2,4,1,4,4,2,4,4,1,4,5,1,4,3,1,4,5,3,4,3,1,3,3,5,2,1,2,2,5,3,3,3,5,1,3,5,2,1,4,3,5,3,4,1,5,5,3,2,4,5,4,3,4,2,5,1,4,4,3,2,5,1,3,3,2,2,5,5,3,5,4,1,5,1,5,5,4,3,3,4,5,2,5,2,1,1,1,5,4,5,3,1,3,2,3,3,1,4,3
944,31.0595,30.076,4,5,2,3,3,2,1,2,1,3,3,5,2,1,4,2,2,3,1,4,4,1,2,2,5,3,2,1,2,2,2,2,5,5,1,2,1,3,5,1,4,4,4,1,1,2,3,5,5,2,5,5,3,2,5,3,3,1,4,2,4,2,5,3,1,3,2,4,4,5,3,3,1,2,5,1,2,2,5,3,4,4,2,4,5,4,1,5,2,5,2,5,1,1,5,5,5,2,3,4
945,31.4946,30.0013,4,4,2,5,3,4,5,5,3,2,2,5,1,3,1,3,3,3,2,4,2,5,2,2,5,3,4,2,1,4,3,4,3,4,1,2,4,2,5,1,5,5,3,3,2,1,5,2,4,3,5,3,3,1,1,2,2,3,3,2,5,2,4,4,4,2,4,5,2,3,1,5,4,3,5,5,2,3,4,4,1,2,1,3,2,3,4,2,3,1,4,1,1,1,2,2,5,3,2,2
946,31.3795,30.0407,3,3,5,5,4,3,1,3,1,1,3,4,3,5,5,3,5,2,2,2,1,2,5,3,1,4,2,3,3,1,2,2,3,2,3,2,5,5,2,4,4,2,3,2,3,3,1,1,2,3,3,3,1,4,3,2,4,2,4,4,1,1,4,1,4,2,2,5,4,1,5,5,5,5,3,1,4,2,5,3,3,4,4,1,3,2,5,1,5,4,1,3,3,4,1,4,2,3,2,5
947,31.4113,30.1811,1,5,1,3,2,4,4,2,3,1,1,1,2,2,1,4,5,1,3,5,2,4,3,1,3,2,2,2,2,3,2,5,1,4,1,2,2,3,1,5,1,1,2,2,2,2,4,3,3,2,2,1,5,5,1,2,3,4,2,1,4,5,5,1,2,3,5,4,4,1,5,5,1,3,4,3,4,1,3,5,4,1,2,1,4,3,4,3,2,1,5,5,2,4,1,5,1,1,3,3
948,31.142,29.9779,2,3,5,5,4,1,2,1,5,5,4,4,5,1,5,5,2,5,4,4,2,2,3,2,3,5,5,3,3,1,2,1,2,4,3,4,4,1,5,2,2,3,1,5,3,3,5,4,2,1,3,4,3,1,3,4,3,4,2,4,3,2,1,3,2,2,3,3,5,2,2,2,5,1,1,3,2,5,3,3,4,5,2,1,1,2,5,5,2,2,2,2,4,1,4,4,5,5,5,2
949,31.453,29.9796,4,2,2,5,3,5,5,2,3,3,4,1,1,1,3,1,3,5,4,1,5,2,2,1,5,2,4,2,3,1,1,5,5,5,4,4,3,4,5,2,3,5,4,5,5,4,3,4,5,3,4,1,5,5,5,4,3,4,2,5,4,1,5,2,4,5,1,4,3,5,3,3,1,4,2,3,2,4,1,1,2,4,5,1,3,4,3,1,3,4,3,5,5,5,1,1,2,4,4,4
950,31.0698,30.0808,2,5,1,3,2,4,1,1,2,5,2,2,2,4,4,3,4,2,4,2,3,5,4,4,3,3,5,4,4,3,2,3,5,2,4,2,1,3,2,5,2,5,5,3,1,5,3,2,4,2,1,3,3,3,5,4,5,4,3,2,5,2,3,2,2,5,3,4,1,2,3,2,4,3,3,4,2,1,2,3,1,3,2,5,3,2,5,4,2,5,3,3,2,5,3,1,3,4,4,4
951,31.389,29.9579,3,2,2,3,1,3,2,5,2,5,4,1,3,4,3,3,3,3,2,4,1,2,3,5,4,4,1,2,4,1,4,2,2,1,3,3,2,5,4,2,5,1,3,5,2,5,2,5,1,3,3,4,5,2,1,5,1,3,3,1,2,3,1,1,1,3,5,3,1,4,2,2,5,5,3,3,1,4,1,1,2,5,3,1,1,5,1,5,5,1,5,2,1,3,3,5,3,1,5,4
952,31.0555,30.1049,5,4,2,2,5,2,2,3,4,4,1,4,1,1,1,1,1,1,4,5,2,4,4,5,4,1,2,1,1,1,1,2,3,3,1,5,4,2,4,2,3,2,1,4,2,1,3,1,4,3,1,5,3,1,1,3,2,3,3,5,5,2,2,1,4,5,3,2,5,2,3,5,1,3,1,2,4,5,2,2,1,1,2,3,5,4,1,4,4,4,1,1,1,1,4,2,5,5,5,2
953,31.17,30.0395,3,1,5,1,3,4,1,3,5,2,5,2,2,4,4,2,3,3,5,5,3,2,4,4,3,3,4,2,1,4,2,3,3,5,5,3,4,1,5,2,1,1,3,1,5,3,2,1,2,2,5,1,3,3,1,1,3,3,4,3,4,2,2,1,1,4,5,4,1,2,5,3,4,4,4,5,5,2,5,5,2,3,1,2,3,2,5,3,4,5,2,3,2,2,2,1,5,2,2,5
954,31.4361,29.986,5,4,4,1,5,1,4,3,2,3,1,3,4,4,1,5,3,1,3,2,5,5,3,3,2,2,1,5,3,3,2,3,1,1,1,3,5,4,1,2,5,5,5,1,1,5,4,1,2,3,5,2,2,3,1,1,5,2,5,5,4,4,4,5,3,4,4,4,3,3,2,4,4,5,4,2,4,5,5,1,4,2,3,5,5,3,5,1,1,5,2,2,5,1,3,5,1,3,5,3
955,31.3711,30.0855,5,1,1,5,4,4,5,2,4,3,1,2,3,1,4,1,5,5,2,2,3,2,4,5,1,4,5,3,3,2,5,2,5,5,5,5,3,5,1,4,3,5,5,4,3,1,3,2,2,1,2,1,4,5,1,5,1,5,5,5,2,2,1,5,5,2,2,3,5,5,4,2,2,3,1,5,2,3,4,5,2,5,5,2,3,4,5,1,2,1,5,4,4,2,2,1,4,5,1,4
956,31.3418,29.9427,3,5,1,2,1,1,4,1,4,2,3,5,3,3,2,2,5,1,5,1,3,1,1,5,2,1,3,4,2,4,3,4,3,4,5,3,5,3,5,4,4,1,3,4,3,4,4,3,5,2,2,2,2,4,5,1,4,2,1,1,3,5,5,2,1,1,4,5,4,3,3,5,3,2,5,1,2,5,1,5,4,4,4,4,4,4,2,2,1,1,3,4,2,3,3,2,2,5,1,2
957,31.4805,29.9378,2,5,5,4,4,1,2,3,3,4,3,4,3,4,3,4,2,5,3,4,5,5,1,4,4,4,5,4,4,2,4,5,5,3,1,5,2,2,2,5,5,5,2,1,3,4,2,5,5,2,5,1,1,2,5,3,1,1,1,3,5,4,1,5,1,1,5,4,4,5,3,1,5,2,2,3,5,2,3,2,4,3,4,5,5,4,1,5,5,2,3,3,2,1,2,1,2,3,3,2
958,31.5934,30.1703,2,2,3,3,1,4,4,5,3,1,4,1,5,2,5,1,3,3,2,2,1,4,1,3,1,5,4,2,1,4,5,5,5,1,5,5,1,5,3,4,2,5,3,2,5,4,1,3,1,2,5,3,5,1,3,4,3,5,2,2,3,1,3,2,5,3,4,2,3,1,2,2,2,1,2,5,2,1,5,3,2,4,2,4,5,4,2,1,2,5,5,2,3,4,2,2,1,5,1,4
959,31.5065,30.1379,4,5,5,5,3,2,4,1,5,1,5,5,2,4,3,3,3,1,3,5,2,3,1,5,1,2,3,3,4,1,1,4,3,5,1,1,2,1,2,4,2,3,3,4,5,5,1,5,4,1,4,1,4,2,1,3,3,1,3,4,2,4,3,2,2,5,3,2,3,1,3,4,5,3,2,2,2,5,2,2,4,5,2,1,5,3,5,1,2,4,5,4,1,2,3,4,2,4,5,4
960,31.2281,30.1847,4,3,1,4,3,1,3,2,4,2,4,5,5,2,4,4,2,1,3,3,4,5,1,4,3,5,5,3,4,2,4,3,2,4,4,3,5,2,5,1,4,5,2,5,5,1,2,1,2,5,5,3,2,3,4,3,2,1,3,3,1,4,3,4,5,5,4,5,1,1,4,4,3,4,4,1,3,1,4,1,1,2,4,3,2,3,4,3,5,3,2,4,2,2,2,4,5,3,4,4
961,31.2446,29.937,3,1,4,1,3,1,1,1,1,1,2,5,2,3,5,4,5,3,3,2,1,2,5,4,5,3,5,3,3,5,2,5,5,2,3,5,4,1,2,1,1,3,5,3,3,4,1,1,4,4,2,2,3,4,5,4,4,3,5,5,1,1,3,5,3,4,2,2,3,4,5,1,1,3,1,3,2,2,1,5,3,3,4,5,3,5,5,5,1,3,5,3,4,2,3,5,1,4,2,1
962,31.5424,29.9799,1,2,4,1,5,5,2,5,2,3,3,2,1,1,5,2,2,1,1,4,3,3,3,3,2,2,1,2,2,5,1,5,4,5,3,2,3,2,3,5,4,4,3,1,5,1,3,3,4,2,1,2,5,1,2,3,4,1,5,2,5,2,4,2,1,5,5,4,3,3,4,3,2,4,3,3,1,5,3,5,5,4,4,4,3,2,2,1,3,4,1,2,2,5,1,3,3,4,4,4
963,31.4756,30.1052,1,3,3,4,3,4,2,3,4,1,2,2,2,3,5,2,2,3,5,3,5,4,1,4,4,2,3,4,4,1,1,5,3,5,1,3,4,3,5,5,3,3,4,3,1,4,4,5,4,1,1,2,4,3,1,1,3,3,4,5,1,4,1,3,1,4,4,4,3,5,1,4,5,5,1,2,5,1,5,5,3,3,5,1,4,2,3,5,3,1,4,5,5,4,4,2,1,5,2,4
964,31.5784,29.9767,2,2,4,4,1,2,3,4,5,4,1,5,1,4,4,4,1,4,2,3,4,3,4,2,3,4,4,3,4,4,2,1,4,2,2,5,2,4,3,5,2,3,2,4,2,1,5,1,5,1,5,1,2,4,3,4,5,2,5,1,5,2,3,2,2,1,3,1,4,2,5,3,3,5,2,5,1,5,2,4,5,5,4,2,4,4,3,2,2,3,4,3,2,3,2,4,1,4,5,3
965,31.5822,30.1525,4,2,5,3,3,4,1,2,5,5,4,4,5,4,2,4,3,4,3,2,3,5,3,4,3,3,2,5,4,3,5,4,3,3,2,5,1,2,2,1,1,1,5,5,3,3,2,4,3,4,5,5,4,5,4,3,2,5,2,4,5,1,4,4,3,4,5,5,5,4,3,3,4,5,3,3,2,1,5,2,4,5,3,4,1,3,5,3,4,4,5,4,5,3,3,4,2,3,5,5
966,31.2087,29.9416,4,5,2,4,5,1,1,2,1,5,4,3,5,2,5,3,5,3,2,3,1,2,5,4,2,3,5,1,4,5,4,1,5,1,2,3,1,1,5,1,2,4,4,5,5,4,5,4,5,1,5,2,3,3,1,5,2,4,1,4,3,3,5,2,5,2,5,5,2,3,1,2,5,4,3,2,1,3,5,4,5,2,4,2,5,4,5,5,3,3,1,4,2,2,4,3,5,4,2,1
967,31.2268,30.1642,1,5,4,5,5,3,3,4,5,2,5,3,5,2,1,1,2,4,3,1,4,5,2,5,4,5,5,2,3,5,4,2,5,5,4,1,1,5,1,4,1,5,2,4,5,3,4,5,5,3,5,1,5,1,4,1,4,3,4,2,5,1,5,1,3,5,5,3,3,4,3,5,5,4,4,2,2,5,2,5,4,2,5,3,2,4,4,4,3,1,3,2,1,3,3,1,1,1,2,5
968,31.3459,29.9222,2,5,2,5,4,3,4,5,1,2,5,4,5,5,2,4,4,2,2,3,1,5,2,2,1,1,2,5,3,1,4,3,4,1,4,5,3,2,1,3,2,5,2,4,2,4,2,3,1,3,4,1,1,1,3,5,5,2,3,2,4,5,3,2,2,5,3,2,3,1,2,3,1,1,3,1,2,5,3,1,2,1,3,2,3,2,2,1,1,1,3,2,1,1,2,5,4,3,5,4
969,31.1133,29.9503,2,5,2,2,1,5,3,2,2,5,2,1,4,4,4,3,2,1,1,1,4,3,5,5,5,3,4,4,2,2,5,5,4,4,1,1,5,5,3,1,4,5,3,1,3,5,3,2,3,4,4,4,1,5,2,5,1,4,3,3,2,4,5,4,3,2,3,3,2,3,1,5,4,1,1,5,3,2,5,3,2,5,4,1,2,5,2,2,2,4,4,3,4,4,5,4,3,4,4,1
970,31.3586,29.9011,5,3,4,1,4,5,5,5,4,3,5,5,4,4,2,4,5,3,2,5,3,4,1,5,1,4,4,4,3,1,4,2,4,5,5,3,4,1,4,1,1,4,5,5,1,5,5,4,1,3,1,4,5,5,1,5,3,2,5,1,5,2,4,2,3,5,5,3,2,5,3,2,5,5,5,2,1,3,2,5,3,5,2,2,4,2,5,4,5,5,1,2,5,5,3,5,1,2,1,5
971,31.4969,29.9241,5,1,3,3,5,1,2,4,4,2,2,1,5,2,2,5,5,4,4,5,4,3,5,2,3,2,5,5,5,2,4,5,1,2,1,3,4,4,3,3,2,5,1,5,1,1,3,1,1,2,5,2,4,4,5,3,1,3,3,3,3,5,3,2,5,5,1,4,1,3,2,5,5,2,1,3,1,3,2,4,2,3,1,1,2,2,3,5,5,3,2,4,5,3,5,1,2,1,4,4
972,31.1185,30.015,3,1,1,1,1,4,1,1,2,5,1,3,3,5,4,5,1,3,2,4,4,4,4,1,2,1,1,5,4,4,5,2,3,5,2,2,5,5,1,1,4,5,4,3,4,4,1,1,5,3,4,4,4,1,1,5,2,5,1,4,1,2,5,3,3,5,5,4,2,4,2,2,1,5,1,2,5,1,1,4,5,3,3,5,1,5,1,1,1,4,1,5,3,5,4,2,4,4,5,1
973,31.1635,30.0308,2,4,2,3,3,4,4,3,4,5,5,5,2,1,3,3,1,3,4,4,4,5,3,5,4,2,2,5,3,2,2,2,5,4,2,3,2,4,5,5,1,1,4,5,5,4,2,2,3,4,2,2,5,1,5,5,1,2,5,1,5,1,5,3,5,4,3,1,2,5,4,2,5,1,5,3,1,2,5,4,4,2,2,5,2,1,2,3,5,4,5,5,3,2,2,2,3,1,3,2
974,31.3433,30.1411,2,3,3,2,4,5,3,5,1,4,5,1,2,1,3,5,5,4,4,5,2,3,3,5,4,5,3,5,5,4,3,3,2,3,1,4,2,3,2,5,1,3,5,1,4,4,3,1,2,2,3,3,4,5,5,5,5,3,3,3,4,2,4,5,2,2,5,5,2,1,5,1,4,2,4,4,4,5,4,1,4,2,3,5,5,4,2,5,3,2,1,2,2,2,5,1,3,4,1,5
975,31.1528,30.1559,5,1,2,5,4,3,2,1,2,4,4,5,1,4,1,4,5,3,3,4,3,1,4,5,2,4,5,4,5,4,4,4,3,2,3,5,4,5,2,5,5,5,1,2,2,3,3,5,1,4,1,2,2,3,3,4,4,3,4,3,2,1,5,3,4,1,4,3,5,5,3,4,2,2,1,5,5,3,2,1,5,2,3,2,5,2,2,1,4,2,3,3,3,4,3,4,3,3,4,3
976,31.1129,30.0397,3,1,5,4,4,1,1,4,5,1,4,2,4,4,3,3,4,5,5,2,1,2,5,4,2,4,4,1,4,4,2,3,2,5,4,3,2,4,3,3,3,2,3,3,3,1,1,4,3,2,3,3,5,1,4,1,1,4,1,3,1,2,5,3,2,4,5,2,4,4,3,5,1,1,5,4,2,3,2,2,1,5,5,4,5,3,2,2,2,1,4,1,3,3,4,5,4,5,1,2
977,31.3414,29.9238,4,2,3,3,1,2,3,3,3,3,5,4,4,3,5,2,1,2,5,3,1,1,3,5,3,4,4,3,1,1,4,2,4,4,2,1,1,2,2,4,2,4,3,1,1,4,4,2,2,2,5,4,3,2,3,4,4,2,3,2,3,5,2,1,1,1,2,3,4,1,1,4,1,1,2,2,4,4,1,5,4,4,5,4,4,5,1,1,5,4,4,2,4,2,2,3,3,2,5,5
978,31.2841,30.1505,2,2,2,1,3,2,2,1,2,5,3,4,3,5,5,3,5,2,4,5,4,3,3,5,1,3,5,1,2,1,2,4,2,5,3,4,5,5,2,4,3,4,1,4,4,4,1,3,5,2,5,5,5,1,3,2,1,4,4,2,1,2,1,5,3,3,5,4,4,2,1,3,3,2,5,2,5,5,4,3,4,4,2,5,5,3,3,4,3,5,1,4,5,3,4,3,3,4,4,5
979,31.0918,30.1753,5,5,2,3,1,5,2,2,2,3,1,4,5,5,2,1,5,1,1,2,2,2,5,4,1,3,1,2,1,1,1,1,5,5,1,5,3,4,5,2,4,1,5,3,1,1,5,3,3,5,4,3,5,5,3,3,3,1,1,4,1,4,5,1,3,4,2,4,4,2,3,3,2,2,2,1,1,3,2,1,4,1,5,1,2,1,1,2,1,5,5,5,5,2,2,4,4,4,2,1
980,31.4083,30.1547,1,2,2,2,1,1,3,1,1,2,2,5,4,4,2,2,3,3,4,4,5,4,3,3,1,2,4,5,3,1,1,5,3,2,3,2,2,2,3,5,4,5,1,4,4,4,4,4,2,3,5,3,5,3,1,5,2,5,4,1,4,5,3,5,4,1,4,2,2,1,3,2,5,5,5,4,1,4,4,1,3,2,4,2,2,3,5,4,5,1,1,1,5,4,1,1,4,3,3,3
981,31.1605,30.0473,3,2,1,1,1,2,1,5,4,4,4,4,1,5,5,4,4,3,3,5,2,2,5,3,3,5,4,5,3,2,4,2,2,2,2,4,3,2,5,5,2,4,2,5,5,2,5,4,3,5,5,4,3,4,3,3,4,3,5,5,2,4,3,3,1,3,5,1,1,4,5,1,5,5,5,3,1,5,4,3,3,4,5,4,1,5,4,3,5,1,3,2,1,1,1,5,5,4,3,1
982,31.4513,29.9318,2,5,4,3,1,5,4,1,1,3,4,4,5,3,1,1,2,2,2,4,2,1,1,5,1,5,4,2,4,5,5,4,2,4,1,2,4,1,3,2,3,5,5,5,2,2,3,3,3,4,3,2,2,1,2,5,5,4,2,2,3,4,1,2,1,5,1,1,1,3,2,2,2,3,2,5,4,5,4,1,3,4,5,3,4,3,1,2,1,4,4,4,1,3,4,3,5,1,1,4
983,31.4913,29.9985,3,5,2,1,4,3,3,5,3,5,4,2,5,3,3,1,5,3,3,4,4,2,3,4,2,3,4,3,4,5,2,4,3,3,4,3,1,1,1,5,5,3,5,4,4,2,1,1,5,5,1,2,2,2,4,4,5,4,2,1,5,3,5,1,3,2,2,5,1,2,3,2,5,1,2,3,4,1,1,5,3,3,3,3,3,5,3,3,3,3,1,2,4,1,5,2,4,3,4,1
984,31.2882,30.1958,4,5,4,2,5,5,5,2,2,1,1,1,5,5,1,5,3,1,2,5,2,4,4,3,4,3,4,1,5,1,1,4,3,4,1,5,2,3,2,2,2,2,5,3,1,4,3,5,5,1,3,1,1,3,2,2,5,1,3,3,4,2,4,5,1,1,1,2,1,4,3,4,5,3,1,4,2,5,4,1,5,3,2,4,4,2,2,5,5,1,4,3,2,2,1,1,2,5,2,1
985,31.079,29.9253,2,3,2,5,2,4,2,5,3,5,2,3,3,2,2,2,4,1,4,2,2,5,1,4,4,5,5,1,3,4,3,1,1,3,3,3,3,1,5,1,4,2,1,2,2,2,3,4,3,1,2,5,3,3,4,1,5,3,5,1,3,1,3,1,2,2,2,4,4,5,4,2,4,2,5,3,4,5,3,2,5,2,3,5,4,2,4,1,2,4,1,4,1,1,3,1,5,3,3,4
986,31.3205,30.0233,5,5,4,4,3,5,4,1,3,5,1,3,4,5,5,1,4,3,1,1,5,5,2,3,1,5,5,1,3,4,5,2,4,4,3,4,4,5,4,4,4,3,1,3,1,3,1,4,1,1,3,1,4,4,1,2,5,3,4,4,5,1,5,1,4,5,5,2,1,1,5,4,2,4,4,1,4,3,3,3,3,1,3,3,3,5,1,1,4,2,3,4,3,2,4,1,4,5,1,2
987,31.0046,30.0,1,5,2,5,2,5,4,4,1,5,1,5,1,3,1,5,5,3,2,5,2,4,5,1,2,3,3,4,3,1,1,4,3,3,1,3,4,2,4,1,4,2,2,2,3,4,2,4,3,4,4,2,2,2,4,3,1,4,5,2,4,3,5,4,5,3,2,2,5,2,2,5,4,3,5,4,3,1,4,2,5,3,5,2,2,5,5,5,5,3,4,3,5,2,4,2,4,5,2,4
988,31.2174,29.9605,3,5,5,4,3,1,4,3,1,5,4,1,2,1,2,5,5,5,2,1,2,2,2,4,3,4,3,2,4,1,4,3,4,2,5,3,3,4,4,5,2,4,5,5,5,1,1,2,5,2,4,3,1,2,1,1,3,4,2,4,4,4,5,2,5,5,4,3,2,2,1,3,1,3,2,5,1,1,5,5,5,3,1,3,2,1,5,3,4,4,1,1,5,5,4,4,1,4,1,2
989,31.5345,29.9962,5,5,3,1,2,1,4,4,2,3,2,5,4,2,4,3,4,5,5,4,3,3,3,5,4,1,1,4,4,2,3,1,2,4,5,5,3,4,4,2,4,5,1,5,3,4,2,5,1,4,4,2,3,5,5,1,2,4,2,4,2,5,2,5,1,2,3,2,2,3,2,1,4,3,5,5,2,4,5,5,1,2,2,4,1,3,2,2,3,3,3,4,3,2,3,5,2,1,5,3
990,31.4538,30.1794,4,5,2,5,2,3,5,3,4,2,5,1,3,1,5,1,5,3,2,5,3,5,1,3,2,4,5,5,2,3,4,2,2,1,5,4,2,5,3,5,2,5,3,3,5,3,4,1,2,5,1,4,2,5,2,5,3,1,5,3,4,5,5,4,5,2,2,4,5,5,3,3,4,3,5,1,2,1,3,3,3,5,4,1,3,3,5,3,1,1,3,1,1,5,5,3,4,1,4,2
991,31.2497,30.0378,3,2,3,2,2,3,1,2,3,4,1,2,1,2,2,4,4,2,2,2,1,2,1,1,4,4,4,5,4,1,4,1,5,1,5,5,1,1,5,2,2,5,5,4,2,5,3,2,3,5,1,2,4,2,1,4,3,2,3,4,3,3,5,3,3,4,5,4,1,1,2,5,1,1,4,4,2,3,2,4,4,1,2,5,4,4,3,5,3,5,1,3,4,2,1,5,5,5,2,4
992,31.5133,30.1064,3,4,4,5,4,3,3,1,1,3,2,3,1,3,2,2,4,4,4,4,4,1,3,3,3,3,5,4,4,1,5,5,2,3,5,4,2,2,1,3,1,3,5,5,2,5,2,3,4,2,4,4,2,3,2,2,1,2,3,5,2,5,4,2,2,5,4,3,2,2,3,3,5,4,3,5,5,2,4,2,3,2,1,1,3,1,2,1,1,4,1,4,1,4,5,3,4,4,3,1
993,31.4323,30.0142,4,2,1,3,1,4,2,3,5,4,1,3,3,4,5,5,1,2,3,2,1,1,3,3,1,3,1,2,5,4,4,1,2,1,4,4,4,5,2,2,5,4,5,3,4,2,3,2,1,4,1,3,4,5,5,4,5,5,5,4,3,4,2,1,5,2,5,5,2,1,5,1,2,3,5,5,3,5,4,5,1,5,5,5,3,5,1,5,5,3,3,2,4,4,4,4,3,1,1,3
994,31.1553,30.07,5,5,1,1,4,1,4,3,5,4,3,3,2,1,1,2,1,3,2,5,5,1,5,2,1,3,2,4,1,2,4,1,2,3,5,4,3,2,3,3,1,1,3,5,1,2,5,3,5,1,5,5,3,5,2,3,1,4,2,2,3,4,3,3,3,2,1,3,5,1,5,2,4,2,2,5,1,1,2,5,3,4,1,4,5,3,1,2,1,2,1,2,1,1,2,2,2,3,4,5
995,31.3518,30.1355,1,1,5,4,1,3,3,3,1,2,4,1,4,5,4,4,2,4,3,5,4,5,5,1,5,5,4,5,1,1,4,2,3,2,5,5,4,3,4,1,4,1,1,5,3,4,3,1,3,2,5,4,2,3,2,3,1,2,1,1,1,2,5,1,1,2,3,3,1,5,4,2,5,4,4,5,2,4,1,1,2,4,4,5,2,2,4,1,5,3,2,4,5,5,5,1,4,3,4,2
996,31.5583,29.9163,5,1,5,4,4,1,5,3,5,2,2,2,2,2,3,3,4,3,2,3,4,4,1,4,5,3,3,1,2,1,1,4,3,1,1,3,2,2,4,2,4,5,4,3,1,4,5,5,5,1,3,2,2,2,1,4,3,1,1,4,2,4,2,5,4,2,5,2,3,1,1,5,3,3,5,4,3,4,4,5,5,1,1,3,4,4,1,2,5,5,1,2,4,4,5,2,1,2,1,2
997,31.2048,30.0308,4,3,4,2,5,2,5,4,2,2,4,4,5,1,1,2,3,5,1,3,5,5,2,1,3,3,1,1,2,5,5,1,4,5,1,2,5,2,4,5,5,2,3,2,1,5,3,5,1,1,1,5,1,2,4,2,2,4,1,2,1,2,2,2,5,2,5,3,1,2,2,2,4,4,2,1,5,3,4,5,4,5,2,3,2,5,3,4,2,3,3,5,2,4,3,4,3,5,2,2
998,31.293,30.137,2,3,3,4,2,2,1,3,2,4,2,4,3,1,2,5,1,2,2,1,2,2,1,1,2,4,2,2,1,5,1,1,4,4,5,4,5,3,1,5,5,4,4,1,3,1,4,3,4,1,2,5,2,4,1,4,2,1,4,2,3,1,3,4,5,3,4,3,4,4,3,2,1,2,1,1,5,3,1,5,4,4,2,3,1,3,4,4,2,2,3,3,4,2,4,1,2,4,2,2
999,31.1607,30.111,3,1,2,2,2,1,1,3,4,1,2,4,5,4,3,4,1,3,1,4,2,4,5,4,2,4,2,1,5,5,4,2,4,2,3,1,3,3,4,2,5,2,4,3,3,4,2,5,1,1,4,4,4,4,4,5,4,2,1,1,4,3,4,5,2,2,4,4,3,2,4,3,3,5,1,3,4,2,3,2,1,5,3,1,5,3,2,1,3,1,1,4,4,5,2,5,2,4,4,4
1000,31.2357,29.9531,5,3,4,3,3,5,3,3,2,5,4,5,2,1,4,1,2,5,3,4,1,4,3,5,1,5,5,2,3,2,1,2,4,2,2,5,5,2,4,1,1,4,1,4,2,2,5,1,3,4,4,1,5,2,2,2,1,2,4,2,3,2,2,5,2,5,5,1,2,4,5,2,1,5,4,1,5,4,3,2,2,3,5,1,5,5,2,3,3,1,2,3,4,5,5,2,1,1,3,1
